{
"type": "FeatureCollection",
"name": "downstream_corridor",
"crs": { "type": "name", "properties": { "name": "urn:ogc:def:crs:OGC:1.3:CRS84" } },
"features": [
{ "type": "Feature", "properties": { "name": "Modeled downstream runoff corridor", "model": "D8 modeled overland flow", "buffer_m": 40 }, "geometry": { "type": "Polygon", "coordinates": [ [ [ -78.085433204537424, 39.286451925748366 ], [ -78.085433287797827, 39.286455764589242 ], [ -78.08542959361948, 39.286490991806495 ], [ -78.085421473982251, 39.286525768079613 ], [ -78.085410371964826, 39.286556037142368 ], [ -78.085410337982154, 39.286556182860622 ], [ -78.085398116834043, 39.286589503197888 ], [ -78.085397653696248, 39.286600667190754 ], [ -78.085393959487945, 39.286635894405158 ], [ -78.08538583981202, 39.286670670673729 ], [ -78.085373373011691, 39.286704661037277 ], [ -78.085356678851369, 39.286737538060081 ], [ -78.085335918378789, 39.286768985159654 ], [ -78.085335515797681, 39.286769470815791 ], [ -78.085324860683798, 39.286790454929914 ], [ -78.085304100180196, 39.286821902022432 ], [ -78.085301435476779, 39.2868251171776 ], [ -78.085293600105459, 39.286836985883653 ], [ -78.085268973053786, 39.286866700228899 ], [ -78.085240716691246, 39.286894395621964 ], [ -78.08520910325754, 39.28691980538057 ], [ -78.085198921061405, 39.28692722368779 ], [ -78.085164254801725, 39.286950103098555 ], [ -78.085126869690384, 39.286970231711578 ], [ -78.085087125711425, 39.286987415850852 ], [ -78.085045405682905, 39.287001489889057 ], [ -78.085002111345503, 39.287012318311653 ], [ -78.084957659720146, 39.28701979688698 ], [ -78.084912478781817, 39.287023853548817 ], [ -78.0848911449864, 39.287024132996379 ], [ -78.084878499734145, 39.287034296720634 ], [ -78.084868317603338, 39.287041714999752 ], [ -78.084847953215743, 39.287056551642095 ], [ -78.084813286785447, 39.287079430851108 ], [ -78.08477590150558, 39.287099559434502 ], [ -78.084755144598233, 39.287108533980302 ], [ -78.084754172098329, 39.287111185429325 ], [ -78.084747620843771, 39.287124087037867 ], [ -78.084744366503941, 39.287138024550366 ], [ -78.084733263939725, 39.287168294248126 ], [ -78.084733230100966, 39.287168439249079 ], [ -78.084730406587369, 39.287176137134097 ], [ -78.084729259521779, 39.287187074173829 ], [ -78.084721139442522, 39.287221850288375 ], [ -78.084717635561717, 39.287231403196678 ], [ -78.084717486938715, 39.287232819765016 ], [ -78.084709366843242, 39.287267595968089 ], [ -78.084705862707906, 39.287277149319962 ], [ -78.084705714222721, 39.287278565351222 ], [ -78.084697594230576, 39.287313341555709 ], [ -78.084690541371174, 39.287332569928019 ], [ -78.084686139572185, 39.287351421691419 ], [ -78.084673672300141, 39.287385411869245 ], [ -78.084672335908564, 39.28738804365846 ], [ -78.084671032498392, 39.287400471212528 ], [ -78.08466291235554, 39.287435247409881 ], [ -78.084650444935491, 39.287469237670898 ], [ -78.084646618300482, 39.287476773485096 ], [ -78.084640321265496, 39.287503742227713 ], [ -78.084627853824131, 39.287537732395108 ], [ -78.084618577825026, 39.287555999688351 ], [ -78.084618366209355, 39.287556906053524 ], [ -78.084614862295211, 39.28756645895708 ], [ -78.084614713669012, 39.287567875525113 ], [ -78.084606593474007, 39.287602651715893 ], [ -78.084599540940815, 39.287621879188592 ], [ -78.084595138825676, 39.287640731840256 ], [ -78.084582671334317, 39.287674722000368 ], [ -78.084576119989833, 39.287687623595012 ], [ -78.084572865583183, 39.287701561099254 ], [ -78.084569361531209, 39.287711114177831 ], [ -78.084569213026896, 39.287712530568655 ], [ -78.084561092788363, 39.287747306754021 ], [ -78.084557588739628, 39.287756859652028 ], [ -78.084557440231166, 39.287758276132806 ], [ -78.084549319980169, 39.287793052316708 ], [ -78.084545815792694, 39.287802605661206 ], [ -78.084545667302521, 39.287804021691983 ], [ -78.084537547154852, 39.287838797877306 ], [ -78.084534042963128, 39.287848351221243 ], [ -78.084533894468834, 39.287849767341982 ], [ -78.084525774196607, 39.287884543432938 ], [ -78.08452227012765, 39.287894096509227 ], [ -78.08452212162176, 39.287895512899901 ], [ -78.084514001333332, 39.287930289079355 ], [ -78.084510497260112, 39.287939842155104 ], [ -78.084510348757561, 39.287941258455739 ], [ -78.084502228456657, 39.287976034633722 ], [ -78.084498724386648, 39.287985587528908 ], [ -78.084498575876239, 39.287987004009487 ], [ -78.084490455562857, 39.288021780186 ], [ -78.084486951354123, 39.288031333527691 ], [ -78.084486802858279, 39.288032749648259 ], [ -78.084478682651948, 39.288067525736203 ], [ -78.084475178438964, 39.288077079077304 ], [ -78.084475029942723, 39.288078495197858 ], [ -78.084466909608111, 39.288113271281418 ], [ -78.084463405517894, 39.288122824354893 ], [ -78.084463257010043, 39.288124240745375 ], [ -78.084455136659216, 39.288159016917454 ], [ -78.084451632572225, 39.288168569810367 ], [ -78.084451484060253, 39.288169986290796 ], [ -78.084443363696948, 39.288204762461405 ], [ -78.084441220488756, 39.28821060522418 ], [ -78.084439074841796, 39.288231062812372 ], [ -78.084430954463457, 39.288265838981289 ], [ -78.08441848676388, 39.28829982911347 ], [ -78.084411935324326, 39.288312730694336 ], [ -78.084408680848696, 39.288326668190365 ], [ -78.084406537629576, 39.288332511042142 ], [ -78.084404391970352, 39.288352968538817 ], [ -78.084396271557125, 39.288387744703506 ], [ -78.08438921887489, 39.288406972156061 ], [ -78.08438481664146, 39.288425824793592 ], [ -78.084383729080088, 39.288428789736223 ], [ -78.084383586348366, 39.28843222887717 ], [ -78.084379891479799, 39.288467456026993 ], [ -78.08437177103778, 39.288502232188407 ], [ -78.084359303260868, 39.288536222310405 ], [ -78.084348563743518, 39.28855737113679 ], [ -78.084345208360659, 39.288589361813223 ], [ -78.084337087887505, 39.288624137880419 ], [ -78.084324620064976, 39.288658128086617 ], [ -78.084307925017356, 39.288691004916238 ], [ -78.084287163454633, 39.28872245178006 ], [ -78.084267506991026, 39.28874616760973 ], [ -78.084260980118941, 39.288763961183399 ], [ -78.084244285013853, 39.288796838001318 ], [ -78.08422352338907, 39.288828284851036 ], [ -78.084218743994981, 39.288834051176899 ], [ -78.084218760051996, 39.288834789922333 ], [ -78.084218441897065, 39.288842455364112 ], [ -78.08421474691157, 39.288877682502601 ], [ -78.08420662632841, 39.288912458645498 ], [ -78.08419415838371, 39.288946448831936 ], [ -78.084177463199197, 39.288979325636554 ], [ -78.084156701486194, 39.28901077247032 ], [ -78.084132073148595, 39.28904048651841 ], [ -78.084103815426502, 39.289068181576503 ], [ -78.084101668345681, 39.289069907225013 ], [ -78.084099970299718, 39.289074536421978 ], [ -78.084083275037756, 39.289107413209628 ], [ -78.084082571157978, 39.289108479298839 ], [ -78.084078332564886, 39.289120034661877 ], [ -78.084061637165036, 39.289152911442521 ], [ -78.084040875341515, 39.289184358340897 ], [ -78.084038210242852, 39.289187573724611 ], [ -78.084033815239138, 39.289194230625597 ], [ -78.084033689577197, 39.289195428679427 ], [ -78.084025568858578, 39.289230204803275 ], [ -78.084013100765176, 39.289264194873283 ], [ -78.083996405412691, 39.289297071644334 ], [ -78.083975643517775, 39.289328518437706 ], [ -78.083951015101903, 39.289358232441849 ], [ -78.083945628701869, 39.289363511490812 ], [ -78.083933958529414, 39.289381187652054 ], [ -78.083932125726434, 39.28938339898977 ], [ -78.083928776399276, 39.289392529637354 ], [ -78.083912080973803, 39.289425406393029 ], [ -78.083902950468897, 39.289439235858161 ], [ -78.08389076107909, 39.289463239145313 ], [ -78.083869999084257, 39.2894946859154 ], [ -78.083862261473897, 39.289504021140651 ], [ -78.083848439536666, 39.289531239199498 ], [ -78.083847735768302, 39.289532305199828 ], [ -78.083843496987612, 39.289543860638268 ], [ -78.083826801482573, 39.289576737378091 ], [ -78.083806039423067, 39.289608184133911 ], [ -78.083805636690926, 39.289608669960614 ], [ -78.083802765152711, 39.2896143247306 ], [ -78.083800857137774, 39.289619526108787 ], [ -78.083784161592931, 39.289652402840709 ], [ -78.083763399490323, 39.289683849587 ], [ -78.08374818108814, 39.289702210168173 ], [ -78.083748034545422, 39.28970260971851 ], [ -78.083739123615842, 39.289720157017484 ], [ -78.083737215458385, 39.289725358841338 ], [ -78.083720519856072, 39.289758235561528 ], [ -78.083699757691406, 39.289789682293701 ], [ -78.083699354830415, 39.289790168387043 ], [ -78.083688698856733, 39.289811151859091 ], [ -78.083667936661044, 39.289842598584208 ], [ -78.083662606735231, 39.289849029069394 ], [ -78.083658566818869, 39.289855147945573 ], [ -78.083654161455755, 39.28986382285207 ], [ -78.083652253422017, 39.289869024226974 ], [ -78.083635557742326, 39.289901900931483 ], [ -78.083624717605446, 39.289918319459382 ], [ -78.083621126881681, 39.289933695906008 ], [ -78.083608658564856, 39.289967685919926 ], [ -78.083599747316782, 39.289985233559101 ], [ -78.083597839271462, 39.28999043502273 ], [ -78.083588928264064, 39.290007982306662 ], [ -78.083587020086469, 39.290013184127112 ], [ -78.083570324338339, 39.290046060819115 ], [ -78.083549562014923, 39.290077507517395 ], [ -78.083547728941582, 39.290079719021861 ], [ -78.083544379649538, 39.2900888494772 ], [ -78.083527683861618, 39.290121726161281 ], [ -78.083515801288797, 39.290139723601982 ], [ -78.083512240224181, 39.29014943115147 ], [ -78.083495544405309, 39.290182307829546 ], [ -78.083494840381746, 39.290183374091356 ], [ -78.083490601621094, 39.290194929335051 ], [ -78.083473905780139, 39.290227806008986 ], [ -78.083453143355783, 39.290259252685551 ], [ -78.083450478306702, 39.290262467965633 ], [ -78.083442642337474, 39.290274336247656 ], [ -78.083440809255336, 39.29027654775004 ], [ -78.083437459938608, 39.290285678201165 ], [ -78.083420764049023, 39.290318554865287 ], [ -78.083400001572087, 39.290350001530037 ], [ -78.083375372419098, 39.290379715382208 ], [ -78.08334711395382, 39.290407410222301 ], [ -78.083315498089902, 39.290432819364653 ], [ -78.083305315283468, 39.290440237568404 ], [ -78.0833022525442, 39.290442258697063 ], [ -78.083311530913889, 39.290464661961664 ], [ -78.083321154044157, 39.290499205895657 ], [ -78.083321175874957, 39.290499353012486 ], [ -78.083323393901367, 39.290507314906442 ], [ -78.083324007799206, 39.290508413849047 ], [ -78.083337941814719, 39.290542058433161 ], [ -78.08334756496636, 39.290576602365448 ], [ -78.083352784528003, 39.29061171279757 ], [ -78.08335355018184, 39.290647051818098 ], [ -78.083353231912085, 39.290654717251599 ], [ -78.083349536338531, 39.290689944423143 ], [ -78.083341415068816, 39.290724720382229 ], [ -78.083329946659461, 39.290755983489412 ], [ -78.083333234020671, 39.290761868420702 ], [ -78.083347168083449, 39.290795513004504 ], [ -78.083356791270404, 39.29083005684619 ], [ -78.083362010728109, 39.290865167364522 ], [ -78.083362776497268, 39.290900506386834 ], [ -78.083359080795802, 39.290935733464188 ], [ -78.083350959606861, 39.290970509514679 ], [ -78.08333849082986, 39.291004499479612 ], [ -78.083321794702925, 39.291037376117821 ], [ -78.083301031946405, 39.291068822841865 ], [ -78.083276402481729, 39.291098536658836 ], [ -78.083248143556105, 39.291126231456666 ], [ -78.083216527433947, 39.291151640558788 ], [ -78.083181858393274, 39.291174519261467 ], [ -78.083144470312334, 39.291194647115638 ], [ -78.083104723434303, 39.291211830458401 ], [ -78.083091937287008, 39.291216143243069 ], [ -78.0831231786009, 39.291231779636355 ], [ -78.08315881898848, 39.29125373863139 ], [ -78.083191517940904, 39.291278306438507 ], [ -78.083201064295196, 39.291286219203919 ], [ -78.083230506921041, 39.291313159200463 ], [ -78.083256409634799, 39.291342211951246 ], [ -78.083278522856531, 39.291373097700856 ], [ -78.083296633795698, 39.291405518968304 ], [ -78.083310568065073, 39.291439163560256 ], [ -78.08332019118285, 39.291473707491384 ], [ -78.083320212931653, 39.291473853795353 ], [ -78.083328782843793, 39.291504616637077 ], [ -78.083334002320342, 39.291539727064482 ], [ -78.083334768061661, 39.291575066083155 ], [ -78.083331072289667, 39.2916102931542 ], [ -78.083322950988176, 39.291645069195752 ], [ -78.083310482053946, 39.29167905923925 ], [ -78.083293785734085, 39.291711935863596 ], [ -78.083273022750774, 39.291743382481513 ], [ -78.083248393020185, 39.291773096280238 ], [ -78.083220133795848, 39.291800791057874 ], [ -78.083188517345036, 39.291826200138004 ], [ -78.083153847948921, 39.291849078817187 ], [ -78.083116459489204, 39.291869206646538 ], [ -78.083076712212701, 39.291886389963409 ], [ -78.08303498885337, 39.291900463145502 ], [ -78.08301784340162, 39.291904750753723 ], [ -78.083034597456546, 39.291909888368963 ], [ -78.083075066436308, 39.291926022447313 ], [ -78.083113305447867, 39.291945161170652 ], [ -78.083148946300057, 39.291967120092735 ], [ -78.083181645565674, 39.291991687912343 ], [ -78.083211088347028, 39.292018627918885 ], [ -78.083236991294669, 39.292047680680369 ], [ -78.083259104826411, 39.292078566441312 ], [ -78.083277215918201, 39.29211098771485 ], [ -78.083291150181353, 39.292144632307583 ], [ -78.08330077348046, 39.292179176242826 ], [ -78.083305992972114, 39.292214286669299 ], [ -78.08330675868558, 39.29224962568432 ], [ -78.083303062839292, 39.292284852839053 ], [ -78.083294941428989, 39.292319628781691 ], [ -78.083282472341295, 39.292353618813749 ], [ -78.08326577582848, 39.292386495424246 ], [ -78.083245012614626, 39.292417942026027 ], [ -78.083220382618123, 39.292447655806491 ], [ -78.083192123095046, 39.292475350563898 ], [ -78.083160506315565, 39.292500759622087 ], [ -78.083125836564022, 39.292523638277764 ], [ -78.08308844772553, 39.292543766082289 ], [ -78.083048700050512, 39.292560949373268 ], [ -78.083006976276835, 39.292575022528638 ], [ -78.082963678181258, 39.292585850042329 ], [ -78.082963155613157, 39.29258593792504 ], [ -78.082938595047892, 39.29259655566436 ], [ -78.082896871233004, 39.29261062877849 ], [ -78.082853573100678, 39.292621456249691 ], [ -78.082846770127787, 39.292622600549564 ], [ -78.082842007738321, 39.292623791424418 ], [ -78.082817958372971, 39.292636738150208 ], [ -78.082778210583413, 39.292653921344005 ], [ -78.08273648670513, 39.292667994397959 ], [ -78.082708850936271, 39.292674905147798 ], [ -78.082708201406362, 39.292675185962061 ], [ -78.082666477502684, 39.29268925898986 ], [ -78.082623179287154, 39.292700086461956 ], [ -78.082578723829215, 39.29270756388668 ], [ -78.082533539129599, 39.292711619478027 ], [ -78.082488060529911, 39.292712214065538 ], [ -78.082399276718405, 39.292709987414106 ], [ -78.082353942002641, 39.29270711527645 ], [ -78.082309187908962, 39.292700804068176 ], [ -78.082270233450998, 39.292692175270346 ], [ -78.082270046962662, 39.292692148972485 ], [ -78.082267021455465, 39.29269147879446 ], [ -78.082261353132438, 39.292715748589345 ], [ -78.082248883588392, 39.292749738400005 ], [ -78.08223218637913, 39.292782614835495 ], [ -78.082211422585502, 39.292814061229052 ], [ -78.082186792131466, 39.292843774770034 ], [ -78.082158532047004, 39.292871469253278 ], [ -78.082150154741143, 39.292878201587534 ], [ -78.082135238723851, 39.2928961957548 ], [ -78.082106978597423, 39.292923890223733 ], [ -78.082075361115542, 39.292949298959854 ], [ -78.082065177806939, 39.2929567169436 ], [ -78.082030507484234, 39.292979595249193 ], [ -78.082010983817611, 39.292990105266611 ], [ -78.082010199646547, 39.292991051135459 ], [ -78.082005924410737, 39.29299946906751 ], [ -78.081996793404556, 39.293013297722787 ], [ -78.081992387617532, 39.293021972547081 ], [ -78.081990479361977, 39.293027173884404 ], [ -78.081973782075735, 39.293060050277326 ], [ -78.081953018079403, 39.293091496615972 ], [ -78.081928387414735, 39.293121210093233 ], [ -78.081922982916765, 39.293126506333209 ], [ -78.081910771176894, 39.293150550804064 ], [ -78.081901640254216, 39.293164379273023 ], [ -78.081889449086006, 39.293188383088186 ], [ -78.081868685011301, 39.293219829408351 ], [ -78.081844054147808, 39.293249542861226 ], [ -78.081841976048281, 39.293251579279087 ], [ -78.081840176196565, 39.293268731937388 ], [ -78.081832053804149, 39.293303507828327 ], [ -78.08181958381715, 39.29333749757533 ], [ -78.081802886369545, 39.293370373936391 ], [ -78.081782122198106, 39.293401820236745 ], [ -78.081757491230462, 39.293431533666698 ], [ -78.081729230844132, 39.293459228120803 ], [ -78.081697612978701, 39.293484636737986 ], [ -78.081687429551053, 39.293492054683611 ], [ -78.08165275884069, 39.293514932770194 ], [ -78.081620146469291, 39.293532488512156 ], [ -78.081620069824524, 39.293532539019253 ], [ -78.081607489969187, 39.293557307877691 ], [ -78.081586725648151, 39.29358875422691 ], [ -78.081562094533581, 39.29361846751906 ], [ -78.081551261827698, 39.293629083240241 ], [ -78.081541409103536, 39.293640968889903 ], [ -78.081513148433672, 39.29366866319134 ], [ -78.081481530510416, 39.293694071745399 ], [ -78.081480747791161, 39.293694641899485 ], [ -78.081469487646785, 39.293708225391626 ], [ -78.081441226920916, 39.293735919673217 ], [ -78.081438938579794, 39.293737758565996 ], [ -78.081438618554117, 39.293738144661894 ], [ -78.081410357803748, 39.293765838934952 ], [ -78.081378739799064, 39.293791247457648 ], [ -78.081368556177139, 39.293798665369145 ], [ -78.081358372668888, 39.293806083282576 ], [ -78.081338005642209, 39.293820919196484 ], [ -78.08132782212752, 39.293828337106973 ], [ -78.081317638494866, 39.293835755013582 ], [ -78.081307454975899, 39.293843172922102 ], [ -78.081272783964437, 39.293866050972987 ], [ -78.081246188037809, 39.293880367723389 ], [ -78.081236488696945, 39.293887433016636 ], [ -78.08120181764464, 39.293910310954523 ], [ -78.081164427525763, 39.293930438177647 ], [ -78.081124678730077, 39.293947620762971 ], [ -78.081104124030503, 39.293954553124578 ], [ -78.08108575827093, 39.293972550675669 ], [ -78.081077380370346, 39.29397928318398 ], [ -78.08106246408164, 39.293997276837359 ], [ -78.081034203193653, 39.294024971011325 ], [ -78.08102582528177, 39.294031703515451 ], [ -78.081010908968281, 39.294049697161157 ], [ -78.08100705867696, 39.294053470268999 ], [ -78.081004352495071, 39.294057568466656 ], [ -78.080979721076872, 39.294087281710816 ], [ -78.080959357833052, 39.294107236497936 ], [ -78.080952478718359, 39.294117654263424 ], [ -78.080927847256206, 39.294147367494702 ], [ -78.080899586137207, 39.29417506162816 ], [ -78.080897297767535, 39.294176900509086 ], [ -78.080896977736813, 39.294177286603279 ], [ -78.080891590962679, 39.294182565310251 ], [ -78.080879919044037, 39.294200241180299 ], [ -78.080855287405157, 39.294229954390687 ], [ -78.080827026335427, 39.294257648596727 ], [ -78.080824737721997, 39.294259487650216 ], [ -78.080824417933343, 39.294259873480016 ], [ -78.080802751256741, 39.294281105375497 ], [ -78.080790709356563, 39.294295631655807 ], [ -78.080786433645244, 39.294304049797063 ], [ -78.080765668611676, 39.294335495881114 ], [ -78.080741036990716, 39.294365209065994 ], [ -78.080712775707781, 39.294392903147063 ], [ -78.080681157165785, 39.294418311457569 ], [ -78.08067438718092, 39.294423242754945 ], [ -78.080673059742793, 39.29442525303584 ], [ -78.080648427934193, 39.294454966195161 ], [ -78.080620166577759, 39.294482660250608 ], [ -78.080588547961341, 39.294508068532792 ], [ -78.080578364151506, 39.294515486367246 ], [ -78.080562385524445, 39.294526029784087 ], [ -78.080547813052803, 39.294537739963424 ], [ -78.080537629350204, 39.294545157796868 ], [ -78.080527445529626, 39.29455257562639 ], [ -78.08051726182272, 39.294559993457874 ], [ -78.080507078113683, 39.294567411288355 ], [ -78.080497378363901, 39.294574476687025 ], [ -78.080477275893628, 39.29459417559999 ], [ -78.080445657059343, 39.294619583836152 ], [ -78.080435957060786, 39.294626649313322 ], [ -78.080415854681405, 39.294646348037212 ], [ -78.080384235917052, 39.294671756257664 ], [ -78.080363868316695, 39.29468659197893 ], [ -78.080353684573069, 39.29469400979454 ], [ -78.080343500827297, 39.294701427609162 ], [ -78.080333317079393, 39.294708845422825 ], [ -78.080323617415871, 39.294715910628376 ], [ -78.080303514616631, 39.294735609681695 ], [ -78.080272586291727, 39.294760462885179 ], [ -78.080252277035484, 39.294780364214645 ], [ -78.080220658035472, 39.294805772382681 ], [ -78.080210474259417, 39.294813190184406 ], [ -78.080200290481216, 39.294820607985145 ], [ -78.080190106697145, 39.294828025874907 ], [ -78.080179922798834, 39.294835443670763 ], [ -78.080169739014195, 39.294842861468545 ], [ -78.080168956390992, 39.294843431525749 ], [ -78.080157695682971, 39.294857014959113 ], [ -78.080129434084398, 39.294884708883153 ], [ -78.080098505030222, 39.294909562560413 ], [ -78.08007819616644, 39.294929463327215 ], [ -78.080075907746689, 39.294931302280034 ], [ -78.080075587711647, 39.294931688281643 ], [ -78.080047326050007, 39.294959382183073 ], [ -78.080016397056866, 39.294984235658809 ], [ -78.080002682935557, 39.294997674254532 ], [ -78.079982977164121, 39.295021444725968 ], [ -78.079954715313193, 39.295049138598884 ], [ -78.079952426890003, 39.29505097745897 ], [ -78.079952106849959, 39.295051363550179 ], [ -78.079923844974545, 39.29507905741454 ], [ -78.079892916000162, 39.295103910856277 ], [ -78.079872606893616, 39.295123811849336 ], [ -78.079856203462271, 39.295136993019142 ], [ -78.079848981124513, 39.29514407028195 ], [ -78.079839128135305, 39.29515595550167 ], [ -78.079835277722751, 39.295159728475461 ], [ -78.079832571423736, 39.295163826730978 ], [ -78.079829906013771, 39.295167041912471 ], [ -78.079822068848443, 39.295178909898183 ], [ -78.079797436406437, 39.295208622850375 ], [ -78.079775769721877, 39.295229854003381 ], [ -78.079756063323941, 39.295253624868522 ], [ -78.079745229848513, 39.295264240573253 ], [ -78.079735376824118, 39.295276125782692 ], [ -78.079724543341982, 39.295286741485192 ], [ -78.079714690191253, 39.295298626779669 ], [ -78.079693022967419, 39.295319858443293 ], [ -78.07967331700462, 39.295343628673784 ], [ -78.079645055014353, 39.295371322463524 ], [ -78.07962865184021, 39.295384503335704 ], [ -78.079610595218412, 39.295402196795202 ], [ -78.079590889319533, 39.295425967012406 ], [ -78.079562627143261, 39.295453660866386 ], [ -78.079554249037329, 39.295460393164241 ], [ -78.079539332028162, 39.295478386681708 ], [ -78.07953548158136, 39.295482159644102 ], [ -78.079532775251664, 39.295486257891319 ], [ -78.079508142575037, 39.2955159707722 ], [ -78.079479880448474, 39.295543664516003 ], [ -78.079471502204143, 39.295550396894185 ], [ -78.079456585157601, 39.295568390309292 ], [ -78.079452734701277, 39.295572163268538 ], [ -78.079450028363055, 39.29557626151346 ], [ -78.079425395734361, 39.295605974376812 ], [ -78.079403728325715, 39.295627205978683 ], [ -78.079384022171467, 39.295650976242129 ], [ -78.079380171702851, 39.295654749288587 ], [ -78.079377465360764, 39.295658847441516 ], [ -78.079374799544226, 39.295662063052092 ], [ -78.079366962493722, 39.295673930557129 ], [ -78.079342329794102, 39.295703643399833 ], [ -78.079314067408632, 39.29573133709436 ], [ -78.079297663844002, 39.295744518177791 ], [ -78.079297424416964, 39.295744752695057 ], [ -78.079294718062627, 39.295748850935652 ], [ -78.079270085189293, 39.295778563757679 ], [ -78.079248417802233, 39.295799795149222 ], [ -78.079228711541191, 39.29582356547192 ], [ -78.079200449057623, 39.295851259224811 ], [ -78.07919207087248, 39.295857991403075 ], [ -78.079177153678756, 39.295875984956339 ], [ -78.079170229734999, 39.295882769501318 ], [ -78.079149591036384, 39.295914022420845 ], [ -78.079142962570472, 39.295922017926792 ], [ -78.079154929796545, 39.295935441085263 ], [ -78.079177042602282, 39.295966327583265 ], [ -78.079195152660517, 39.295998749440749 ], [ -78.07920908559251, 39.296032394458685 ], [ -78.079218707275658, 39.296066938656303 ], [ -78.079223924994253, 39.296102049272704 ], [ -78.079223950952851, 39.296103251125963 ], [ -78.079227784730506, 39.296110114524346 ], [ -78.07923017750575, 39.296113456690485 ], [ -78.079248287622789, 39.296145878541331 ], [ -78.079262220605457, 39.296179523554223 ], [ -78.079271842330712, 39.296214067748409 ], [ -78.07927706008239, 39.296249178363055 ], [ -78.079277823571317, 39.296284517215859 ], [ -78.079277504793311, 39.296292182614053 ], [ -78.079273806709537, 39.296327409538335 ], [ -78.079265682608494, 39.296362185173003 ], [ -78.079253210760243, 39.296396174562069 ], [ -78.079236511316665, 39.296429050467019 ], [ -78.079215745033792, 39.296460496217421 ], [ -78.079191111859558, 39.296490209008894 ], [ -78.079162849196464, 39.296517902652177 ], [ -78.079131228998591, 39.296543310473105 ], [ -78.079121044846048, 39.296550728253663 ], [ -78.079086371773784, 39.296573605476198 ], [ -78.079048979740037, 39.296593731937755 ], [ -78.079009228806726, 39.296610913713913 ], [ -78.078967501739342, 39.296624985287202 ], [ -78.07892420057685, 39.296635811172621 ], [ -78.078912257997757, 39.296637819371369 ], [ -78.078909299700882, 39.296639098082373 ], [ -78.078867572598568, 39.296653169618359 ], [ -78.078824271401572, 39.296663995555285 ], [ -78.078779813092254, 39.296671471413354 ], [ -78.078734625698772, 39.296675525421662 ], [ -78.078719852587028, 39.29667571801226 ], [ -78.078689362179333, 39.296692129486502 ], [ -78.078649611112141, 39.296709311044054 ], [ -78.078607884033019, 39.296723382576047 ], [ -78.078564582761729, 39.296734208322988 ], [ -78.078520124382223, 39.296741684168964 ], [ -78.078474936938306, 39.296745737984011 ], [ -78.078429455670999, 39.296746330881021 ], [ -78.078419590297898, 39.296746083114293 ], [ -78.078414665385125, 39.29674577096678 ], [ -78.078409724924924, 39.296745835346698 ], [ -78.078393671030426, 39.296744817769699 ], [ -78.078379900116971, 39.29676142809106 ], [ -78.078351636914334, 39.296789121516952 ], [ -78.078335052996621, 39.296802446929135 ], [ -78.078332287030094, 39.296806635175315 ], [ -78.078329621609782, 39.296809850139624 ], [ -78.078321783869285, 39.296821718271914 ], [ -78.078297150192057, 39.296851430853387 ], [ -78.078268886919574, 39.296879124256208 ], [ -78.0782379564303, 39.296903977376182 ], [ -78.078217646446873, 39.29692387777051 ], [ -78.078186025846563, 39.296949285315989 ], [ -78.078175841425619, 39.296956702914414 ], [ -78.07816698140482, 39.29696315598904 ], [ -78.078146737018329, 39.296993810272475 ], [ -78.078122103320183, 39.297023522813944 ], [ -78.078093839907751, 39.297051216168292 ], [ -78.078062219088665, 39.297076623672858 ], [ -78.078052034748069, 39.297084041351994 ], [ -78.078041067623687, 39.297092029068352 ], [ -78.078029806248367, 39.297105612174917 ], [ -78.078001542765847, 39.297133305503877 ], [ -78.07799622006101, 39.29713758230514 ], [ -78.077992377055338, 39.297143401423888 ], [ -78.077967743121619, 39.29717311392465 ], [ -78.077963892491184, 39.297176886917349 ], [ -78.077961186004217, 39.297180985031041 ], [ -78.077936552159329, 39.29721069752695 ], [ -78.077908288592752, 39.297238390919816 ], [ -78.077905999804372, 39.297240229908482 ], [ -78.077905679985577, 39.29724061572896 ], [ -78.077894846035122, 39.297251231148984 ], [ -78.077884992283941, 39.297263116352852 ], [ -78.077881141647723, 39.297266889252434 ], [ -78.07787843514852, 39.297270987453828 ], [ -78.077875769565793, 39.297274202583147 ], [ -78.077867931820748, 39.297286070412113 ], [ -78.077843297782124, 39.297315782882016 ], [ -78.077815034135284, 39.297343476248791 ], [ -78.077783413197523, 39.297368883670579 ], [ -78.077773228672555, 39.297376301229384 ], [ -78.077763044261275, 39.297383718790115 ], [ -78.077752859847848, 39.297391136349852 ], [ -78.077732491010806, 39.297405971556415 ], [ -78.07772230647511, 39.297413389110318 ], [ -78.077687632529148, 39.297436265879583 ], [ -78.077650239647255, 39.297456391856294 ], [ -78.077625822055964, 39.297466945452108 ], [ -78.077612682810781, 39.297486840660625 ], [ -78.077588048707526, 39.297516553071731 ], [ -78.077559784881785, 39.297544246278825 ], [ -78.07753581768884, 39.297563503616288 ], [ -78.077529691516787, 39.297575563241317 ], [ -78.077508924116913, 39.297607008639957 ], [ -78.077484289925749, 39.29763672102532 ], [ -78.077456026009273, 39.297664414203318 ], [ -78.077424404679974, 39.297689821512982 ], [ -78.077414220182419, 39.297697239129711 ], [ -78.077413437265577, 39.297697809340235 ], [ -78.077402175791377, 39.297711392199474 ], [ -78.077380507474402, 39.297732622838936 ], [ -78.077380102814374, 39.297733110935511 ], [ -78.077364426922585, 39.297756846691264 ], [ -78.077361761540089, 39.297760061542817 ], [ -78.077353923404274, 39.297771929685126 ], [ -78.077329600000084, 39.29780126698013 ], [ -78.077329382888323, 39.297802196343163 ], [ -78.07731690981592, 39.297836185472335 ], [ -78.077300209097984, 39.297869061045077 ], [ -78.077279441502796, 39.297900506394214 ], [ -78.077276775991095, 39.297903721330492 ], [ -78.077268937943273, 39.297915589378576 ], [ -78.077244303421395, 39.297945301700899 ], [ -78.077238916076226, 39.297950580214462 ], [ -78.077227242574779, 39.297968255649678 ], [ -78.07722457705799, 39.297971470584542 ], [ -78.077216738993286, 39.297983338628377 ], [ -78.077192104428192, 39.298013050847629 ], [ -78.077181270251174, 39.298023666101393 ], [ -78.077171416262573, 39.29803555132478 ], [ -78.077143152056948, 39.298063244414372 ], [ -78.077125412210123, 39.298077497940184 ], [ -78.077113297891074, 39.298095840811335 ], [ -78.077088663237348, 39.298125553095034 ], [ -78.077070482807969, 39.298143366082435 ], [ -78.077060859035811, 39.298162310418597 ], [ -78.077051726467786, 39.298176138435849 ], [ -78.077039532695281, 39.298200141629366 ], [ -78.077018764878986, 39.298231586922313 ], [ -78.077003542774889, 39.298249946461134 ], [ -78.077003396173424, 39.298250346000337 ], [ -78.077000082070185, 39.298256869780083 ], [ -78.077003408100936, 39.298257889793533 ], [ -78.07703742286391, 39.298271451954676 ], [ -78.077068341683187, 39.298278301874788 ], [ -78.0771106534892, 39.298291278207728 ], [ -78.07715112456728, 39.298307414419959 ], [ -78.077189365210856, 39.298326555143539 ], [ -78.077225007209378, 39.298348516002939 ], [ -78.077257707135701, 39.298373085409146 ], [ -78.077267253705983, 39.298380998664548 ], [ -78.077296696651857, 39.298407940158633 ], [ -78.077322599259205, 39.298436994296786 ], [ -78.077344711956584, 39.298467881131089 ], [ -78.077358531048461, 39.298492621601731 ], [ -78.077378602876337, 39.29851513550166 ], [ -78.077400715621494, 39.298546022326796 ], [ -78.077407550349008, 39.298558258658971 ], [ -78.077409943223543, 39.298561600954152 ], [ -78.077416778282782, 39.298573837744563 ], [ -78.077419170825763, 39.298577179670865 ], [ -78.07742600523801, 39.29858941536348 ], [ -78.077428398551476, 39.29859275829989 ], [ -78.077446508387197, 39.298625180412152 ], [ -78.07746044091094, 39.298658825614531 ], [ -78.077470062004039, 39.2986933699245 ], [ -78.077475278844346, 39.298728480487149 ], [ -78.077476041370829, 39.298763819395582 ], [ -78.0774748358468, 39.298775299249336 ], [ -78.077475084358852, 39.298786815633292 ], [ -78.077473170335352, 39.298832808018389 ], [ -78.077469471139992, 39.298868034742824 ], [ -78.077461345896097, 39.298902810196466 ], [ -78.077448872657968, 39.298936799329248 ], [ -78.077441377611805, 39.298951553155945 ], [ -78.077448393011665, 39.298976741840214 ], [ -78.077453609965403, 39.299011852495624 ], [ -78.07745437247516, 39.299047191402408 ], [ -78.077454053466965, 39.299054856784466 ], [ -78.07745035424341, 39.299090083506336 ], [ -78.077442228841747, 39.299124858953242 ], [ -78.077439403973273, 39.299132556689258 ], [ -78.077438255468536, 39.299143493497454 ], [ -78.077430130056854, 39.299178268852799 ], [ -78.077417656742796, 39.299212258068387 ], [ -78.077400955703553, 39.299245133638301 ], [ -78.077380187706808, 39.299276578985356 ], [ -78.077355552832785, 39.299306291311929 ], [ -78.077327288154038, 39.299333984424543 ], [ -78.07732499951851, 39.299335823223885 ], [ -78.077324679443464, 39.299336209306333 ], [ -78.077319291990804, 39.299341487818729 ], [ -78.077307618255944, 39.299359163250415 ], [ -78.077297984309482, 39.299370782761443 ], [ -78.077296874842929, 39.299372966666311 ], [ -78.077276106755548, 39.299404412080982 ], [ -78.077273441058963, 39.299407627191371 ], [ -78.077265602953872, 39.299419494963168 ], [ -78.077265200117353, 39.2994199807627 ], [ -78.077254540488511, 39.299440963754584 ], [ -78.077245407775635, 39.299454791779596 ], [ -78.077233213818715, 39.299478794982988 ], [ -78.077212445669261, 39.29951024038354 ], [ -78.077209779965528, 39.299513455492153 ], [ -78.077201941837004, 39.299525323258614 ], [ -78.07720153887233, 39.299525809324948 ], [ -78.077190879333841, 39.299546792042278 ], [ -78.077170111147609, 39.299578237343475 ], [ -78.077145475957749, 39.299607949613971 ], [ -78.07711721118244, 39.299635642759476 ], [ -78.077085588803556, 39.299661049931515 ], [ -78.07708480586129, 39.299661620138735 ], [ -78.077073543986657, 39.299675202947938 ], [ -78.077045279043247, 39.299702895980658 ], [ -78.077013656723551, 39.299728303133683 ], [ -78.077003471759738, 39.299735720696503 ], [ -78.07699328691335, 39.299743138171252 ], [ -78.076983102064816, 39.299750555645026 ], [ -78.07697291721415, 39.299757973117813 ], [ -78.076941125384693, 39.299778947296147 ], [ -78.076933705528063, 39.299793552712757 ], [ -78.076924572703319, 39.299807380707726 ], [ -78.076912378569986, 39.299831383869765 ], [ -78.076905658261452, 39.299841558979971 ], [ -78.076905429897963, 39.299843733221245 ], [ -78.076897304233952, 39.29987850861562 ], [ -78.076884830523554, 39.299912497666128 ], [ -78.0768681290524, 39.299945373140403 ], [ -78.076847360596048, 39.299976818372208 ], [ -78.076822725123364, 39.300006530562136 ], [ -78.076811890805217, 39.300017145590481 ], [ -78.076802036215923, 39.300029030940308 ], [ -78.076791201528636, 39.300039646317657 ], [ -78.076781347179178, 39.300051531311311 ], [ -78.076772584782148, 39.300060116255416 ], [ -78.076770936966909, 39.300067168450823 ], [ -78.076758463156935, 39.300101157483255 ], [ -78.07674176157731, 39.300134032934537 ], [ -78.076720993004642, 39.300165478138652 ], [ -78.076696357524739, 39.300195190299377 ], [ -78.076668092212202, 39.300222883314774 ], [ -78.076636469400455, 39.30024829034636 ], [ -78.076626284439513, 39.300255707784132 ], [ -78.076616099476439, 39.30026312522093 ], [ -78.07660932851168, 39.300268056332435 ], [ -78.076608000962366, 39.300270066379554 ], [ -78.076583365280811, 39.300299778509782 ], [ -78.076555099996526, 39.300327471496935 ], [ -78.076534634450937, 39.300343914322127 ], [ -78.076521617031574, 39.300359614015512 ], [ -78.076493351586208, 39.300387306892674 ], [ -78.076461728752193, 39.30041271387384 ], [ -78.076460945915912, 39.300413283989208 ], [ -78.076449683671285, 39.300426866904452 ], [ -78.0764214181699, 39.300454559761754 ], [ -78.076390485888012, 39.300479411764755 ], [ -78.0763717035165, 39.300497813612438 ], [ -78.076366008168165, 39.300513332287032 ], [ -78.076349306182237, 39.300546207666386 ], [ -78.07632853730459, 39.300577652787247 ], [ -78.076303901508112, 39.300607364851281 ], [ -78.076275635874254, 39.300635057667506 ], [ -78.076244012732033, 39.300660464578435 ], [ -78.076233827669199, 39.300667881977574 ], [ -78.076219435240802, 39.300677376848249 ], [ -78.076218540809833, 39.300685892941821 ], [ -78.076210414569118, 39.300720668264439 ], [ -78.076197940355513, 39.300754657218825 ], [ -78.076181238343693, 39.300787532570638 ], [ -78.076160469314445, 39.300818977654828 ], [ -78.07613583324212, 39.300848689673408 ], [ -78.076107567553422, 39.300876382534518 ], [ -78.07607594423898, 39.300901789392434 ], [ -78.076065759122713, 39.300909206774591 ], [ -78.076031082869207, 39.300932082952571 ], [ -78.075993687620212, 39.300952208298014 ], [ -78.075953933468583, 39.300969388897315 ], [ -78.075912203210791, 39.300983459244328 ], [ -78.075868898916553, 39.300994283865833 ], [ -78.07582443758686, 39.301001758563871 ], [ -78.075785700436995, 39.301005232577332 ], [ -78.075796099115976, 39.301023849712159 ], [ -78.075810031240778, 39.301057495088422 ], [ -78.075819651772065, 39.301092039414407 ], [ -78.07582486799771, 39.301127150107085 ], [ -78.075825629647014, 39.301162488893397 ], [ -78.07582531043343, 39.301170154351524 ], [ -78.075824908521639, 39.301173980899428 ], [ -78.075824991223485, 39.301177819719612 ], [ -78.075824352803195, 39.301193150455802 ], [ -78.075820652581484, 39.301228377169544 ], [ -78.075812526065732, 39.301263152451732 ], [ -78.075801417238537, 39.301293420196679 ], [ -78.075801383227045, 39.301293565910797 ], [ -78.075788908695188, 39.3013275548971 ], [ -78.075772206342336, 39.301360430175002 ], [ -78.075751436948778, 39.301391875170147 ], [ -78.075748771103349, 39.301395090239176 ], [ -78.075740932503891, 39.301406957886606 ], [ -78.075735600444389, 39.3014133884652 ], [ -78.075719923480534, 39.301437123403097 ], [ -78.075717257751435, 39.301440338384182 ], [ -78.075709419017912, 39.301452206206058 ], [ -78.075699784745268, 39.301463825386087 ], [ -78.075698675069461, 39.30146600944898 ], [ -78.075677905609581, 39.301497454428095 ], [ -78.075653269083205, 39.301527166324746 ], [ -78.075647881331179, 39.301532444746897 ], [ -78.075636206786911, 39.301550119975424 ], [ -78.075626572248936, 39.301561739322395 ], [ -78.075625462692457, 39.301563923207361 ], [ -78.075604693165133, 39.301595368260585 ], [ -78.075580056571766, 39.301625080138834 ], [ -78.075551790344065, 39.301652772751602 ], [ -78.07553538489536, 39.301665952949705 ], [ -78.075517325566253, 39.301683645657228 ], [ -78.075497616427754, 39.301707415039829 ], [ -78.075469350017755, 39.301735107626818 ], [ -78.075461024854661, 39.301741796078069 ], [ -78.075459943831945, 39.301743923834721 ], [ -78.075439174173979, 39.301775368852731 ], [ -78.075414537444757, 39.301805080690094 ], [ -78.075410686412638, 39.301808853580894 ], [ -78.075407979584782, 39.301812951619986 ], [ -78.075407576844356, 39.301813437234827 ], [ -78.075396916255031, 39.301834420194311 ], [ -78.075376146543945, 39.301865865108574 ], [ -78.075370814414583, 39.301872295667444 ], [ -78.075355137218196, 39.301896030546011 ], [ -78.075352471215012, 39.301899245691381 ], [ -78.075344632608136, 39.301911113219475 ], [ -78.075334997970074, 39.301922732537982 ], [ -78.075333888398305, 39.30192491641948 ], [ -78.075313118626624, 39.301956361409985 ], [ -78.075303484215993, 39.301967980551218 ], [ -78.075302374519126, 39.301970164609401 ], [ -78.075281604722775, 39.302001609503037 ], [ -78.075271970061252, 39.302013228815305 ], [ -78.075270860485958, 39.302015412696043 ], [ -78.075255033971317, 39.302039373613603 ], [ -78.075256526136826, 39.302044731849591 ], [ -78.07526174212029, 39.302079842554591 ], [ -78.075262503466234, 39.302115181329299 ], [ -78.075262184180417, 39.302122846782289 ], [ -78.075258483603264, 39.302158073370791 ], [ -78.075250356675014, 39.302192848594331 ], [ -78.075237881812498, 39.302226837413805 ], [ -78.075221178850299, 39.302259712587443 ], [ -78.075200408920935, 39.302291157550613 ], [ -78.075175772014902, 39.302320869327374 ], [ -78.075147505220556, 39.3023485618195 ], [ -78.075117616037744, 39.302372574418001 ], [ -78.075113795215842, 39.302388923538885 ], [ -78.075112331501998, 39.30239291157347 ], [ -78.075109182270424, 39.30242288868444 ], [ -78.075101055229979, 39.302457663892241 ], [ -78.07508994572936, 39.30248793235215 ], [ -78.075089911861483, 39.30248807734894 ], [ -78.075077436745119, 39.302522066141876 ], [ -78.075068521861823, 39.30253961259988 ], [ -78.07506661266288, 39.30254481423416 ], [ -78.075049909652833, 39.302577689378673 ], [ -78.075029139549358, 39.302609134213341 ], [ -78.075026473745481, 39.302612349085145 ], [ -78.075018634751004, 39.302624216939066 ], [ -78.075016801061139, 39.302626428372427 ], [ -78.075013449981668, 39.302635558320638 ], [ -78.074996746919169, 39.3026684335453 ], [ -78.074975976763085, 39.302699878368131 ], [ -78.074951339494859, 39.302729590083636 ], [ -78.074947488384964, 39.302733362955728 ], [ -78.074944781491681, 39.302737460981113 ], [ -78.074927809203643, 39.302757929070836 ], [ -78.074923532346986, 39.302766346762894 ], [ -78.074902762011362, 39.302797791566938 ], [ -78.074902359381042, 39.302798277092535 ], [ -78.074899486413742, 39.302803931671271 ], [ -78.07489757732111, 39.302809133034764 ], [ -78.074885831448114, 39.302832251151557 ], [ -78.074886214623135, 39.302850040323833 ], [ -78.074884937292836, 39.302880701851571 ], [ -78.074881236459646, 39.302915928505442 ], [ -78.074873109234886, 39.302950703688325 ], [ -78.07486063391876, 39.302984692448611 ], [ -78.074851718916278, 39.303002238884531 ], [ -78.074849809686768, 39.303007440513802 ], [ -78.074833106453468, 39.303040315616933 ], [ -78.074812336105396, 39.303071760401885 ], [ -78.074802701210615, 39.303083379664955 ], [ -78.074801591601982, 39.303085563539675 ], [ -78.074792457898639, 39.303099391328409 ], [ -78.074780262407685, 39.30312339420604 ], [ -78.074759492009619, 39.303154838979346 ], [ -78.07475682617148, 39.303158053843461 ], [ -78.074748987065803, 39.303169921674218 ], [ -78.074724676839992, 39.303199238518573 ], [ -78.07471723263096, 39.303213890008898 ], [ -78.074696462172284, 39.303245334858424 ], [ -78.074696059167835, 39.303245820914334 ], [ -78.074685398260073, 39.303266803340833 ], [ -78.074664627774084, 39.303298248093306 ], [ -78.074661961802548, 39.303301463131888 ], [ -78.074654122790776, 39.303313330687729 ], [ -78.074651457061066, 39.303316545461868 ], [ -78.074643617799069, 39.303328413370984 ], [ -78.07464095121621, 39.303331629114346 ], [ -78.074633112690606, 39.303343495960185 ], [ -78.074623477966099, 39.303355115031259 ], [ -78.074622368223856, 39.303357299080865 ], [ -78.074601597681024, 39.303388743819589 ], [ -78.074601194798376, 39.303389229698034 ], [ -78.074590533711245, 39.303410212380562 ], [ -78.074569763137362, 39.303441657112209 ], [ -78.074560128395703, 39.303453275996965 ], [ -78.074559018642276, 39.303455460225805 ], [ -78.074538247924124, 39.303486904947675 ], [ -78.074528613163224, 39.303498524009285 ], [ -78.074527503415538, 39.303500708057761 ], [ -78.074506732784783, 39.303532152775652 ], [ -78.07448209500987, 39.303561864369556 ], [ -78.074453827533901, 39.303589556751689 ], [ -78.074425977852329, 39.303611930089247 ], [ -78.074424288929123, 39.303614486847458 ], [ -78.074399651205127, 39.303644198424024 ], [ -78.074371383550599, 39.303671890690381 ], [ -78.074364904707792, 39.303677095482627 ], [ -78.07435171131003, 39.30369706891414 ], [ -78.07434904530831, 39.303700283944245 ], [ -78.074341206196166, 39.303712151474613 ], [ -78.074316568285397, 39.303741863027604 ], [ -78.074288300553832, 39.303769555360638 ], [ -78.074270558516062, 39.30378380853962 ], [ -78.0742584425183, 39.303802150765449 ], [ -78.074234131854666, 39.30383146757849 ], [ -78.07422668746986, 39.303846119029643 ], [ -78.074217553547683, 39.303859946763659 ], [ -78.074205357715428, 39.303883949565872 ], [ -78.074184586703907, 39.303915394211799 ], [ -78.074159948767985, 39.303945105728438 ], [ -78.074154560710937, 39.303950384068266 ], [ -78.074142885359592, 39.303968059111142 ], [ -78.074127695977879, 39.303986376357095 ], [ -78.074116370488156, 39.304017231048128 ], [ -78.07410745490543, 39.304034777856444 ], [ -78.074105545723228, 39.304039979022527 ], [ -78.074094891324179, 39.304060948039854 ], [ -78.074095836577087, 39.304064342452733 ], [ -78.074101052063696, 39.304099453183014 ], [ -78.074101812783169, 39.304134791933478 ], [ -78.074098111452983, 39.304170018538514 ], [ -78.074089983659547, 39.304204793640082 ], [ -78.074077507708466, 39.304238782287293 ], [ -78.074060803791141, 39.304271657248769 ], [ -78.074040032706677, 39.304303101863198 ], [ -78.074015394449248, 39.304332813337147 ], [ -78.073987126466591, 39.304360505583979 ], [ -78.073970719112523, 39.304373686307699 ], [ -78.073963495924033, 39.304380762344557 ], [ -78.073953640331752, 39.304392647226905 ], [ -78.073942804877646, 39.304403261939093 ], [ -78.073941028736428, 39.304405403724175 ], [ -78.073939573571749, 39.304419253067898 ], [ -78.07393144566386, 39.304454028153046 ], [ -78.073918969585193, 39.304488016777427 ], [ -78.073902265528403, 39.304520891709863 ], [ -78.073881494293914, 39.304552336289355 ], [ -78.073878827993468, 39.30455555157036 ], [ -78.073870988822534, 39.304567418883856 ], [ -78.07386832264433, 39.304570633987517 ], [ -78.073860483466063, 39.304582501390108 ], [ -78.073835845145325, 39.304612212821119 ], [ -78.073807576863004, 39.304639904923341 ], [ -78.073775950973626, 39.304665311046172 ], [ -78.073765765055683, 39.304672728192941 ], [ -78.073731086154908, 39.304695603663788 ], [ -78.073693688219237, 39.304715728157795 ], [ -78.073661112883016, 39.304729804462625 ], [ -78.073650940615693, 39.304757516746029 ], [ -78.073634236247841, 39.304790391628586 ], [ -78.073613464805163, 39.304821836241388 ], [ -78.073589153369738, 39.304851153248698 ], [ -78.073581708865945, 39.304865804200134 ], [ -78.073569821073747, 39.304883800394677 ], [ -78.073566257773379, 39.304893507628194 ], [ -78.073549553446099, 39.30492638249811 ], [ -78.0735287819261, 39.304957827002212 ], [ -78.073504143211736, 39.304987538348101 ], [ -78.073475874639314, 39.305015230447466 ], [ -78.073444248573637, 39.30504063647065 ], [ -78.073436431994338, 39.305046328245133 ], [ -78.073425643652882, 39.305062659830483 ], [ -78.073422977068418, 39.305065875363411 ], [ -78.073415138002829, 39.305077742376078 ], [ -78.07341473522888, 39.305078227982541 ], [ -78.073404073498111, 39.305099210707922 ], [ -78.073383301858527, 39.305130655180847 ], [ -78.073358663019221, 39.305160366490526 ], [ -78.073330394437292, 39.305188058461958 ], [ -78.073298768123763, 39.305213464437074 ], [ -78.073288582074781, 39.305220881536542 ], [ -78.073278395904055, 39.305228298722078 ], [ -78.073243716571298, 39.30525117393934 ], [ -78.073206318199539, 39.305271298258482 ], [ -78.07316656091173, 39.305288477775733 ], [ -78.073124827650389, 39.305302546998313 ], [ -78.073081520283623, 39.305313370458023 ], [ -78.073070704454281, 39.305315188377932 ], [ -78.073063945760666, 39.305333600138965 ], [ -78.073047241084893, 39.305366474921748 ], [ -78.073026469199021, 39.305397919410645 ], [ -78.073001830112403, 39.305427630634284 ], [ -78.072973561164943, 39.305455322505559 ], [ -78.072967082050383, 39.305460527208417 ], [ -78.072953887897583, 39.305480500448382 ], [ -78.072951221641347, 39.305483715527686 ], [ -78.072943382200179, 39.305495582857155 ], [ -78.072918743042592, 39.305525294060118 ], [ -78.072897070490839, 39.305546524228461 ], [ -78.072877359209897, 39.305570293075917 ], [ -78.072854849932384, 39.305592342947492 ], [ -78.072853673080218, 39.305603540765937 ], [ -78.072854251027906, 39.305630412198639 ], [ -78.072853611854683, 39.305645742972338 ], [ -78.072849909777048, 39.305680969413118 ], [ -78.072841781148696, 39.30571574438968 ], [ -78.07282930428326, 39.305749732952393 ], [ -78.072812599388413, 39.30578260769154 ], [ -78.072811895278207, 39.305783673610037 ], [ -78.072807653557149, 39.305795228512672 ], [ -78.07279094864019, 39.305828103247698 ], [ -78.072770176496505, 39.305859547589179 ], [ -78.072745537130444, 39.305889258746255 ], [ -78.072717267888351, 39.305916950542496 ], [ -78.072685641134015, 39.305942356330249 ], [ -78.072675454797093, 39.305949773365825 ], [ -78.072665268570105, 39.305957190493338 ], [ -78.072633472605759, 39.305978163230051 ], [ -78.072626051133653, 39.30599276829976 ], [ -78.072616916474701, 39.306006596058253 ], [ -78.072604719809732, 39.306030598473129 ], [ -78.072599732220056, 39.306038148588122 ], [ -78.072596810973366, 39.306065943615586 ], [ -78.072588682164167, 39.306100718566071 ], [ -78.072576205101484, 39.306134707002485 ], [ -78.072559499987392, 39.306167581695441 ], [ -78.072538727632548, 39.306199025986274 ], [ -78.072514088043349, 39.306228737084631 ], [ -78.072485818680349, 39.306256428907488 ], [ -78.072454191569591, 39.306281834619149 ], [ -78.07244400527378, 39.306289251634226 ], [ -78.07243381897581, 39.306296668648308 ], [ -78.072423632675708, 39.306304085661402 ], [ -78.072413446257613, 39.306311502670624 ], [ -78.072410608211626, 39.306313374653968 ], [ -78.072404787533671, 39.306324829353024 ], [ -78.072384015056514, 39.306356273701091 ], [ -78.072359375344448, 39.306385984761405 ], [ -78.072331105859263, 39.306413676451314 ], [ -78.072299478620664, 39.306439082115517 ], [ -78.072289292285475, 39.306446499115381 ], [ -78.072260921869344, 39.306465212139969 ], [ -78.072255634392008, 39.306479615322957 ], [ -78.072238929038377, 39.306512489959417 ], [ -78.072218156431674, 39.306543934182102 ], [ -78.072215489852653, 39.30654714959536 ], [ -78.072207650290935, 39.30655901650713 ], [ -78.0721830105458, 39.306588727526588 ], [ -78.072154740791149, 39.306616419164158 ], [ -78.07213557107525, 39.306631817801808 ], [ -78.072135147130268, 39.306632652131626 ], [ -78.072114374439266, 39.306664096332106 ], [ -78.072101815834316, 39.30667923959124 ], [ -78.072100014660023, 39.306686944658857 ], [ -78.072087537357746, 39.306720933029922 ], [ -78.072070831746501, 39.306753807632987 ], [ -78.07205005898814, 39.30678525181898 ], [ -78.072025419092924, 39.306814962798512 ], [ -78.071997149177989, 39.306842654481059 ], [ -78.071965521621038, 39.306868060040948 ], [ -78.071955335187255, 39.306875477007388 ], [ -78.071945148751325, 39.306882893972862 ], [ -78.07193496231325, 39.306890310937348 ], [ -78.071900281708366, 39.306913185790734 ], [ -78.071880752503972, 39.30692369396904 ], [ -78.071872302502626, 39.30693388296438 ], [ -78.071844032482474, 39.306961574515121 ], [ -78.071812404816399, 39.306986980028775 ], [ -78.071802218349205, 39.306994396980421 ], [ -78.071792031879866, 39.30700181393108 ], [ -78.07178184540463, 39.307009230970763 ], [ -78.071771658930999, 39.307016647919447 ], [ -78.071761472339389, 39.307024064864251 ], [ -78.071751879322235, 39.307030392214145 ], [ -78.071739238641342, 39.307045634260973 ], [ -78.071710968522908, 39.307073325775221 ], [ -78.071679340873828, 39.307098731251457 ], [ -78.071669154260491, 39.307106148187259 ], [ -78.071653171386018, 39.307116690201411 ], [ -78.071638594751377, 39.30712839908751 ], [ -78.071628408245289, 39.307135816022303 ], [ -78.071611642445916, 39.30714687432819 ], [ -78.071599056381402, 39.307171641918323 ], [ -78.071598352241722, 39.30717270773804 ], [ -78.071594110221568, 39.30718426267331 ], [ -78.071577404375518, 39.307217137193263 ], [ -78.071556631251354, 39.307248581275402 ], [ -78.071531990862894, 39.307278292131393 ], [ -78.071503720566312, 39.307305983587675 ], [ -78.071472092735561, 39.307331388999856 ], [ -78.071461906062396, 39.307338806005127 ], [ -78.071427225084989, 39.307361680611706 ], [ -78.071389825065822, 39.307381804278137 ], [ -78.071350066143708, 39.307398983106964 ], [ -78.071308586612687, 39.307412965523142 ], [ -78.07129942472686, 39.307417895204694 ], [ -78.071259665763534, 39.307435074000907 ], [ -78.071217930858694, 39.307449142471889 ], [ -78.071174621896276, 39.30745996515676 ], [ -78.071130156038052, 39.30746743787909 ], [ -78.071084961399862, 39.307471488539008 ], [ -78.071039473288238, 39.307472078369784 ], [ -78.071029190506707, 39.307471819446306 ], [ -78.071029197119273, 39.307472127884864 ], [ -78.071027278285484, 39.307518119936141 ], [ -78.071023575133324, 39.307553346360656 ], [ -78.071015445448694, 39.307588121160457 ], [ -78.071002967324887, 39.307622109381796 ], [ -78.070993684866323, 39.307640375299592 ], [ -78.07099347299949, 39.307641281628321 ], [ -78.070980994850387, 39.307675269936269 ], [ -78.070964288591256, 39.307708144350485 ], [ -78.070943515040014, 39.307739588304926 ], [ -78.070918874330403, 39.307769299015426 ], [ -78.070890603591181, 39.307796990304006 ], [ -78.070874015590732, 39.307810314478594 ], [ -78.070871248715022, 39.307814502507256 ], [ -78.070846607831655, 39.307844213197036 ], [ -78.070821303789415, 39.307868998521414 ], [ -78.070819116116638, 39.307873303381179 ], [ -78.070798342448427, 39.307904747304633 ], [ -78.070793009904989, 39.307911177086368 ], [ -78.070777329351671, 39.307934911748227 ], [ -78.070752688384289, 39.307964622414502 ], [ -78.070724417614286, 39.307992313659334 ], [ -78.070692789073789, 39.308017718831685 ], [ -78.070686017047748, 39.308022649551532 ], [ -78.070684689052769, 39.308024659603845 ], [ -78.070682022711438, 39.308027874535256 ], [ -78.07067418246524, 39.308039741769093 ], [ -78.070649541415946, 39.308069452409974 ], [ -78.070621270561986, 39.308097143626178 ], [ -78.070589641936238, 39.308122548766896 ], [ -78.070579455174084, 39.308129965599043 ], [ -78.07055908152374, 39.308144799347488 ], [ -78.070524399850157, 39.308167673745857 ], [ -78.070486999149779, 39.308187797003463 ], [ -78.070447239556742, 39.308204975495912 ], [ -78.070405504039513, 39.308219043650212 ], [ -78.070362194487942, 39.308229866008531 ], [ -78.070317727953608, 39.308237338394669 ], [ -78.070272532901512, 39.308241388810735 ], [ -78.070227044307018, 39.308241978214468 ], [ -78.070187576533499, 39.308240984117873 ], [ -78.070142232735066, 39.308238106868615 ], [ -78.070097470213511, 39.308231790642175 ], [ -78.070093653923237, 39.308230945005597 ], [ -78.070059626346975, 39.308230087896021 ], [ -78.070014282451808, 39.308227210504413 ], [ -78.069969519947989, 39.308220894319369 ], [ -78.069944770434788, 39.308215410152847 ], [ -78.069920505224374, 39.30821198618036 ], [ -78.069876755286145, 39.308202291862763 ], [ -78.069834439123099, 39.308189312651393 ], [ -78.069793964327943, 39.308173173764487 ], [ -78.069755720650306, 39.308154030600193 ], [ -78.069720076342449, 39.308132067383369 ], [ -78.069687374856159, 39.30810749573083 ], [ -78.06967782792448, 39.308099581846818 ], [ -78.06964838418925, 39.308072638419105 ], [ -78.069622481553878, 39.308043582688526 ], [ -78.069600369592237, 39.308012694443896 ], [ -78.069582261305627, 39.307980271200101 ], [ -78.069573370226152, 39.307958796261609 ], [ -78.069573008751945, 39.307958291415503 ], [ -78.069564308248104, 39.307942712857248 ], [ -78.069524298136997, 39.30794629832441 ], [ -78.069478809745974, 39.30794688744232 ], [ -78.069439342164657, 39.307945893098264 ], [ -78.069393998605079, 39.307943015565336 ], [ -78.069349236355507, 39.307936699060086 ], [ -78.069305486678928, 39.307927004536488 ], [ -78.069263170797427, 39.30791402512687 ], [ -78.06922269618515, 39.307897886048387 ], [ -78.069196350725903, 39.307884698405665 ], [ -78.069185515731604, 39.307881375025765 ], [ -78.069145041273075, 39.307865235924467 ], [ -78.069140902356494, 39.307863164084317 ], [ -78.069125627473596, 39.307857073293597 ], [ -78.069110671988028, 39.307849587109644 ], [ -78.069107860744126, 39.307848724785352 ], [ -78.069090061955535, 39.307841627562382 ], [ -78.069073305087528, 39.307836487749071 ], [ -78.069070510830869, 39.307838732083518 ], [ -78.069060323959476, 39.307846148778367 ], [ -78.069025641978826, 39.307869022717732 ], [ -78.068988241043172, 39.307889145483806 ], [ -78.068948481288913, 39.307906323456905 ], [ -78.068906745570274, 39.307920391066162 ], [ -78.068863436009551, 39.30793121286478 ], [ -78.068818969658466, 39.307938684681929 ], [ -78.06877377463384, 39.307942734516502 ], [ -78.068728286372973, 39.30794332334348 ], [ -78.068708552538425, 39.307942826044467 ], [ -78.068663209028585, 39.307939948227656 ], [ -78.068618446864292, 39.307933631443539 ], [ -78.068574697195672, 39.307923936555845 ], [ -78.068532381464038, 39.307910956975313 ], [ -78.068491907153302, 39.307894817651679 ], [ -78.068453664008459, 39.307875673987297 ], [ -78.068452549452658, 39.307874987193877 ], [ -78.068434840582071, 39.307874540882928 ], [ -78.068389497134078, 39.307871662961418 ], [ -78.068344735044192, 39.307865346074387 ], [ -78.068300985577665, 39.307855651089525 ], [ -78.06825866994329, 39.307842671412693 ], [ -78.068218195624056, 39.307826531994493 ], [ -78.068183617148307, 39.307809222768398 ], [ -78.068169372237961, 39.307807212462421 ], [ -78.068125622835538, 39.307797517413753 ], [ -78.068108070912402, 39.307792133560397 ], [ -78.068078668404397, 39.307794768126399 ], [ -78.06803318025068, 39.307795356684757 ], [ -78.067924644868285, 39.30779262086967 ], [ -78.067879301390548, 39.307789742748938 ], [ -78.067834539410683, 39.307783425669065 ], [ -78.067790790073246, 39.307773730586625 ], [ -78.067748474597096, 39.307760750639304 ], [ -78.067708000568231, 39.307744611052385 ], [ -78.067669757728964, 39.307725467230803 ], [ -78.067634114439301, 39.307703503408604 ], [ -78.067601413910651, 39.307678931202673 ], [ -78.067593108420155, 39.307672046141569 ], [ -78.067553653019374, 39.30765631270156 ], [ -78.067515410275774, 39.307637168742346 ], [ -78.067479767076762, 39.307615204966012 ], [ -78.067447066644107, 39.307590632719929 ], [ -78.067437520043327, 39.307582718663483 ], [ -78.067414154708104, 39.307561336284998 ], [ -78.067411140045436, 39.307560411587339 ], [ -78.067370666214231, 39.307544271889761 ], [ -78.067332423579742, 39.307525127964176 ], [ -78.067296780384183, 39.307503164042778 ], [ -78.067294413538079, 39.307501385451324 ], [ -78.06729391695292, 39.307501136907717 ], [ -78.067258273781874, 39.307479172975334 ], [ -78.067225573603196, 39.307454600764665 ], [ -78.06721602693402, 39.307446686598581 ], [ -78.06721544559889, 39.307446154581477 ], [ -78.067197810669498, 39.307437326610824 ], [ -78.067162167557782, 39.307415362741125 ], [ -78.067129467330744, 39.30739079041264 ], [ -78.067119920793203, 39.307382876332227 ], [ -78.067110374257823, 39.307374962251131 ], [ -78.067100827728325, 39.3073670480793 ], [ -78.067071385197622, 39.307340104041785 ], [ -78.067045483916957, 39.307311047784161 ], [ -78.067023373447128, 39.307280159100252 ], [ -78.067005266544541, 39.307247735503424 ], [ -78.066991337663723, 39.307214089215776 ], [ -78.066991224632886, 39.307213683324122 ], [ -78.066977562269628, 39.307194596672502 ], [ -78.066963895029005, 39.307170123066555 ], [ -78.06695910966161, 39.307163437797215 ], [ -78.066956053569825, 39.307157965348907 ], [ -78.066932512789279, 39.307140275642162 ], [ -78.066922966307303, 39.307132361547396 ], [ -78.066913419827472, 39.307124447451933 ], [ -78.066903873233926, 39.307116533352826 ], [ -78.066894326758387, 39.307108619255935 ], [ -78.066864884528357, 39.307081675175063 ], [ -78.066852177160968, 39.307067419811425 ], [ -78.066847552045189, 39.307080015838388 ], [ -78.066830843929523, 39.30711288959094 ], [ -78.066830139723606, 39.307113955289061 ], [ -78.066825896925593, 39.307125510200954 ], [ -78.066809188903648, 39.307158383952284 ], [ -78.066788413714562, 39.307189827102739 ], [ -78.066778776924338, 39.307201445622219 ], [ -78.066777666997609, 39.30720362940712 ], [ -78.066768531165408, 39.307217456477112 ], [ -78.066764122657574, 39.307226130334243 ], [ -78.066762212702258, 39.307231331800473 ], [ -78.066753294983982, 39.307248877684579 ], [ -78.066751385154262, 39.307254078883531 ], [ -78.066742467430075, 39.307271624766514 ], [ -78.066740557595097, 39.307276826055208 ], [ -78.06672384937761, 39.307309699787737 ], [ -78.066714713519957, 39.307323526852358 ], [ -78.06670251449394, 39.307347528735562 ], [ -78.066681739196909, 39.30737897186215 ], [ -78.066672102361636, 39.307390590370801 ], [ -78.066670992428286, 39.307392774154401 ], [ -78.066650217102818, 39.307424217274097 ], [ -78.066649814269027, 39.307424702854696 ], [ -78.066639150153335, 39.307445684862572 ], [ -78.066630014017079, 39.30745951218308 ], [ -78.066617815059431, 39.307483513877884 ], [ -78.066608679156616, 39.307497340932166 ], [ -78.066604270486295, 39.307506014958513 ], [ -78.066602360637503, 39.30751121615414 ], [ -78.066585652409657, 39.307544089864017 ], [ -78.066564876997859, 39.30757553296462 ], [ -78.066555240114795, 39.307587151461512 ], [ -78.066554130174396, 39.307589335243669 ], [ -78.066544994120918, 39.307603162468787 ], [ -78.066532795106681, 39.307627164152109 ], [ -78.066523658546529, 39.307640992173361 ], [ -78.066511459899104, 39.30766499305264 ], [ -78.066510755682387, 39.307666058748367 ], [ -78.066506512793438, 39.307677613644401 ], [ -78.066489804477044, 39.307710487336507 ], [ -78.066483528979177, 39.307719985221674 ], [ -78.066474029525807, 39.307745854973376 ], [ -78.066457321176244, 39.307778728659279 ], [ -78.0664365456323, 39.307810171731063 ], [ -78.066426908933195, 39.307821790040748 ], [ -78.066425798861346, 39.307823973998367 ], [ -78.066425094387384, 39.307825040227542 ], [ -78.066422217944179, 39.307832873476521 ], [ -78.066422183909367, 39.307833019186894 ], [ -78.066409703536266, 39.307867006918443 ], [ -78.06639299512473, 39.307899880592295 ], [ -78.066383859119384, 39.30791370762433 ], [ -78.0663794503849, 39.307922381819573 ], [ -78.066377540513912, 39.307927582830132 ], [ -78.066360831951798, 39.307960456585029 ], [ -78.066360127722092, 39.307961522459564 ], [ -78.066355884799052, 39.307973077078017 ], [ -78.066346966875216, 39.307990622921615 ], [ -78.066345056992162, 39.307995824111408 ], [ -78.066328348516464, 39.308028697773032 ], [ -78.066307572831377, 39.308060140905603 ], [ -78.066307169740881, 39.308060626928842 ], [ -78.066296505550767, 39.308081608448781 ], [ -78.066284615220312, 39.308099603885744 ], [ -78.066281050858137, 39.308109310670091 ], [ -78.066264342322668, 39.308142184319806 ], [ -78.066255205768371, 39.30815601195733 ], [ -78.066250431853589, 39.308165404645344 ], [ -78.066250219793133, 39.308166311320022 ], [ -78.066237739268502, 39.308200299026026 ], [ -78.066221030688794, 39.308233172667485 ], [ -78.066207904774672, 39.30825303809128 ], [ -78.066206908124428, 39.308257299660859 ], [ -78.066194427563914, 39.308291287270372 ], [ -78.066177718939969, 39.308324160903581 ], [ -78.066168582586045, 39.308337988268264 ], [ -78.066156383309547, 39.308361989719792 ], [ -78.066144493011635, 39.308379985051452 ], [ -78.066140928490299, 39.308389692006877 ], [ -78.06612421981545, 39.308422565630089 ], [ -78.066123515457548, 39.308423631589889 ], [ -78.066119272582981, 39.308435186109314 ], [ -78.066102563770173, 39.308468059725485 ], [ -78.066101859538577, 39.308469125418064 ], [ -78.066097616526378, 39.308480680293421 ], [ -78.06608090780729, 39.308513553908391 ], [ -78.066080203567353, 39.308514619780773 ], [ -78.066075960559701, 39.308526174385058 ], [ -78.066059251818487, 39.308559047995885 ], [ -78.066050115157836, 39.308572875792841 ], [ -78.066045341195547, 39.308582268199757 ], [ -78.066045129127104, 39.308583174963864 ], [ -78.066032648421469, 39.30861716254919 ], [ -78.066015939636017, 39.308650036151761 ], [ -78.066014528310163, 39.308652172057883 ], [ -78.066034719076967, 39.308680378954435 ], [ -78.06605282584998, 39.308712802692526 ], [ -78.066066754526361, 39.308746449079351 ], [ -78.066076371028245, 39.308780994030961 ], [ -78.066081582566468, 39.308816104955376 ], [ -78.066082339142284, 39.308851443673127 ], [ -78.066081698422025, 39.308866774255335 ], [ -78.06607799268285, 39.308902000418946 ], [ -78.066069860374014, 39.308936774677619 ], [ -78.066057379602825, 39.308970762351883 ], [ -78.066040670734168, 39.309003635953545 ], [ -78.066019894611088, 39.309035078924367 ], [ -78.065995251276263, 39.309064788486737 ], [ -78.065966978114261, 39.309092478479556 ], [ -78.065935347526604, 39.30911788227256 ], [ -78.065925160030886, 39.309125298668796 ], [ -78.065904785260926, 39.309140131554202 ], [ -78.065894597874617, 39.309147547950438 ], [ -78.065884410486134, 39.30915496434568 ], [ -78.065849726855376, 39.30917783726958 ], [ -78.065812324235452, 39.309197958946264 ], [ -78.065772563009517, 39.309215135772405 ], [ -78.065730826045979, 39.309229202188163 ], [ -78.065711819076341, 39.309233950808498 ], [ -78.06570448614805, 39.30924837756055 ], [ -78.065695349694792, 39.309262204701007 ], [ -78.065690940662037, 39.30927087894905 ], [ -78.065689030824885, 39.309276079676884 ], [ -78.065680112674826, 39.309293625276318 ], [ -78.065678202574389, 39.309298826717999 ], [ -78.065669284295055, 39.30931637249337 ], [ -78.065667374320228, 39.309321573667738 ], [ -78.065650665178481, 39.309354447201585 ], [ -78.06564996092294, 39.309355513070663 ], [ -78.065645717782118, 39.309367067743196 ], [ -78.065636799234596, 39.309384613959381 ], [ -78.065634889389869, 39.309389814685971 ], [ -78.06561818021494, 39.309422688213616 ], [ -78.065597403767597, 39.309454131185127 ], [ -78.065597000914224, 39.309454616761215 ], [ -78.06558633614317, 39.309475598642649 ], [ -78.065577199391839, 39.309489426035476 ], [ -78.065572790706341, 39.309498099566511 ], [ -78.065570880718667, 39.30950330073869 ], [ -78.065554171483967, 39.309536174254418 ], [ -78.065553467224987, 39.309537240122765 ], [ -78.065549224055644, 39.309548794790445 ], [ -78.065532514682971, 39.309581668299124 ], [ -78.065523378272516, 39.309595495245404 ], [ -78.065511178403057, 39.309619496965169 ], [ -78.065490401848905, 39.30965093982266 ], [ -78.065489998870234, 39.309651425575346 ], [ -78.065486759421702, 39.309657798996547 ], [ -78.065486547353288, 39.309658705489099 ], [ -78.065474066153101, 39.309692693081573 ], [ -78.065457356823245, 39.309725566579033 ], [ -78.065448220377817, 39.309739393517845 ], [ -78.065443445615486, 39.309748787137636 ], [ -78.065443233669512, 39.309749693453021 ], [ -78.065430752433457, 39.309783680948989 ], [ -78.065414043059349, 39.309816554438193 ], [ -78.065404906592647, 39.309830381372642 ], [ -78.065392706637553, 39.309854383076079 ], [ -78.065392002253077, 39.309855449030259 ], [ -78.065387759158341, 39.309867003512707 ], [ -78.065371049626364, 39.30989987699089 ], [ -78.065350272920071, 39.309931319816506 ], [ -78.065349870181691, 39.309931805304466 ], [ -78.065339205133313, 39.309952787333266 ], [ -78.065318428395955, 39.309984230151798 ], [ -78.065315761736301, 39.30998744494709 ], [ -78.0653079203652, 39.309999311773055 ], [ -78.065305253341862, 39.310002526919241 ], [ -78.065297412210157, 39.310014393480195 ], [ -78.065294745428716, 39.310017608361989 ], [ -78.065286904170065, 39.310029475099142 ], [ -78.065285070102021, 39.310031686090639 ], [ -78.065281717344675, 39.310040816047064 ], [ -78.065265007717457, 39.310073689505728 ], [ -78.065264303452054, 39.310074755281875 ], [ -78.065260060197701, 39.310086309935052 ], [ -78.065253503146252, 39.310099209917674 ], [ -78.065250243607224, 39.310113146920372 ], [ -78.06523776219953, 39.310147134477781 ], [ -78.065221052639501, 39.310180007930803 ], [ -78.065200275661013, 39.310211450719699 ], [ -78.065199872800292, 39.310211936294095 ], [ -78.065189207783448, 39.31023291812788 ], [ -78.065171745129575, 39.310259345351348 ], [ -78.065162923429611, 39.310283367223491 ], [ -78.065146213798741, 39.310316240662544 ], [ -78.065125436859219, 39.310347683437548 ], [ -78.065125033873784, 39.310348169188686 ], [ -78.065114368819252, 39.31036915083358 ], [ -78.065105232216169, 39.310382977738399 ], [ -78.06510045760632, 39.310392370985696 ], [ -78.065100245522601, 39.310393277657148 ], [ -78.06508776398492, 39.310427265192423 ], [ -78.06507105428102, 39.31046013861733 ], [ -78.065070349757988, 39.310461204836102 ], [ -78.065066106579437, 39.3104727590324 ], [ -78.065049396853411, 39.310505632453179 ], [ -78.065028619810164, 39.310537075206248 ], [ -78.065004302653676, 39.31056639018022 ], [ -78.064996855822415, 39.310581040571805 ], [ -78.064990580096861, 39.310590537910883 ], [ -78.064982445712943, 39.310612687752794 ], [ -78.064982411823152, 39.310612832655536 ], [ -78.06496993030305, 39.31064682008634 ], [ -78.064960645977607, 39.310665085262734 ], [ -78.064960433894825, 39.310665991843813 ], [ -78.064947952237318, 39.3106999792683 ], [ -78.064931242396199, 39.310732852666867 ], [ -78.064910465227655, 39.31076429539322 ], [ -78.064900827608099, 39.310775913720548 ], [ -78.064899717560522, 39.310778097482022 ], [ -78.064899013281973, 39.310779163255368 ], [ -78.064894769918411, 39.310790717890129 ], [ -78.06487806002859, 39.310823591278826 ], [ -78.064857282803615, 39.310855034083325 ], [ -78.064856879813249, 39.310855519833289 ], [ -78.06484621459343, 39.310876501446081 ], [ -78.064828751765333, 39.310902928337505 ], [ -78.064819929847303, 39.310926950353803 ], [ -78.064803219770781, 39.310959823725618 ], [ -78.06479132865617, 39.310977818792196 ], [ -78.064787763791969, 39.310987525780298 ], [ -78.0647710538003, 39.311020399149001 ], [ -78.064750276468516, 39.311051841839451 ], [ -78.064747609739968, 39.311055056618684 ], [ -78.064739768144534, 39.311066923396289 ], [ -78.064720098437789, 39.311090635263511 ], [ -78.064713564357589, 39.311108427507897 ], [ -78.064696854183637, 39.311141300860001 ], [ -78.064696149898083, 39.311142366631813 ], [ -78.064691906475872, 39.311153921256434 ], [ -78.06467519639564, 39.311186794607345 ], [ -78.064666059468195, 39.31120062164571 ], [ -78.064661650428064, 39.311209295308714 ], [ -78.064659740311711, 39.311214496640282 ], [ -78.064643030084653, 39.31124736998224 ], [ -78.064642325797138, 39.311248435753619 ], [ -78.06463808235867, 39.311259990375518 ], [ -78.064621372225318, 39.311292863716275 ], [ -78.064620667936993, 39.311293929487498 ], [ -78.064616424491774, 39.311305484108289 ], [ -78.06459971433631, 39.311338357444903 ], [ -78.064599009800418, 39.311339423570075 ], [ -78.064594766475608, 39.311350977922714 ], [ -78.064578056298004, 39.311383851255201 ], [ -78.064560593233153, 39.311410278095778 ], [ -78.06455177114988, 39.311434300084052 ], [ -78.064535060814393, 39.311467173405504 ], [ -78.06453435652287, 39.311468239176065 ], [ -78.064530113051305, 39.311479793792465 ], [ -78.064513402809524, 39.31151266711273 ], [ -78.064492625205517, 39.311544109744951 ], [ -78.064482987403707, 39.311555728029639 ], [ -78.064481877329527, 39.311557911785918 ], [ -78.064461099693304, 39.311589354501251 ], [ -78.064458432810355, 39.311592569359391 ], [ -78.064450591221032, 39.311604436025348 ], [ -78.064425946271697, 39.311634145184506 ], [ -78.064397671530955, 39.311661834725491 ], [ -78.064366039069085, 39.311687238013647 ], [ -78.064355851141755, 39.311694654252115 ], [ -78.064321165733574, 39.311717526645083 ], [ -78.064283761418267, 39.311737647847607 ], [ -78.064243998376014, 39.31175482398595 ], [ -78.064202259481448, 39.311768889776047 ], [ -78.064158946887488, 39.311779709788617 ], [ -78.06411447768626, 39.31178717960092 ], [ -78.064069280010827, 39.311791227500237 ], [ -78.064023789327791, 39.311791814390233 ], [ -78.064004054495513, 39.311791316253263 ], [ -78.063958708815449, 39.311788436516395 ], [ -78.063913944753779, 39.311782117847606 ], [ -78.063870193590972, 39.31177242122174 ], [ -78.063827876563451, 39.311759439791302 ], [ -78.063787401156333, 39.311743298792983 ], [ -78.06374915735573, 39.31172415365107 ], [ -78.063713513415095, 39.311702188609459 ], [ -78.063680812552093, 39.311677615296759 ], [ -78.063671265868123, 39.311669700930857 ], [ -78.063641823006279, 39.311642756023566 ], [ -78.063615921832366, 39.311613699017009 ], [ -78.063615634560037, 39.311613297732258 ], [ -78.063613503652761, 39.311611347554546 ], [ -78.063587602385908, 39.311582290539484 ], [ -78.063565492135112, 39.311551401221301 ], [ -78.063547385885272, 39.311518977125225 ], [ -78.063533457968717, 39.311485330475264 ], [ -78.063523842444724, 39.311450785360492 ], [ -78.06351863208053, 39.311415674376128 ], [ -78.063517876850341, 39.311380335702921 ], [ -78.063518518187323, 39.311365005162578 ], [ -78.063522225414104, 39.311329779146909 ], [ -78.063530359326293, 39.31129500513704 ], [ -78.063541475496848, 39.311264737975328 ], [ -78.063541509389978, 39.311264593073147 ], [ -78.063553991725001, 39.311230605739112 ], [ -78.063570702448175, 39.311197732572737 ], [ -78.063588165575794, 39.311171306156247 ], [ -78.063596988188763, 39.311147283987246 ], [ -78.06361369875404, 39.311114410809843 ], [ -78.0636344766029, 39.311082968342781 ], [ -78.063634879730003, 39.311082482330356 ], [ -78.06363775358713, 39.31107682888522 ], [ -78.063639663893426, 39.31107162748598 ], [ -78.06364858279791, 39.31105408207555 ], [ -78.063650493102685, 39.311048880676069 ], [ -78.063667203617044, 39.311016007488661 ], [ -78.063667908166963, 39.311014941279517 ], [ -78.06367215161103, 39.311003387145085 ], [ -78.063688862103263, 39.310970513953563 ], [ -78.063697999062356, 39.310956687174716 ], [ -78.063710199801477, 39.310932685682211 ], [ -78.063722091428659, 39.310914690292172 ], [ -78.063725656299297, 39.310904983789079 ], [ -78.063742366740627, 39.310872110587546 ], [ -78.063743071041088, 39.310871044731932 ], [ -78.063747314593655, 39.310859490236695 ], [ -78.063764025012858, 39.310826617031026 ], [ -78.063764729432108, 39.310825551088158 ], [ -78.063768972858341, 39.310813996678888 ], [ -78.06378568337125, 39.310781123472019 ], [ -78.063794820284727, 39.310767296683515 ], [ -78.06379959534145, 39.310757903143823 ], [ -78.063799807312336, 39.310756996832488 ], [ -78.063812289414471, 39.31072300955001 ], [ -78.063828999886908, 39.310690136244872 ], [ -78.063849777504089, 39.310658693728946 ], [ -78.063850180376633, 39.31065820815973 ], [ -78.063860845858926, 39.310637226467662 ], [ -78.063861550274666, 39.310636160524055 ], [ -78.063864427403686, 39.310628326462776 ], [ -78.063864461307048, 39.31062818129049 ], [ -78.063876943467307, 39.310594194001276 ], [ -78.063893653755954, 39.310561320771001 ], [ -78.063895975108352, 39.310557807939695 ], [ -78.063896088940979, 39.310557321019878 ], [ -78.063891634444147, 39.31052730443654 ], [ -78.063890879007488, 39.310491965754316 ], [ -78.063893123332775, 39.310438308746775 ], [ -78.0638937236251, 39.310432604210135 ], [ -78.063892568123379, 39.310431307904189 ], [ -78.063870458181654, 39.310400418650239 ], [ -78.06386362484001, 39.31038818158931 ], [ -78.063861232259995, 39.310384839030341 ], [ -78.063843581942109, 39.310353231127607 ], [ -78.063835276428648, 39.310346345619799 ], [ -78.063825729902035, 39.310338431181194 ], [ -78.063816183373788, 39.310330516831868 ], [ -78.063806636847701, 39.310322602481833 ], [ -78.063777194464819, 39.31029565762276 ], [ -78.063751293579628, 39.310266600654217 ], [ -78.063733605693614, 39.310241889160096 ], [ -78.063721225982476, 39.310228000901084 ], [ -78.063712133387611, 39.310220462847447 ], [ -78.063702586772166, 39.310212548486817 ], [ -78.063673144590283, 39.310185603607131 ], [ -78.063647243787429, 39.310156546618074 ], [ -78.063625133919857, 39.310125657320597 ], [ -78.0636070279687, 39.310093233239733 ], [ -78.063593100263446, 39.31005958659933 ], [ -78.063591628716168, 39.310054299825538 ], [ -78.063587953819464, 39.310045422034896 ], [ -78.063579991804062, 39.310031163599795 ], [ -78.063566064122455, 39.309997516956784 ], [ -78.063564592679015, 39.309992230545618 ], [ -78.063557158853612, 39.309974271951134 ], [ -78.063547543594296, 39.309939726840803 ], [ -78.063542333167319, 39.309904615850442 ], [ -78.06354157789012, 39.309869277259523 ], [ -78.063543181136367, 39.309830950807829 ], [ -78.063546888221595, 39.309795724779768 ], [ -78.063554668965409, 39.309762460229273 ], [ -78.063546333913251, 39.30973251484702 ], [ -78.063546312120678, 39.30973236772823 ], [ -78.063537749438638, 39.309701604660859 ], [ -78.063534017613904, 39.309676457575385 ], [ -78.063520082088644, 39.309672182467821 ], [ -78.06349644822977, 39.309662757289502 ], [ -78.063476834693077, 39.309667656974746 ], [ -78.063470030272001, 39.309668799985225 ], [ -78.063446912867505, 39.309674575028829 ], [ -78.063402444840193, 39.309682044615627 ], [ -78.063357248620804, 39.309686092291862 ], [ -78.063311759199678, 39.309686678951685 ], [ -78.06326641480419, 39.309683798993298 ], [ -78.063221652268624, 39.30967748011183 ], [ -78.063177902396461, 39.309667783272502 ], [ -78.063135586758108, 39.309654801638658 ], [ -78.063095112825337, 39.309638660448883 ], [ -78.063056870339466, 39.309619515123586 ], [ -78.063021227657117, 39.309597549911274 ], [ -78.063015723482977, 39.30959341358222 ], [ -78.06300823339798, 39.309590426503355 ], [ -78.062969990966849, 39.309571281061224 ], [ -78.062934348333187, 39.309549315914047 ], [ -78.062901648713321, 39.309524742422376 ], [ -78.06289210239909, 39.309516828004291 ], [ -78.062882556087004, 39.309508913585503 ], [ -78.062873009661203, 39.309500999163077 ], [ -78.062863917254759, 39.309493460959267 ], [ -78.062838564271999, 39.309477836807901 ], [ -78.062836197705238, 39.309476058313763 ], [ -78.062835700783552, 39.309475809562507 ], [ -78.062800058244903, 39.309453844287262 ], [ -78.062797691455799, 39.309452065606571 ], [ -78.062797194874406, 39.309451817043907 ], [ -78.062761552240687, 39.309429851844762 ], [ -78.062728852737479, 39.309405278308418 ], [ -78.06271930645903, 39.309397363877352 ], [ -78.062710213630524, 39.309389825380876 ], [ -78.062684861172158, 39.309374201480097 ], [ -78.06265216171812, 39.309349628013948 ], [ -78.062642615459666, 39.309341713487157 ], [ -78.062633069083773, 39.309333799046698 ], [ -78.062619500511289, 39.309321380839663 ], [ -78.062604430316441, 39.309310055729853 ], [ -78.062594883952883, 39.309302141196554 ], [ -78.062585337703538, 39.309294226755483 ], [ -78.062571769147084, 39.309281808543389 ], [ -78.062556698968436, 39.309270483427944 ], [ -78.062547152615622, 39.309262568891086 ], [ -78.062517711271752, 39.309235623746673 ], [ -78.062491811289775, 39.309206566527315 ], [ -78.062469702333829, 39.309175677039065 ], [ -78.062468933608926, 39.309174300311859 ], [ -78.062463985466934, 39.309174175349604 ], [ -78.062418641456887, 39.309171295074044 ], [ -78.062373879342232, 39.309164975880847 ], [ -78.062330129926181, 39.309155278648177 ], [ -78.062287814763479, 39.309142296812276 ], [ -78.062247341332551, 39.309126155344593 ], [ -78.062243203242915, 39.30912408364162 ], [ -78.062227928179936, 39.309117991673233 ], [ -78.062189686227313, 39.309098845990768 ], [ -78.062176023618861, 39.309090426131213 ], [ -78.062160726801579, 39.309082767834049 ], [ -78.062125084679224, 39.309060802366055 ], [ -78.062092385570338, 39.309036228754188 ], [ -78.062082839418366, 39.309028314185021 ], [ -78.062073293148927, 39.30902039970222 ], [ -78.062043852090397, 39.30899345444751 ], [ -78.062017952394442, 39.308964397132286 ], [ -78.06199584360661, 39.308933507560617 ], [ -78.061989010613715, 39.308921270311593 ], [ -78.061986618283171, 39.308917927811471 ], [ -78.061984274926701, 39.308913731009312 ], [ -78.061969568618764, 39.308902679049751 ], [ -78.061960022494731, 39.308894764561543 ], [ -78.061950476372843, 39.308886850072646 ], [ -78.061921035300458, 39.308859904787248 ], [ -78.061895135706706, 39.308830847357861 ], [ -78.061873027128655, 39.308799957768777 ], [ -78.061854922308285, 39.30876753345202 ], [ -78.061850069789401, 39.308755809799358 ], [ -78.061847393769114, 39.308753798706313 ], [ -78.061837847678703, 39.308745884209166 ], [ -78.061828301590438, 39.308737969711338 ], [ -78.061818755504319, 39.308730055212777 ], [ -78.061809209424126, 39.308722140623523 ], [ -78.061799663226466, 39.308714226120614 ], [ -78.061795140569373, 39.3087100867819 ], [ -78.061790117146799, 39.308706311619936 ], [ -78.061760676209957, 39.308679366298378 ], [ -78.061734776858913, 39.308650308930424 ], [ -78.061712668289474, 39.308619419311874 ], [ -78.061702107268445, 39.308600505349155 ], [ -78.0616855909485, 39.308585388932016 ], [ -78.061659691546012, 39.30855633154647 ], [ -78.061637583153413, 39.308525441918512 ], [ -78.061619478507069, 39.308493017570527 ], [ -78.061605551923918, 39.30845937072894 ], [ -78.061595937796781, 39.308424825493439 ], [ -78.061590728417187, 39.30838971444873 ], [ -78.061590047816267, 39.308357831152826 ], [ -78.061549056094634, 39.308371644812837 ], [ -78.061513200448502, 39.308380601542794 ], [ -78.061500708059668, 39.308385997714716 ], [ -78.061458970723294, 39.30840006258169 ], [ -78.061415659886379, 39.308410881549989 ], [ -78.061371192612896, 39.308418350476082 ], [ -78.061325997028561, 39.308422397386643 ], [ -78.061280508576118, 39.308422983284849 ], [ -78.061241041017581, 39.308421986151444 ], [ -78.061195697571847, 39.308419105418764 ], [ -78.06115093595669, 39.308412785773228 ], [ -78.061107187316921, 39.308403088106161 ], [ -78.061080100996691, 39.308394777941068 ], [ -78.061055414813637, 39.308405441164652 ], [ -78.061039662744363, 39.30841074934073 ], [ -78.061035360195419, 39.308412607820117 ], [ -78.06101960765227, 39.308417916161602 ], [ -78.061015305457417, 39.308419774469016 ], [ -78.060973568129938, 39.308433839160124 ], [ -78.060970691008123, 39.30843455786178 ], [ -78.060955141447778, 39.308441274489851 ], [ -78.060913404096524, 39.308455339158364 ], [ -78.060885760422849, 39.308462244303918 ], [ -78.060885110543524, 39.308462525073843 ], [ -78.060869357978845, 39.308467833394076 ], [ -78.060865055777228, 39.308469691695663 ], [ -78.060823318392679, 39.308483756330432 ], [ -78.060780007416284, 39.308494575146092 ], [ -78.060735540040497, 39.308502043734364 ], [ -78.060726374687263, 39.308502864418003 ], [ -78.060714779314509, 39.308509101684969 ], [ -78.060675017350434, 39.308526276736764 ], [ -78.060633279897687, 39.308540341300485 ], [ -78.060589968864704, 39.30855115995282 ], [ -78.060545501433211, 39.308558628556206 ], [ -78.060500305730443, 39.308562675140415 ], [ -78.060454817084434, 39.308563260708858 ], [ -78.060416954418727, 39.3085608550129 ], [ -78.060385962253591, 39.308577526137839 ], [ -78.060370056787335, 39.308584396385569 ], [ -78.06035571955087, 39.308592108562578 ], [ -78.060315957458243, 39.308609283486248 ], [ -78.060274219891127, 39.308623347916267 ], [ -78.060230908759095, 39.308634166430657 ], [ -78.060186441128963, 39.308641634890222 ], [ -78.060141245480054, 39.308645681244919 ], [ -78.060095756785969, 39.308646266670692 ], [ -78.06007602302266, 39.308645767903947 ], [ -78.060036618462789, 39.308643264106557 ], [ -78.059997087742673, 39.30864377279773 ], [ -78.059977353981822, 39.308643274014294 ], [ -78.059932010476359, 39.308640392785279 ], [ -78.05988724886177, 39.308634072742272 ], [ -78.059843500290341, 39.308624374601308 ], [ -78.059840113036515, 39.308623335340627 ], [ -78.059824116658163, 39.30862231887199 ], [ -78.059779355071086, 39.308615998698237 ], [ -78.059735606528236, 39.308606300517624 ], [ -78.059693292229554, 39.308593317766736 ], [ -78.059652819645123, 39.308577175425896 ], [ -78.059615086194981, 39.308558283098478 ], [ -78.05959622850682, 39.308552497228263 ], [ -78.059555756085658, 39.30853635485817 ], [ -78.059547480145014, 39.308532211268727 ], [ -78.05951693066983, 39.308520026644935 ], [ -78.059478689828651, 39.308500880109058 ], [ -78.059471874127624, 39.308496679470331 ], [ -78.05944092699913, 39.308487184265701 ], [ -78.059439554704156, 39.308486636899069 ], [ -78.059424682102275, 39.308483339902907 ], [ -78.059395910370142, 39.308474512170321 ], [ -78.059366152089112, 39.308472621089876 ], [ -78.059321390649018, 39.30846630074479 ], [ -78.059277642268569, 39.308456602487482 ], [ -78.059235328157385, 39.308443619486233 ], [ -78.059194855888364, 39.308427476995732 ], [ -78.059174026994327, 39.308417048319754 ], [ -78.059133303729425, 39.308420693961281 ], [ -78.059087815313447, 39.30842127900074 ], [ -78.059077948472265, 39.308421029533548 ], [ -78.059063407398838, 39.308420105428461 ], [ -78.059060164507812, 39.308422465915093 ], [ -78.059038850215117, 39.308436520174034 ], [ -78.059019412521536, 39.308452129091272 ], [ -78.059009224433652, 39.308459544858174 ], [ -78.058999036459483, 39.308466960627008 ], [ -78.058964351066422, 39.308489831426805 ], [ -78.058926947101355, 39.308509950922193 ], [ -78.058887184741124, 39.308527125255864 ], [ -78.058871432617877, 39.308532433043709 ], [ -78.058867129889222, 39.308534291527415 ], [ -78.058826442337789, 39.308548001554207 ], [ -78.058817579095489, 39.308554453110382 ], [ -78.05880739097185, 39.308561868858128 ], [ -78.058772705471043, 39.308584739596263 ], [ -78.05873530140633, 39.308604858935709 ], [ -78.058695538944264, 39.308622033289772 ], [ -78.058653801080936, 39.308636097125358 ], [ -78.058610489728807, 39.308646915026195 ], [ -78.058566022072625, 39.308654382861938 ], [ -78.058520826241818, 39.308658428669766 ], [ -78.058475337565625, 39.308659013460577 ], [ -78.05846547069649, 39.308658763940215 ], [ -78.058420127280058, 39.308655882123396 ], [ -78.058383475717676, 39.30865070663625 ], [ -78.05834862919599, 39.308656558614395 ], [ -78.058303433356514, 39.308660604337177 ], [ -78.058299241593147, 39.308660658227886 ], [ -78.058293185348731, 39.308663915777281 ], [ -78.058287633148183, 39.308670608227615 ], [ -78.05825935722973, 39.308698296238383 ], [ -78.058227724052955, 39.308723697833827 ], [ -78.058217535960338, 39.308731113529305 ], [ -78.058207347865562, 39.308738529223795 ], [ -78.058172662089376, 39.308761399771612 ], [ -78.058135257763524, 39.308781518997364 ], [ -78.058095495068329, 39.308798693046377 ], [ -78.058063990820344, 39.308809308401536 ], [ -78.058055384937603, 39.308813025387167 ], [ -78.058013646844302, 39.308827088983342 ], [ -78.057970335288616, 39.308837906637152 ], [ -78.057925867341453, 39.308845374217704 ], [ -78.057880671485179, 39.308849419683412 ], [ -78.05783936205593, 39.308849950481672 ], [ -78.057811500816953, 39.308856909202269 ], [ -78.057767032960328, 39.308864376723882 ], [ -78.057721836966834, 39.308868422214061 ], [ -78.057676348283124, 39.30886900668969 ], [ -78.057666481391578, 39.308868757100512 ], [ -78.057621137892298, 39.308865874968205 ], [ -78.057576376402764, 39.308859553947947 ], [ -78.057532628066625, 39.308849854944292 ], [ -78.057520793157252, 39.308846223489972 ], [ -78.057505407502575, 39.308847600668216 ], [ -78.057459918720028, 39.308848185056675 ], [ -78.057414575363367, 39.308845302847523 ], [ -78.057369813910441, 39.308838981748913 ], [ -78.057326065504526, 39.308829282666117 ], [ -78.057283751574772, 39.308816299050292 ], [ -78.057243279587752, 39.308800155889998 ], [ -78.05723914167568, 39.308798084015088 ], [ -78.057223867157646, 39.308791991407894 ], [ -78.057185626845964, 39.308772844136449 ], [ -78.057169468245945, 39.30876288477306 ], [ -78.057144302326151, 39.308763208021276 ], [ -78.057139085330093, 39.308764084082775 ], [ -78.057093889380639, 39.308768129329927 ], [ -78.05704840077216, 39.308768713562081 ], [ -78.057003057377784, 39.308765831192019 ], [ -78.05698933857488, 39.308763893814408 ], [ -78.056975486690675, 39.308765133612802 ], [ -78.056929997970215, 39.308765717795723 ], [ -78.056884654701349, 39.308762835382666 ], [ -78.056839893361115, 39.30875651408369 ], [ -78.056829985550749, 39.308754317459929 ], [ -78.056815907754938, 39.308753422541784 ], [ -78.056771146428517, 39.308747101216781 ], [ -78.056767329839062, 39.30874625504606 ], [ -78.056683968439884, 39.308744145690227 ], [ -78.056638625085199, 39.308741263179172 ], [ -78.056593863898783, 39.308734941879706 ], [ -78.056590047312469, 39.308734095703265 ], [ -78.05655602025243, 39.308733234646454 ], [ -78.056510677028996, 39.308730352088858 ], [ -78.056465915752028, 39.308724030647902 ], [ -78.056426956472876, 39.308715393000426 ], [ -78.0564267696071, 39.308715366651121 ], [ -78.05638302154567, 39.308705667223975 ], [ -78.056359511499295, 39.308698453167501 ], [ -78.056358344320245, 39.308698288321992 ], [ -78.056314596164526, 39.308688588866914 ], [ -78.056272282528283, 39.308675604892869 ], [ -78.056231810875218, 39.308659461391933 ], [ -78.056193570924734, 39.308640313806684 ], [ -78.056157931001536, 39.308618346586584 ], [ -78.056134809676237, 39.308600968292708 ], [ -78.056093252695732, 39.308604687524173 ], [ -78.056047764209509, 39.308605271368428 ], [ -78.055988562939419, 39.308603772995156 ], [ -78.055943219836507, 39.308600890220198 ], [ -78.055898458706238, 39.308594568565631 ], [ -78.055854710804596, 39.308584868945083 ], [ -78.055812397325312, 39.308571884809027 ], [ -78.05578682768558, 39.308561685335583 ], [ -78.055781342362806, 39.308560910671488 ], [ -78.05574238303997, 39.308552272795119 ], [ -78.055742196406641, 39.308552246450596 ], [ -78.055698448440481, 39.308542546770042 ], [ -78.055656135018708, 39.308529562579075 ], [ -78.055615663603035, 39.308513418871797 ], [ -78.055577423906769, 39.308494271182781 ], [ -78.05554178425966, 39.308472303783383 ], [ -78.055509087838089, 39.308447728324921 ], [ -78.055499542534861, 39.308439813335468 ], [ -78.055489997117945, 39.308431898342405 ], [ -78.055480451819022, 39.308423983351553 ], [ -78.055451013633387, 39.308397036529719 ], [ -78.055432593251865, 39.308376366930318 ], [ -78.055423501479652, 39.308368827990201 ], [ -78.055412898725379, 39.308359122538725 ], [ -78.055396803668941, 39.308354183631501 ], [ -78.055356332301415, 39.308338039836649 ], [ -78.055318092777654, 39.308318891978132 ], [ -78.055282453302397, 39.308296924505079 ], [ -78.055249757050348, 39.30827234906954 ], [ -78.055240211804133, 39.308264433970614 ], [ -78.05522015134116, 39.308246071155274 ], [ -78.055186679059318, 39.308225439529352 ], [ -78.055153982878039, 39.308200863979131 ], [ -78.055134892424988, 39.30818503385624 ], [ -78.055125347199791, 39.308177118838714 ], [ -78.055115801860907, 39.308169203817549 ], [ -78.05508636392193, 39.308142256911673 ], [ -78.055060467497128, 39.308113198163326 ], [ -78.05505162498595, 39.308100841359241 ], [ -78.055047271025018, 39.308095955715096 ], [ -78.055040083157792, 39.308090553030972 ], [ -78.055037276714259, 39.308088225886159 ], [ -78.055022930733841, 39.308083823616485 ], [ -78.054982459612575, 39.308067679699946 ], [ -78.054978320906358, 39.308065607275076 ], [ -78.054963047670384, 39.308059514767002 ], [ -78.05492480840536, 39.308040366878096 ], [ -78.054889169196869, 39.308018399293552 ], [ -78.054856473217001, 39.307993823666479 ], [ -78.054846928049329, 39.307985908628041 ], [ -78.054817490174543, 39.307958961657235 ], [ -78.054791593927774, 39.307929902854937 ], [ -78.05476948882135, 39.307899012039556 ], [ -78.054751387560003, 39.307866586744936 ], [ -78.054737464428072, 39.307832939206556 ], [ -78.054727853788904, 39.307798393440891 ], [ -78.054722647889164, 39.307763282306794 ], [ -78.054721897017771, 39.307727943726121 ], [ -78.054723183366761, 39.307697282778534 ], [ -78.054726894679689, 39.307662057273703 ], [ -78.054735032493781, 39.307627283921896 ], [ -78.054739208037148, 39.307615918124853 ], [ -78.05473692370586, 39.307610397614674 ], [ -78.054727312974748, 39.307575851846025 ], [ -78.054722107200647, 39.307540740714323 ], [ -78.054721356324876, 39.307505402132556 ], [ -78.05472471643165, 39.307425311126927 ], [ -78.054723877987456, 39.307422297360411 ], [ -78.054718672105835, 39.307387186225327 ], [ -78.054718584339156, 39.307383056574615 ], [ -78.054708658906691, 39.307376938553212 ], [ -78.054675963393962, 39.307352362889645 ], [ -78.054666418214495, 39.307344447836769 ], [ -78.054636980781495, 39.307317500833385 ], [ -78.054611084832146, 39.30728844199988 ], [ -78.054610797632662, 39.307288040605251 ], [ -78.054608667106137, 39.307286090365615 ], [ -78.054582771179696, 39.307257031526554 ], [ -78.054560666361155, 39.307226140679845 ], [ -78.05454666229403, 39.307201054557368 ], [ -78.054510572538092, 39.307198759583727 ], [ -78.054465812454424, 39.307192437504867 ], [ -78.054422065531057, 39.3071827373807 ], [ -78.054379753179063, 39.307169752762405 ], [ -78.054339282853604, 39.307153608558217 ], [ -78.054301044249996, 39.30713446048663 ], [ -78.054265405691254, 39.307112492732664 ], [ -78.05424844401881, 39.307099743417481 ], [ -78.054217359045182, 39.307080582439561 ], [ -78.054184663725238, 39.307056006735493 ], [ -78.054175118757769, 39.307048091648483 ], [ -78.054151757795864, 39.307026706851914 ], [ -78.054148743240034, 39.307025781724768 ], [ -78.054108273049977, 39.307009637534954 ], [ -78.054070034593963, 39.306990489302315 ], [ -78.054034396178537, 39.306968521572543 ], [ -78.054032029926873, 39.306966742910134 ], [ -78.054031533055991, 39.306966494122982 ], [ -78.053995894668844, 39.306944526292263 ], [ -78.053963199494575, 39.306919950440751 ], [ -78.05395365457079, 39.306912035337021 ], [ -78.053924217478084, 39.3068850881657 ], [ -78.053898322098149, 39.30685602919165 ], [ -78.053876217588609, 39.306825138226181 ], [ -78.053858116994817, 39.306792712813348 ], [ -78.053849516968924, 39.306771928296918 ], [ -78.053813286287138, 39.306753785286254 ], [ -78.053777648076419, 39.306731817394578 ], [ -78.053760686696862, 39.30671906810727 ], [ -78.053751579003645, 39.30671345402461 ], [ -78.053736283677537, 39.306705794670457 ], [ -78.053700645515846, 39.306683826756853 ], [ -78.053667950565966, 39.306659250829838 ], [ -78.05365840571065, 39.306651335704167 ], [ -78.053628968839149, 39.306624388465437 ], [ -78.053603073559259, 39.30659532942984 ], [ -78.053580969374025, 39.306564438417993 ], [ -78.053562868979284, 39.306532012965612 ], [ -78.053548946651063, 39.306498365309764 ], [ -78.053539336744933, 39.306463819467993 ], [ -78.053534131500527, 39.30642870829994 ], [ -78.053534101371653, 39.30642728770583 ], [ -78.053531400326662, 39.306417578200872 ], [ -78.053526195207837, 39.306382466945436 ], [ -78.053525556684988, 39.306352394605341 ], [ -78.053524429141348, 39.306348341222495 ], [ -78.05351922390939, 39.306313230053775 ], [ -78.053518473614403, 39.306277891481194 ], [ -78.053518650102717, 39.306273686276043 ], [ -78.053516304105486, 39.306271740828485 ], [ -78.053506759318026, 39.306263825692561 ], [ -78.053497214532712, 39.30625591055589 ], [ -78.053487669753338, 39.306247995328548 ], [ -78.053478124972315, 39.30624008019047 ], [ -78.053448688335592, 39.306213132913584 ], [ -78.053422793274009, 39.306184073844591 ], [ -78.053413951609556, 39.306171717391209 ], [ -78.053404025462157, 39.306160578260808 ], [ -78.053381921376072, 39.306129687214664 ], [ -78.053375090159903, 39.306117449521309 ], [ -78.053372698338137, 39.306114106861628 ], [ -78.053354598144836, 39.306081681382679 ], [ -78.053340676109713, 39.306048033709729 ], [ -78.053337931578909, 39.306038167701971 ], [ -78.053327572408534, 39.306019609719442 ], [ -78.053313650397044, 39.305985962043891 ], [ -78.053304040542756, 39.305951416274119 ], [ -78.053298835558309, 39.305916305011664 ], [ -78.053298085250304, 39.305880966436973 ], [ -78.053300692510462, 39.305818846664735 ], [ -78.053296447122165, 39.305812913585434 ], [ -78.053278347033825, 39.305780488097426 ], [ -78.053264425086567, 39.305746840417456 ], [ -78.053254815285911, 39.305712294554546 ], [ -78.053249610216881, 39.305677183377298 ], [ -78.053248860044519, 39.305641844805017 ], [ -78.053249545261153, 39.305625519198308 ], [ -78.053245637478668, 39.305618518603509 ], [ -78.053231715578377, 39.305584870830636 ], [ -78.053222105807407, 39.30555032505562 ], [ -78.053216900765534, 39.305515213787146 ], [ -78.053216150602509, 39.305479875304471 ], [ -78.053221941649596, 39.305341901217453 ], [ -78.053225653518297, 39.305306675681962 ], [ -78.05323379171972, 39.305271902530841 ], [ -78.053236918361236, 39.305263392035606 ], [ -78.053236312227028, 39.305234837995116 ], [ -78.05324224750558, 39.305093425314574 ], [ -78.053241409147319, 39.305090411539801 ], [ -78.053236204115422, 39.305055300270688 ], [ -78.053235453936821, 39.30501996169555 ], [ -78.05323916576782, 39.304984736247029 ], [ -78.053247303919022, 39.304949963001619 ], [ -78.05325106662599, 39.304939721148337 ], [ -78.053235770287202, 39.304912318027363 ], [ -78.053221848506851, 39.304878670345239 ], [ -78.053212238819484, 39.304844124479615 ], [ -78.053207033928643, 39.304809013212093 ], [ -78.053206283755841, 39.304773674726107 ], [ -78.05320739323858, 39.304747240337328 ], [ -78.053206554885037, 39.304744226562363 ], [ -78.053201349881718, 39.304709115381499 ], [ -78.053200599713463, 39.30467377680511 ], [ -78.053202995367087, 39.304616698142183 ], [ -78.053192753186877, 39.304605204250983 ], [ -78.053170649643434, 39.30457431317955 ], [ -78.053152549898101, 39.304541887680251 ], [ -78.053138628220637, 39.304508239990589 ], [ -78.053138515281717, 39.304507833908524 ], [ -78.053124857262375, 39.304488745963404 ], [ -78.053123149778543, 39.304485686927308 ], [ -78.053079676061259, 39.304486243931265 ], [ -78.053030344770107, 39.304484994142008 ], [ -78.052985004396646, 39.304482110313714 ], [ -78.052940246320972, 39.304475787718545 ], [ -78.052927951288126, 39.30447306121475 ], [ -78.052926128624634, 39.304472945310408 ], [ -78.052902592291147, 39.304469620500804 ], [ -78.052878827143857, 39.304471746883593 ], [ -78.052833341391619, 39.304472329570665 ], [ -78.05281360881358, 39.304471829614101 ], [ -78.052768268578646, 39.304468945704841 ], [ -78.052723510423988, 39.304462622934352 ], [ -78.052679765573174, 39.304452922316983 ], [ -78.052637455201847, 39.304439937043696 ], [ -78.052596986731032, 39.30442379238815 ], [ -78.052558750079996, 39.30440464380991 ], [ -78.052523113433352, 39.304382675585927 ], [ -78.05249041993855, 39.304358099375463 ], [ -78.052489686226409, 39.304357490906476 ], [ -78.05247587072698, 39.304350572184305 ], [ -78.052461626851724, 39.304348559990046 ], [ -78.052417882001365, 39.304338859185073 ], [ -78.052375571748186, 39.304325873910678 ], [ -78.052335103527099, 39.304309729081396 ], [ -78.052311620640765, 39.304297968949236 ], [ -78.052307321877478, 39.304297860014266 ], [ -78.05226198167189, 39.304294975909549 ], [ -78.052217223685091, 39.304288652949872 ], [ -78.052213407858645, 39.304287806742046 ], [ -78.052169516538925, 39.30428669444747 ], [ -78.052124176349537, 39.30428381028949 ], [ -78.052079418501393, 39.304277487280423 ], [ -78.052067123541974, 39.30427476068806 ], [ -78.052065300885872, 39.304274644770473 ], [ -78.052020542930634, 39.304268321826214 ], [ -78.052015410208497, 39.30426718360291 ], [ -78.051976826735824, 39.304264729170619 ], [ -78.051932068800738, 39.304258406102825 ], [ -78.051888324203603, 39.304248705196265 ], [ -78.051846014117615, 39.304235719644716 ], [ -78.051805546076864, 39.304219574727419 ], [ -78.051767309765964, 39.304200425900639 ], [ -78.051744102414276, 39.30418611944755 ], [ -78.051719744312479, 39.304199220313343 ], [ -78.051679982851823, 39.304216392218343 ], [ -78.051674543576326, 39.304218224782929 ], [ -78.051669447645565, 39.304220965549284 ], [ -78.051629686157227, 39.304238137526077 ], [ -78.051613933939436, 39.304243444604772 ], [ -78.051609631780195, 39.304245302565484 ], [ -78.051567895314761, 39.304259363910681 ], [ -78.051524585776065, 39.304270179329208 ], [ -78.051480120342703, 39.30427764444552 ], [ -78.051434927111373, 39.304281687592095 ], [ -78.051389441505918, 39.304282269718392 ], [ -78.051211849611747, 39.304277767819343 ], [ -78.051166509490926, 39.304274883289501 ], [ -78.051121751757876, 39.304268559915165 ], [ -78.051078007169835, 39.304258858704735 ], [ -78.05103569724632, 39.304245872863703 ], [ -78.050995229404037, 39.304229727671171 ], [ -78.050994604467505, 39.304229414636957 ], [ -78.050967599717808, 39.304221126371282 ], [ -78.050927131790772, 39.30420498115317 ], [ -78.050888895749225, 39.304185831956787 ], [ -78.050873106559436, 39.304176098296146 ], [ -78.050861003216681, 39.304172383517361 ], [ -78.050820535459735, 39.304156238266977 ], [ -78.050782299471436, 39.304137089127487 ], [ -78.050746663545851, 39.304115120384218 ], [ -78.050744297473443, 39.304113341660923 ], [ -78.050743800634663, 39.304113092860831 ], [ -78.050708164729812, 39.304091124196589 ], [ -78.050675472032225, 39.304066547503801 ], [ -78.050665927864301, 39.304058632155481 ], [ -78.050656383702304, 39.304050716716453 ], [ -78.050626949060018, 39.304023768792021 ], [ -78.050601055957785, 39.303994709159781 ], [ -78.050578953877633, 39.303963817646164 ], [ -78.050572123459943, 39.303951579903554 ], [ -78.050569731730647, 39.303948237100045 ], [ -78.050551633356108, 39.30391581124438 ], [ -78.050537712935096, 39.303882163289074 ], [ -78.050532371794148, 39.303862959193225 ], [ -78.050526469065844, 39.303862125236037 ], [ -78.050522652826615, 39.303861278872567 ], [ -78.050478762187652, 39.303860165959421 ], [ -78.050433422499538, 39.303857281157775 ], [ -78.050388664994699, 39.303850957600396 ], [ -78.050344920785847, 39.303841256037202 ], [ -78.05030261125799, 39.303828270033186 ], [ -78.050262143835241, 39.303812124599943 ], [ -78.050258005522167, 39.303810052020481 ], [ -78.050242733638242, 39.3038039589389 ], [ -78.05023859634602, 39.303801886925157 ], [ -78.050223323326293, 39.303795793361829 ], [ -78.050185087707362, 39.303776643948495 ], [ -78.050149452152468, 39.303754675124971 ], [ -78.050116759809839, 39.303730098287176 ], [ -78.050107215751211, 39.303722182896699 ], [ -78.050097671694715, 39.303714267505505 ], [ -78.050068237408951, 39.303687319451718 ], [ -78.05004234466135, 39.303658259707035 ], [ -78.050020242930557, 39.303627368098958 ], [ -78.050013412421137, 39.303615130052002 ], [ -78.050011020953733, 39.303611787424131 ], [ -78.049992922919913, 39.303579361492901 ], [ -78.049979002827669, 39.303545713481675 ], [ -78.049969395011033, 39.303511167411443 ], [ -78.049964969510427, 39.303481304587081 ], [ -78.049949959264865, 39.303479183737529 ], [ -78.049906215471452, 39.303469482022699 ], [ -78.049863906254657, 39.303456495869852 ], [ -78.049823439151524, 39.303440350294935 ], [ -78.049822813883708, 39.303440037156058 ], [ -78.049795809819159, 39.303431748639795 ], [ -78.049787073064465, 39.30342826282169 ], [ -78.049726595670961, 39.303426728943606 ], [ -78.049681725585984, 39.303423873689532 ], [ -78.04966896014632, 39.303426016711782 ], [ -78.049623767526086, 39.303430059084469 ], [ -78.049578282383038, 39.303430640609498 ], [ -78.049558550271215, 39.303430140115196 ], [ -78.049513210808215, 39.303427254873469 ], [ -78.049468453680433, 39.303420930974902 ], [ -78.049443707713195, 39.303415442564138 ], [ -78.049419445417087, 39.303412014410242 ], [ -78.049375701747067, 39.303402312590045 ], [ -78.049333392684105, 39.303389326159248 ], [ -78.049292925752411, 39.303373180405558 ], [ -78.049254690625915, 39.303354030793301 ], [ -78.049219055474538, 39.30333206160941 ], [ -78.049186363661875, 39.303307484528204 ], [ -78.049176819767496, 39.303299569066994 ], [ -78.049165932913979, 39.303289601451837 ], [ -78.049124044297983, 39.303286935754791 ], [ -78.049079287307194, 39.303280611620977 ], [ -78.049069380543884, 39.303278414372421 ], [ -78.049055304000433, 39.303277518559014 ], [ -78.049010547139275, 39.303271194402129 ], [ -78.048998253064951, 39.303268467690643 ], [ -78.048996429867628, 39.303268351621405 ], [ -78.048951672903172, 39.303262027439331 ], [ -78.048946540311931, 39.303260889085031 ], [ -78.048907957561738, 39.303258433658741 ], [ -78.048863200609887, 39.303252109533133 ], [ -78.048859384426862, 39.303251263116991 ], [ -78.048845092538656, 39.303250900523309 ], [ -78.048799753234036, 39.303248015098696 ], [ -78.048754996304922, 39.303241690842036 ], [ -78.048742702019467, 39.303238964008195 ], [ -78.048740879167269, 39.303238848033814 ], [ -78.048696122250689, 39.3032325237549 ], [ -78.048688602934732, 39.303230855940811 ], [ -78.048662272962417, 39.303229180292661 ], [ -78.048617516060929, 39.303222855983982 ], [ -78.048578561732455, 39.303214215961781 ], [ -78.048578374193767, 39.30321418949287 ], [ -78.048534630669494, 39.303204487272026 ], [ -78.048504310801675, 39.30319518059369 ], [ -78.048485973030566, 39.303194013534927 ], [ -78.048441216287287, 39.303187689162712 ], [ -78.048431309560286, 39.303185491861008 ], [ -78.048417233048426, 39.303184595971338 ], [ -78.048372476203141, 39.303178271570161 ], [ -78.048365893049592, 39.303176811443805 ], [ -78.048364642841406, 39.303178318192224 ], [ -78.048336365507865, 39.303206003747349 ], [ -78.048304731509006, 39.303231402620874 ], [ -78.048294543256105, 39.303238817443173 ], [ -78.048274166740086, 39.30325364717482 ], [ -78.048239480739511, 39.303276514667324 ], [ -78.048202076788641, 39.303296630716012 ], [ -78.048177997429903, 39.303307029232336 ], [ -78.048168807096943, 39.303313088093127 ], [ -78.048131403107092, 39.303333204117465 ], [ -78.048091641345593, 39.303350374872515 ], [ -78.048075889564714, 39.303355681301653 ], [ -78.048071587020871, 39.303357539301317 ], [ -78.048055834766103, 39.303362845895819 ], [ -78.048051532576366, 39.303364703723538 ], [ -78.048009796013019, 39.303378763785851 ], [ -78.047966486565002, 39.303389577789915 ], [ -78.047922021398747, 39.303397041642889 ], [ -78.047876828619678, 39.303401083420347 ], [ -78.047831343527676, 39.303401664171979 ], [ -78.047762281159919, 39.303399911389164 ], [ -78.047716941830458, 39.303397025540292 ], [ -78.047672185046764, 39.303390700869876 ], [ -78.047628441560718, 39.303380998308846 ], [ -78.047586132869952, 39.303368011344752 ], [ -78.047584761113797, 39.303367464033826 ], [ -78.04756988989061, 39.303364165481732 ], [ -78.047547308247729, 39.303357233849297 ], [ -78.047545402172631, 39.303356811076235 ], [ -78.047545215556895, 39.303356784719178 ], [ -78.047501472228092, 39.303347082114712 ], [ -78.047465940040155, 39.303336175200656 ], [ -78.047427789999418, 39.303330784125365 ], [ -78.047384046589798, 39.303321081474962 ], [ -78.047341737985278, 39.303308094424885 ], [ -78.047301271601128, 39.303291947996804 ], [ -78.047263037106035, 39.303272797661492 ], [ -78.047227402772151, 39.303250827894907 ], [ -78.0471947117246, 39.303226250371132 ], [ -78.047175624316807, 39.303210419045726 ], [ -78.047166080672156, 39.303202503428423 ], [ -78.04715653702965, 39.303194587810388 ], [ -78.047146993389291, 39.30318667219165 ], [ -78.047137449754871, 39.303178756482225 ], [ -78.047127906002984, 39.303170840859117 ], [ -78.047098473235764, 39.303143892105979 ], [ -78.047072581946139, 39.303114831751664 ], [ -78.047050481598674, 39.303083939629538 ], [ -78.047041147764418, 39.303067214780341 ], [ -78.04703918506749, 39.303066779391138 ], [ -78.046996876685085, 39.303053792223295 ], [ -78.046996793893243, 39.30305375922233 ], [ -78.046975369238154, 39.303050731498622 ], [ -78.046931626070176, 39.303041028776541 ], [ -78.046909044028567, 39.303034096831425 ], [ -78.046902350527006, 39.303032612110648 ], [ -78.046860042193259, 39.303019624894674 ], [ -78.046819576092702, 39.30300347830871 ], [ -78.046818353190474, 39.303002865762863 ], [ -78.046799715548801, 39.303000231898757 ], [ -78.046794583592657, 39.302999093556124 ], [ -78.046756000526926, 39.302996637409073 ], [ -78.046711243990416, 39.302990312378313 ], [ -78.046667501021957, 39.30298060947252 ], [ -78.046625192767806, 39.302967622173789 ], [ -78.046584726755682, 39.30295147550914 ], [ -78.046569774646045, 39.30294398636444 ], [ -78.046566964134044, 39.302943123608188 ], [ -78.046526498034552, 39.302926976921306 ], [ -78.046518223334687, 39.302922832359108 ], [ -78.046487679062366, 39.302910644577935 ], [ -78.046483542168303, 39.302908572532331 ], [ -78.046468269467425, 39.302902478398686 ], [ -78.046430035422475, 39.302883327804942 ], [ -78.046416376101064, 39.302874906205666 ], [ -78.046412757036492, 39.302873093418285 ], [ -78.046405661473386, 39.302872641734631 ], [ -78.046360905055352, 39.302866316573045 ], [ -78.046317162104032, 39.302856613537067 ], [ -78.046274853996067, 39.302843626115887 ], [ -78.046257058974618, 39.302836525527006 ], [ -78.046226169079063, 39.30282704307254 ], [ -78.046188435421129, 39.302811986497815 ], [ -78.046155976970397, 39.302807399230367 ], [ -78.046146070264342, 39.302805201735566 ], [ -78.046131993990855, 39.302804305576053 ], [ -78.046087237647299, 39.302797980311631 ], [ -78.046083421987362, 39.302797133908257 ], [ -78.045921140277386, 39.302793012754876 ], [ -78.045875801575249, 39.302790126208308 ], [ -78.045831045269949, 39.302783800846449 ], [ -78.045806300888572, 39.302778311976553 ], [ -78.04578203800142, 39.302774882871759 ], [ -78.045738295200053, 39.302765179623009 ], [ -78.045711645762339, 39.302756998805592 ], [ -78.045577121966545, 39.302753582152334 ], [ -78.045531783196552, 39.302750695470117 ], [ -78.045487027071346, 39.302744369980836 ], [ -78.045448073340438, 39.302735728930699 ], [ -78.045447885804506, 39.302735702456836 ], [ -78.045435591984855, 39.302732975377126 ], [ -78.045433768810796, 39.302732859252764 ], [ -78.045389012708085, 39.302726533726485 ], [ -78.045345270000098, 39.302716830332955 ], [ -78.045302962176933, 39.302703842567794 ], [ -78.045289868375576, 39.302698617725135 ], [ -78.045287069896801, 39.302698439529394 ], [ -78.045242313716798, 39.302692113945 ], [ -78.045238498074468, 39.302691267514483 ], [ -78.045115680495897, 39.302688147684449 ], [ -78.04507034191414, 39.302685260827488 ], [ -78.045028317406619, 39.30267932120244 ], [ -78.045014849228878, 39.302688199892479 ], [ -78.044977444746777, 39.30270831479212 ], [ -78.044937682645013, 39.302725484454051 ], [ -78.044895945916252, 39.302739543390381 ], [ -78.044852636462039, 39.302750356232032 ], [ -78.044808171332974, 39.302757818894442 ], [ -78.044762978864711, 39.302761859470444 ], [ -78.044717494354117, 39.302762439021336 ], [ -78.044569505236268, 39.302758679098268 ], [ -78.044524166529172, 39.302755792024492 ], [ -78.044479410515976, 39.302749466150573 ], [ -78.044445132182375, 39.302741861974781 ], [ -78.044408127694524, 39.302745170329381 ], [ -78.044362643200557, 39.302745749741717 ], [ -78.044328618951909, 39.302744885208824 ], [ -78.044324740286271, 39.302745536160913 ], [ -78.044324550925012, 39.302745553059822 ], [ -78.044284953851147, 39.302752198548568 ], [ -78.044284765420258, 39.302752215380949 ], [ -78.044245167409287, 39.302758860922317 ], [ -78.044220669102472, 39.302761051136258 ], [ -78.044195515042134, 39.302765272673604 ], [ -78.044150322668358, 39.302769312922855 ], [ -78.044104838043324, 39.302769892320683 ], [ -78.043942556686247, 39.302765768411767 ], [ -78.043938678016659, 39.302766419350796 ], [ -78.043893485514033, 39.30277045958664 ], [ -78.043867071260252, 39.302770795912849 ], [ -78.043859427773796, 39.302772078698368 ], [ -78.043814235380694, 39.302776118906024 ], [ -78.043768750760535, 39.302776698082077 ], [ -78.043640493561057, 39.302773438445612 ], [ -78.043595155021293, 39.302770551013509 ], [ -78.043550398989225, 39.302764224781775 ], [ -78.043506656671696, 39.302754520708092 ], [ -78.043503065640309, 39.302753418232797 ], [ -78.043499389659047, 39.302754336005535 ], [ -78.0434549245319, 39.302761798147657 ], [ -78.043409732016229, 39.302765838194475 ], [ -78.04336424752519, 39.30276641721531 ], [ -78.043216258579903, 39.302762655571797 ], [ -78.043170919959124, 39.302759767972198 ], [ -78.043126163982407, 39.302753441578837 ], [ -78.043082421740237, 39.302743737347974 ], [ -78.043040114371848, 39.302730748774536 ], [ -78.042999649396464, 39.302714600897751 ], [ -78.042961416469169, 39.302695449202403 ], [ -78.042947757848964, 39.302687027398363 ], [ -78.042940182216569, 39.302683232588457 ], [ -78.042936281138054, 39.302682367154894 ], [ -78.042912019037075, 39.30267893756227 ], [ -78.042904499824814, 39.302677269378421 ], [ -78.042878170395795, 39.302675592436017 ], [ -78.042833414505793, 39.302669265932877 ], [ -78.04282959889872, 39.302668419424428 ], [ -78.042795574850473, 39.302667554447872 ], [ -78.04275542990591, 39.30266499745121 ], [ -78.042738231298415, 39.30266929102077 ], [ -78.042737581172531, 39.302669571772846 ], [ -78.042695844086623, 39.302683629903854 ], [ -78.042668201433727, 39.302690530747029 ], [ -78.042667551191556, 39.302690811495744 ], [ -78.042625814080296, 39.302704869600554 ], [ -78.042598171181425, 39.302711770420579 ], [ -78.042597521290062, 39.302712051087731 ], [ -78.042555784153464, 39.302726109166329 ], [ -78.042512474401889, 39.302736921122687 ], [ -78.042468009088893, 39.302744382880789 ], [ -78.042443510288166, 39.302746572796494 ], [ -78.042418356621226, 39.302750793777207 ], [ -78.042400244478642, 39.302752412778766 ], [ -78.042383248790813, 39.302756655601911 ], [ -78.042338783570358, 39.302764117312506 ], [ -78.042338593857508, 39.302764134289305 ], [ -78.042336657612921, 39.302764459179912 ], [ -78.042313541630406, 39.302770229881524 ], [ -78.042303027445143, 39.302771994224358 ], [ -78.042277913565798, 39.302785498808376 ], [ -78.042277397005861, 39.302785721876447 ], [ -78.042274886440524, 39.302787376770468 ], [ -78.042237481169963, 39.302807490846241 ], [ -78.042197718402761, 39.302824659453066 ], [ -78.042155981122903, 39.302838717472262 ], [ -78.042112671248503, 39.302849529274489 ], [ -78.042068205830489, 39.302856990875206 ], [ -78.04202301321105, 39.30286103028746 ], [ -78.041984306787654, 39.302861522584351 ], [ -78.041979089505631, 39.302862398050955 ], [ -78.041933896991779, 39.302866437521175 ], [ -78.041888412343823, 39.302867015958611 ], [ -78.041855445484359, 39.302866177590218 ], [ -78.041841455310831, 39.302879873075526 ], [ -78.041810509750775, 39.302904715890776 ], [ -78.0417901879932, 39.302924609444936 ], [ -78.041758551985879, 39.302950006455745 ], [ -78.041748363004189, 39.302957420676911 ], [ -78.041738174136199, 39.302964834900038 ], [ -78.04172798526227, 39.302972249212175 ], [ -78.041693297396009, 39.302995114676463 ], [ -78.041655891855996, 39.303015228553924 ], [ -78.041616128838101, 39.303032396951366 ], [ -78.041574391328652, 39.303046454752177 ], [ -78.04154674796996, 39.30305335539687 ], [ -78.04154609819112, 39.303053635970812 ], [ -78.041539053741559, 39.303056008641356 ], [ -78.041516278841684, 39.303074291914356 ], [ -78.041506089813069, 39.303081706202491 ], [ -78.041471401822307, 39.303104571595391 ], [ -78.041433996162851, 39.303124685396469 ], [ -78.041394233027916, 39.303141853803297 ], [ -78.041352495416334, 39.303155911430046 ], [ -78.041309185238106, 39.303166722920245 ], [ -78.041264719666671, 39.30317418420529 ], [ -78.041264530068389, 39.303174201183232 ], [ -78.041224932761295, 39.303180845524835 ], [ -78.041179739900386, 39.303184884689266 ], [ -78.041141032730835, 39.303185376683579 ], [ -78.041135815999269, 39.303186252035694 ], [ -78.041090623131907, 39.303190291165151 ], [ -78.04104513840349, 39.303190869267269 ], [ -78.040976076550407, 39.303189112463805 ], [ -78.040930737918217, 39.303186223986586 ], [ -78.040885981928184, 39.303179896728395 ], [ -78.040842239786784, 39.303170191656818 ], [ -78.040799932516435, 39.303157202271876 ], [ -78.040759467865968, 39.303141053626526 ], [ -78.040721235371507, 39.303121901209948 ], [ -78.040685603282142, 39.303099929608145 ], [ -78.040683237510308, 39.303098150690779 ], [ -78.040682740716861, 39.30309790184927 ], [ -78.040647108655804, 39.303075930146505 ], [ -78.040632578661459, 39.303065004695483 ], [ -78.040627308685075, 39.303065888939855 ], [ -78.040582115994681, 39.30306992787645 ], [ -78.040536631236876, 39.303070505779473 ], [ -78.040433545480269, 39.303067883007593 ], [ -78.040429666652798, 39.303068533824685 ], [ -78.040384473838316, 39.303072572680982 ], [ -78.040338989197863, 39.303073150509491 ], [ -78.040230463814936, 39.303070389151955 ], [ -78.040185125192338, 39.303067500384977 ], [ -78.040140369362689, 39.30306117284502 ], [ -78.040096627411287, 39.303051467589412 ], [ -78.040054320485893, 39.303038477853789 ], [ -78.040016588167731, 39.303023419322045 ], [ -78.04000429941172, 39.303021681921066 ], [ -78.039986632558012, 39.30302930954781 ], [ -78.039944894760822, 39.303043366751183 ], [ -78.039901584469277, 39.303054177711473 ], [ -78.039857118738354, 39.303061638452263 ], [ -78.039838299772953, 39.303063320141305 ], [ -78.039837027721177, 39.30306386935797 ], [ -78.039795289764371, 39.303077926412676 ], [ -78.039751979431628, 39.303088737315512 ], [ -78.039707513782076, 39.30309619800051 ], [ -78.039662320929594, 39.303100236483786 ], [ -78.039616836283045, 39.303100814028788 ], [ -78.039389919554452, 39.303095038752716 ], [ -78.03934458097126, 39.30309214965861 ], [ -78.039299825334254, 39.303085821890257 ], [ -78.039272049661164, 39.303079658926258 ], [ -78.039243814467298, 39.303084396241552 ], [ -78.039198621722974, 39.30308843454678 ], [ -78.03915313697587, 39.303089011907531 ], [ -78.03910380728577, 39.303087756254385 ], [ -78.039058468726068, 39.303084867049307 ], [ -78.039013713126423, 39.303078539171942 ], [ -78.038969971234863, 39.303068833404964 ], [ -78.038927664529837, 39.303055843356816 ], [ -78.038887200408354, 39.303039694078073 ], [ -78.038885977352152, 39.303039081355493 ], [ -78.038867340422513, 39.303036446329322 ], [ -78.038863524392312, 39.303035599590011 ], [ -78.038849232561205, 39.303035235767979 ], [ -78.038803894052037, 39.303032346465272 ], [ -78.03875913840271, 39.303026018399045 ], [ -78.03872018456542, 39.303017375006604 ], [ -78.038719998070619, 39.303017348638477 ], [ -78.038676256264282, 39.303007642763873 ], [ -78.038633949656557, 39.302994652612185 ], [ -78.038593485643517, 39.302978503234939 ], [ -78.038555253870982, 39.302959350131353 ], [ -78.038551950913018, 39.302957313360793 ], [ -78.038540423792668, 39.302956578742744 ], [ -78.038495668221373, 39.302950250577744 ], [ -78.038451926488833, 39.302940544711383 ], [ -78.038409619971262, 39.302927554391054 ], [ -78.038408248301906, 39.302927006974841 ], [ -78.03839816656776, 39.30292476986272 ], [ -78.038397979034713, 39.302924743377567 ], [ -78.038354237337472, 39.302915037385532 ], [ -78.038311930851521, 39.302902047120867 ], [ -78.038299708091571, 39.302897168879987 ], [ -78.038297862285461, 39.302896759381603 ], [ -78.038296039126024, 39.30289664314558 ], [ -78.038251283736429, 39.302890314891656 ], [ -78.038247468182277, 39.302889468234483 ], [ -78.038130090534068, 39.30288647952186 ], [ -78.038126211816035, 39.302887130264594 ], [ -78.03808101904292, 39.302891168224832 ], [ -78.038035534557991, 39.302891745155748 ], [ -78.037990196194713, 39.302888855540402 ], [ -78.037945440729231, 39.302882527167007 ], [ -78.037901699247115, 39.302872821010965 ], [ -78.037859392880279, 39.302859830585646 ], [ -78.03785065684454, 39.302856343895336 ], [ -78.037691521553, 39.302852291362797 ], [ -78.037646183353559, 39.302849401617699 ], [ -78.037601427952382, 39.302843073113955 ], [ -78.037591521671061, 39.30284087490304 ], [ -78.037577445449173, 39.302839977708523 ], [ -78.037532690177642, 39.302833649181721 ], [ -78.037507946539435, 39.302828158569362 ], [ -78.037483684149905, 39.3028247277472 ], [ -78.037439942662331, 39.302815021418162 ], [ -78.037397636425766, 39.302802030829262 ], [ -78.037379505443909, 39.302794794395247 ], [ -78.037364042801784, 39.30279617587356 ], [ -78.037362213881707, 39.302796199017635 ], [ -78.037349716851011, 39.302798295629017 ], [ -78.0373045241098, 39.302802333287893 ], [ -78.037259039579467, 39.302802909913972 ], [ -78.037239307863544, 39.302802407338412 ], [ -78.037193969610129, 39.302799517415899 ], [ -78.037149214408075, 39.302793188743706 ], [ -78.037105472994099, 39.302783482291261 ], [ -78.037063166845783, 39.302770491583644 ], [ -78.037033188880656, 39.302758526648987 ], [ -78.037023449512631, 39.302761806557641 ], [ -78.036980139016123, 39.302772616419333 ], [ -78.036935673341162, 39.302780076040762 ], [ -78.036890480598061, 39.302784113538209 ], [ -78.036844996202191, 39.302784690005531 ], [ -78.036785800861807, 39.302783182053041 ], [ -78.036740462766403, 39.302780291957752 ], [ -78.036695707512621, 39.302773963109985 ], [ -78.036651966299786, 39.302764256492651 ], [ -78.036609660257213, 39.302751265623577 ], [ -78.036591866329985, 39.302744163593047 ], [ -78.036560977938635, 39.302734678711204 ], [ -78.036520514478568, 39.302718528632624 ], [ -78.036516110735533, 39.302716322327377 ], [ -78.036510520556831, 39.302715531837322 ], [ -78.036498226576086, 39.302712803630968 ], [ -78.036496404117329, 39.302712687474695 ], [ -78.036451648934218, 39.302706358535389 ], [ -78.036426904864044, 39.302700867592989 ], [ -78.036402643160557, 39.30269743665356 ], [ -78.036390349759401, 39.302694708630803 ], [ -78.036388526610239, 39.302694592365171 ], [ -78.036343771566749, 39.302688263388077 ], [ -78.036331478169828, 39.302685535359231 ], [ -78.036329655021078, 39.302685419092683 ], [ -78.036284899874289, 39.302679090090372 ], [ -78.036241158786353, 39.30266938332273 ], [ -78.036237722871931, 39.302668328267458 ], [ -78.036207920619276, 39.302668705798858 ], [ -78.036188188959812, 39.302668203046586 ], [ -78.036142850861921, 39.302665312718979 ], [ -78.036098095865057, 39.302658983648818 ], [ -78.036054354700127, 39.302649276899331 ], [ -78.036031773990032, 39.302642342886358 ], [ -78.036025943376643, 39.30264104897828 ], [ -78.035972110880166, 39.302639677262697 ], [ -78.035926772934474, 39.302636786764793 ], [ -78.035882017860757, 39.302630457699877 ], [ -78.035869723923355, 39.302627729428494 ], [ -78.035867901352631, 39.302627613259553 ], [ -78.035823146411076, 39.302621284085347 ], [ -78.035779405313889, 39.302611577234693 ], [ -78.035737099546992, 39.302598585967402 ], [ -78.035696636486989, 39.302582435614852 ], [ -78.035658405770519, 39.302563281685629 ], [ -78.035622775640903, 39.302541308511167 ], [ -78.035590089182776, 39.302516727798405 ], [ -78.035580546994552, 39.302508811282379 ], [ -78.035571004808475, 39.302500894765657 ], [ -78.03556146250871, 39.302492978245283 ], [ -78.035532034636574, 39.302466026740547 ], [ -78.035506148532363, 39.302436963998794 ], [ -78.035484053610759, 39.30240606987639 ], [ -78.035465962712763, 39.302373641854842 ], [ -78.035452050015337, 39.30233999237506 ], [ -78.035442449434967, 39.302305445463361 ], [ -78.035437253594978, 39.302270333732324 ], [ -78.035436512210111, 39.302234995456836 ], [ -78.035439424857572, 39.302166009483273 ], [ -78.035443145465649, 39.302130784835157 ], [ -78.035451291818362, 39.30209601323088 ], [ -78.035463785776727, 39.302062029325036 ], [ -78.035470347482857, 39.302049130920018 ], [ -78.035473612398249, 39.302035195216192 ], [ -78.035484738392512, 39.30200493217113 ], [ -78.035484772614623, 39.302004786205018 ], [ -78.035485862459382, 39.302001821812375 ], [ -78.035489567462847, 39.301914066673312 ], [ -78.035493287904885, 39.301878842107818 ], [ -78.035501434315464, 39.301844070409615 ], [ -78.035502524156598, 39.301841106016631 ], [ -78.035502669348347, 39.301837667034661 ], [ -78.035506389896995, 39.301802442380918 ], [ -78.035514536170268, 39.301767670767859 ], [ -78.035516684014496, 39.301761828642491 ], [ -78.035518844507152, 39.301741373006308 ], [ -78.035526990884946, 39.301706601304517 ], [ -78.035539484606289, 39.301672617471567 ], [ -78.035548409306529, 39.30165507406025 ], [ -78.035550321234751, 39.301649873541763 ], [ -78.035567042145587, 39.301617004763315 ], [ -78.035587829167866, 39.301585567635939 ], [ -78.03559473347714, 39.301577249038488 ], [ -78.035595023780459, 39.301574500561181 ], [ -78.035603170092443, 39.301539728941002 ], [ -78.035615663862217, 39.301505745009422 ], [ -78.035632384704442, 39.301472876218405 ], [ -78.035653171651404, 39.301441439075916 ], [ -78.035677824548884, 39.301411736298995 ], [ -78.035683215181152, 39.301406459843221 ], [ -78.035694899514283, 39.30138878891843 ], [ -78.035719552258939, 39.301359086128087 ], [ -78.035747833586996, 39.301331403795743 ], [ -78.035779471015871, 39.301306008472721 ], [ -78.03578966022863, 39.301298594784853 ], [ -78.035824349037895, 39.301275731027864 ], [ -78.035851229222672, 39.30126127858955 ], [ -78.035885160780609, 39.301238913865582 ], [ -78.035922566874888, 39.301218801956743 ], [ -78.035940903286701, 39.301210885809645 ], [ -78.035941527837167, 39.301210384456844 ], [ -78.035951717022982, 39.30120297066351 ], [ -78.035961906318676, 39.301195556962121 ], [ -78.035972095496405, 39.301188143256809 ], [ -78.036006784192764, 39.301165279440653 ], [ -78.036044190214071, 39.301145167489615 ], [ -78.036060095410321, 39.301138300931548 ], [ -78.036074434267888, 39.301130591354045 ], [ -78.036090339222596, 39.301123724875687 ], [ -78.036099130149637, 39.301118998255973 ], [ -78.036123216544766, 39.30109542175942 ], [ -78.036154853616623, 39.301070026321135 ], [ -78.036165042875581, 39.301062612510258 ], [ -78.03619973144427, 39.301039748721337 ], [ -78.03622633824223, 39.301025443002779 ], [ -78.03623604338452, 39.3010183814241 ], [ -78.036242817114072, 39.301013452775344 ], [ -78.036244145806023, 39.301011443233911 ], [ -78.036244548927414, 39.301010957587799 ], [ -78.036255220850322, 39.300989978836462 ], [ -78.036264361780141, 39.300976154172481 ], [ -78.03627656964926, 39.300952155991475 ], [ -78.036297356149703, 39.300920718624475 ], [ -78.036300023726369, 39.300917504527987 ], [ -78.036307868769029, 39.30090563979067 ], [ -78.036332521195575, 39.300875936854801 ], [ -78.036343361783409, 39.30086532557425 ], [ -78.036353222892771, 39.300853444184689 ], [ -78.036381503764176, 39.300825761678816 ], [ -78.036413140735064, 39.300800366163969 ], [ -78.036420648535866, 39.300794903355602 ], [ -78.03643231795003, 39.300771963538253 ], [ -78.036453104320174, 39.300740526227862 ], [ -78.036455771639538, 39.300737312391227 ], [ -78.036463616881278, 39.30072544728727 ], [ -78.036488269175877, 39.300695744312627 ], [ -78.036516549928578, 39.300668061768789 ], [ -78.036548186662387, 39.300642666209093 ], [ -78.036558375697439, 39.300635252446355 ], [ -78.036568564846149, 39.300627838685578 ], [ -78.036578753880718, 39.300620424830889 ], [ -78.036587243960511, 39.300614247258629 ], [ -78.036591036778063, 39.300598056899112 ], [ -78.036594547899497, 39.300588505734737 ], [ -78.036594697535108, 39.300587089268738 ], [ -78.036602843214396, 39.300552317460152 ], [ -78.036603932986139, 39.300549353053725 ], [ -78.03660634248115, 39.300492258288088 ], [ -78.036610062244421, 39.300457033655178 ], [ -78.036618207897007, 39.30042226184397 ], [ -78.036630700948962, 39.300388277771347 ], [ -78.036647421025606, 39.300355408800584 ], [ -78.036668207166656, 39.300323971441415 ], [ -78.036692859225596, 39.300294268412962 ], [ -78.03672113972894, 39.300266585808451 ], [ -78.036752776202036, 39.300241190181822 ], [ -78.036762965155617, 39.300233776397668 ], [ -78.036773154222885, 39.300226362615476 ], [ -78.0367799277209, 39.300221433927561 ], [ -78.036781256501044, 39.300219424291541 ], [ -78.036805908358318, 39.300189721232464 ], [ -78.03681674936287, 39.300179109464757 ], [ -78.036826609804791, 39.30016722855521 ], [ -78.036854890091007, 39.300139545820734 ], [ -78.036886526573653, 39.300114150156155 ], [ -78.036896715494564, 39.300106736358899 ], [ -78.036906904413314, 39.300099322560648 ], [ -78.036917093329933, 39.300091908761424 ], [ -78.036951781171723, 39.300069044627165 ], [ -78.036989186452971, 39.300048932339124 ], [ -78.037002041001259, 39.300043382544075 ], [ -78.03701001066851, 39.300033779808174 ], [ -78.03703169147964, 39.300012557192147 ], [ -78.037051413211344, 39.299988794274213 ], [ -78.037079693447993, 39.299961111571129 ], [ -78.037111329652802, 39.299935715835581 ], [ -78.037121518643715, 39.299928301929498 ], [ -78.03713170751287, 39.299920888109455 ], [ -78.037132392311733, 39.299920436750178 ], [ -78.037143760174061, 39.299906739449803 ], [ -78.037172040340607, 39.299879056721281 ], [ -78.037188011782192, 39.299866235727386 ], [ -78.037188082868738, 39.299865562171568 ], [ -78.037196228146499, 39.299830790393273 ], [ -78.037208720799072, 39.299796806240863 ], [ -78.037225440451806, 39.299763937168386 ], [ -78.037226145019076, 39.299762871572725 ], [ -78.037230392094571, 39.299751318076787 ], [ -78.037247111725179, 39.299718449000167 ], [ -78.037260243884575, 39.299698587072207 ], [ -78.03726124212308, 39.299694325807543 ], [ -78.037273734716138, 39.299660341645321 ], [ -78.03729045430245, 39.299627472560424 ], [ -78.037311239926453, 39.299596035063693 ], [ -78.037335891446631, 39.299566331875518 ], [ -78.037346731793434, 39.299555720398814 ], [ -78.037356592416842, 39.299543839085359 ], [ -78.037384872351197, 39.299516156204803 ], [ -78.037398004030848, 39.299505614701239 ], [ -78.037404794969547, 39.299492264292049 ], [ -78.037425580503538, 39.299460826680757 ], [ -78.037450231925746, 39.299431123464103 ], [ -78.037478511772562, 39.299403440647147 ], [ -78.037506370803413, 39.299381076618502 ], [ -78.03750806093025, 39.299378520352299 ], [ -78.037532712287543, 39.299348817115337 ], [ -78.037560991952063, 39.299321134272532 ], [ -78.037592627803605, 39.299295738388899 ], [ -78.037602816529542, 39.299288324521477 ], [ -78.037615646631508, 39.299279867443595 ], [ -78.03761697956422, 39.29926724283856 ], [ -78.037616968318986, 39.299266704114714 ], [ -78.037615317822784, 39.299260765664869 ], [ -78.03761012090294, 39.299225653979242 ], [ -78.037609378477981, 39.299190315574101 ], [ -78.037610353561618, 39.299167201287958 ], [ -78.037597266021493, 39.299143742475366 ], [ -78.037583352828648, 39.299110093219923 ], [ -78.037573751529479, 39.299075546444492 ], [ -78.037568554638426, 39.299040434757359 ], [ -78.037567812226712, 39.299005096441824 ], [ -78.037568606523138, 39.29898626784513 ], [ -78.037559194608747, 39.298952401978546 ], [ -78.037553997730257, 39.298917290290746 ], [ -78.037553255327069, 39.298881951884809 ], [ -78.037554225399873, 39.298858956563052 ], [ -78.037557944554749, 39.298823731779819 ], [ -78.037566089501183, 39.298788959868617 ], [ -78.037578581640233, 39.29875497574433 ], [ -78.037595300959879, 39.298722106600451 ], [ -78.037602232043824, 39.298711623365101 ], [ -78.037602189639145, 39.298711336806107 ], [ -78.037601447087695, 39.298675998485614 ], [ -78.037603387194054, 39.298630007658353 ], [ -78.037603791158446, 39.298626181319733 ], [ -78.037603710543422, 39.298622342550416 ], [ -78.037604033892649, 39.298614677442494 ], [ -78.037607753117769, 39.29857945265789 ], [ -78.037615897884152, 39.298544680826964 ], [ -78.037628390068065, 39.298510696606463 ], [ -78.037645109183615, 39.298477827448167 ], [ -78.037645813981158, 39.298476761404977 ], [ -78.037650060762545, 39.298465208332878 ], [ -78.037666779855954, 39.298432339170454 ], [ -78.037687564927822, 39.298400901580912 ], [ -78.037712215726202, 39.298371198282659 ], [ -78.037740495020202, 39.29834351537739 ], [ -78.03775824255878, 39.298329268168935 ], [ -78.037770366950383, 39.298310929791995 ], [ -78.037795017796626, 39.298281226476178 ], [ -78.037823297020722, 39.298253543547766 ], [ -78.037854932160386, 39.298228147563819 ], [ -78.037889618754647, 39.29820528309665 ], [ -78.037924748216682, 39.298186393542245 ], [ -78.037946305849786, 39.298169087468288 ], [ -78.037956494373006, 39.298161673471 ], [ -78.03796668300609, 39.298154259565642 ], [ -78.038001369528033, 39.298131395062086 ], [ -78.038027975079999, 39.298117088784892 ], [ -78.03803767939057, 39.298110027204586 ], [ -78.038047867891876, 39.298102613288506 ], [ -78.038063498952198, 39.298092309658529 ], [ -78.03808787579004, 39.298068446622544 ], [ -78.038119510866636, 39.298043050562008 ], [ -78.038127329345429, 39.298037361235593 ], [ -78.038138124517147, 39.29802103309008 ], [ -78.038162775103075, 39.297991329685189 ], [ -78.038163659376224, 39.297990464053022 ], [ -78.038164239595886, 39.297976706823029 ], [ -78.03816795836731, 39.297941482092213 ], [ -78.038176102884236, 39.297906710118284 ], [ -78.038177192546115, 39.297903745601865 ], [ -78.038178630695668, 39.297869646247669 ], [ -78.03818234945463, 39.29783442142535 ], [ -78.038190493948719, 39.297799649449118 ], [ -78.038202985583283, 39.297765665234493 ], [ -78.038219704351221, 39.29773279597584 ], [ -78.038240488954685, 39.297701358266849 ], [ -78.038265139261995, 39.297671654829976 ], [ -78.038293418050841, 39.297643971678276 ], [ -78.038325052855555, 39.297618575550089 ], [ -78.038335241253463, 39.297611161604401 ], [ -78.03834542964924, 39.297603747657725 ], [ -78.038380115771474, 39.297580883024217 ], [ -78.038417519185288, 39.297560770200072 ], [ -78.038418035716901, 39.297560547148002 ], [ -78.038420546173185, 39.297558892332326 ], [ -78.038457949567899, 39.297538779404242 ], [ -78.038497710092798, 39.297521611984031 ], [ -78.038539444793187, 39.297507555174782 ], [ -78.038582751785384, 39.297496744590795 ], [ -78.038627214057541, 39.297489284202307 ], [ -78.038672403310301, 39.297485245982877 ], [ -78.038682724312309, 39.29748511496544 ], [ -78.038688756470378, 39.297459360188043 ], [ -78.038690903768554, 39.297453518342202 ], [ -78.038693063142972, 39.297433062233658 ], [ -78.038701207327136, 39.297398290208172 ], [ -78.038704036300004, 39.297390593660218 ], [ -78.038705190775076, 39.297379657369987 ], [ -78.038706700194538, 39.297373212652161 ], [ -78.038703748496729, 39.297366074040717 ], [ -78.038694146828448, 39.297331527246939 ], [ -78.038688949447803, 39.297296415584348 ], [ -78.038688206434514, 39.297261077246006 ], [ -78.038689822513717, 39.297222751569606 ], [ -78.03869354096237, 39.297187526716456 ], [ -78.038701685106332, 39.297152754778551 ], [ -78.038714176481534, 39.297118770404879 ], [ -78.038730894725646, 39.297085901051609 ], [ -78.038739466573887, 39.297072935420282 ], [ -78.038745670451277, 39.297046447393711 ], [ -78.038747817729998, 39.29704060554581 ], [ -78.038749977067596, 39.297020149433841 ], [ -78.038758121162999, 39.296985377399295 ], [ -78.038769244822603, 39.296955113932675 ], [ -78.038769279034838, 39.296954967965142 ], [ -78.038772107979398, 39.296947271414055 ], [ -78.038773262428478, 39.29693633521174 ], [ -78.038781406500092, 39.296901563174323 ], [ -78.038784917361511, 39.296892011476118 ], [ -78.038785066805701, 39.296890595451508 ], [ -78.038793210745183, 39.296855823499655 ], [ -78.038796721602338, 39.29684627180086 ], [ -78.038796871046131, 39.296844855776229 ], [ -78.038805015092706, 39.296810083735849 ], [ -78.038817506227474, 39.296776099432144 ], [ -78.038834224448209, 39.296743230060329 ], [ -78.038855008462264, 39.296711792215177 ], [ -78.038878258476913, 39.296683775325704 ], [ -78.038868443090422, 39.296676393986161 ], [ -78.038858901268, 39.296668477748518 ], [ -78.038849359447724, 39.296660561510166 ], [ -78.03884528581176, 39.296657181874039 ], [ -78.038811257706058, 39.296668643157808 ], [ -78.03876795126277, 39.296679453849052 ], [ -78.038761147802944, 39.29668059544791 ], [ -78.03873803302011, 39.296686365674006 ], [ -78.038693571274933, 39.2966938260356 ], [ -78.038648382647381, 39.296697864376121 ], [ -78.038602902054819, 39.296698441679567 ], [ -78.038543711861848, 39.29669693481781 ], [ -78.038498377451432, 39.296694045549508 ], [ -78.038453625843459, 39.296687717514537 ], [ -78.038409888082583, 39.296678011775008 ], [ -78.03836758527622, 39.296665021571215 ], [ -78.038327124888312, 39.29664887222723 ], [ -78.038288896529764, 39.296629719241928 ], [ -78.038253268421144, 39.296607746937639 ], [ -78.038220583627677, 39.296583167012933 ], [ -78.038211041777885, 39.296575250722313 ], [ -78.038192959111356, 39.296558689435173 ], [ -78.038188603786722, 39.296555414129436 ], [ -78.038157527618822, 39.296536248982093 ], [ -78.038124842892316, 39.296511669032746 ], [ -78.03811530106303, 39.296503752734957 ], [ -78.038105759351708, 39.296495836439426 ], [ -78.038093063639351, 39.296484208872116 ], [ -78.038080156047755, 39.296486374669541 ], [ -78.038034967534287, 39.296490412775469 ], [ -78.03798948708635, 39.296490989843846 ], [ -78.037940162078883, 39.296489733872946 ], [ -78.03789482784147, 39.296486844375217 ], [ -78.037850076549333, 39.296480516117754 ], [ -78.037806338901561, 39.296470810065991 ], [ -78.037764036339453, 39.29645781974115 ], [ -78.037723576220117, 39.296441670196415 ], [ -78.037685348151882, 39.296422516932608 ], [ -78.037659677171661, 39.296406685063211 ], [ -78.037646272838671, 39.296401334808031 ], [ -78.037608044814434, 39.296382181520336 ], [ -78.037572417049134, 39.296360209109451 ], [ -78.03753973261604, 39.296335629005853 ], [ -78.037530190994275, 39.296327712666212 ], [ -78.037500764654808, 39.296300761701815 ], [ -78.037474879936596, 39.296271699430257 ], [ -78.037474592875142, 39.296271298088065 ], [ -78.037472463163681, 39.296269347471963 ], [ -78.03744657835253, 39.296240285191907 ], [ -78.037424484332391, 39.296209391451548 ], [ -78.037406393931704, 39.296176963818702 ], [ -78.037398376800297, 39.296157573349369 ], [ -78.037381727175784, 39.296138879820766 ], [ -78.037359633214052, 39.296107986069913 ], [ -78.037341542867182, 39.296075558428598 ], [ -78.037327630314365, 39.296041909154994 ], [ -78.037324763140703, 39.296031592303919 ], [ -78.037306654508129, 39.296024364190977 ], [ -78.037280319479947, 39.296011169499749 ], [ -78.037269488326075, 39.29600784336494 ], [ -78.037229028468488, 39.295991693658266 ], [ -78.037190800779058, 39.295972540334986 ], [ -78.03718594694206, 39.295969546783098 ], [ -78.037180673940625, 39.295967442053033 ], [ -78.037176536831126, 39.295965369226543 ], [ -78.037161267515799, 39.295959274338507 ], [ -78.037123039863374, 39.295940120994238 ], [ -78.037118716217975, 39.295937454439311 ], [ -78.037093242881824, 39.2959318013135 ], [ -78.037093055024272, 39.29593177472811 ], [ -78.037049317952167, 39.295922068410668 ], [ -78.037007015871922, 39.295909077827204 ], [ -78.036966556251812, 39.295892928036345 ], [ -78.036962419948864, 39.295890855583217 ], [ -78.036947149754596, 39.295884760374754 ], [ -78.036943012657218, 39.29588268754037 ], [ -78.036927743381653, 39.295876592623046 ], [ -78.036889515841395, 39.295857439205889 ], [ -78.036853888574782, 39.295835466501785 ], [ -78.036821204638869, 39.295810886213125 ], [ -78.036811663169502, 39.29580296981969 ], [ -78.036802121586462, 39.29579505342258 ], [ -78.036792580121372, 39.29578713702773 ], [ -78.036783038658427, 39.295779220632149 ], [ -78.036762986253677, 39.295760854637884 ], [ -78.036737839356178, 39.295745345540993 ], [ -78.036707257330377, 39.295730022741353 ], [ -78.036671630186518, 39.295708049985606 ], [ -78.03666926475897, 39.29570627099794 ], [ -78.036668768031532, 39.29570602214153 ], [ -78.036633140912173, 39.295684049374842 ], [ -78.036600457120855, 39.29565946911918 ], [ -78.036590915700828, 39.295651552619177 ], [ -78.036561490004189, 39.29562460143881 ], [ -78.036543078267343, 39.295603928959842 ], [ -78.036533990522159, 39.295596388946819 ], [ -78.036504564870086, 39.295569437753528 ], [ -78.036478680713216, 39.295540375280012 ], [ -78.036456587447447, 39.295509481380016 ], [ -78.036438497663511, 39.295477053617063 ], [ -78.036429618118433, 39.295455576456071 ], [ -78.036429256947912, 39.295455071517445 ], [ -78.036412942182565, 39.295425825548342 ], [ -78.036385850786829, 39.29541750579277 ], [ -78.036364726787596, 39.295409073751827 ], [ -78.036344939953821, 39.295406275452983 ], [ -78.03630599086695, 39.295397631419959 ], [ -78.036305804045924, 39.295397605039888 ], [ -78.036262067429632, 39.295387898442286 ], [ -78.036219765828903, 39.295374907589114 ], [ -78.036179306707425, 39.295358757541578 ], [ -78.036141079663921, 39.29533960380536 ], [ -78.036105452894944, 39.295317630979085 ], [ -78.036072769464141, 39.295293050497271 ], [ -78.036063228033981, 39.295285134044725 ], [ -78.036053686721758, 39.295277217594432 ], [ -78.036044145415488, 39.295269301053438 ], [ -78.036035104675918, 39.295261020350594 ], [ -78.036025062801798, 39.295253468149305 ], [ -78.03602432943741, 39.295252859767515 ], [ -78.036007361799875, 39.295244357989617 ], [ -78.036002047604839, 39.295242726004027 ], [ -78.035972295920203, 39.295240829168264 ], [ -78.035927545519755, 39.295234500203392 ], [ -78.035902804786375, 39.295229009352909 ], [ -78.035878544984485, 39.295225578291948 ], [ -78.035834808543115, 39.295215871539675 ], [ -78.035792507132982, 39.295202880537659 ], [ -78.035752048215869, 39.295186730348519 ], [ -78.035713821388583, 39.295167576479301 ], [ -78.035678194849353, 39.295145603439948 ], [ -78.035645511648298, 39.295121022936115 ], [ -78.035635970290699, 39.295113106451026 ], [ -78.035626429054844, 39.295105189878207 ], [ -78.035616887817355, 39.29509727339466 ], [ -78.035607346581997, 39.295089356910403 ], [ -78.035577921500874, 39.295062405502165 ], [ -78.035552037914485, 39.295033342841847 ], [ -78.035529945213284, 39.295002448785027 ], [ -78.035527817289335, 39.294998634142551 ], [ -78.035523057940196, 39.294996734309194 ], [ -78.035484831280357, 39.29497758037045 ], [ -78.035449204906158, 39.294955607356691 ], [ -78.035416521877451, 39.294931026704219 ], [ -78.035406980571324, 39.294923110202085 ], [ -78.035391282993089, 39.294908732123467 ], [ -78.035369689529958, 39.294897912400764 ], [ -78.035334063236689, 39.294875939264394 ], [ -78.035301380281894, 39.294851358672176 ], [ -78.03529183911543, 39.294843442164364 ], [ -78.035287318257389, 39.294839301321531 ], [ -78.035282297954936, 39.294835525565851 ], [ -78.035272756792764, 39.294827609056604 ], [ -78.035263669173574, 39.294820068859487 ], [ -78.035238327807434, 39.29480443917933 ], [ -78.035224761534451, 39.294794235972013 ], [ -78.035207580051591, 39.294788959344459 ], [ -78.035167121514561, 39.294772808964971 ], [ -78.03516298510489, 39.294770736356128 ], [ -78.03514771566303, 39.294764641024337 ], [ -78.035109489235822, 39.294745486970228 ], [ -78.035073863099626, 39.294723513849632 ], [ -78.035041180311978, 39.294698933099909 ], [ -78.035011755611535, 39.294671981561322 ], [ -78.03498587240135, 39.294642918787673 ], [ -78.034963780068196, 39.294612024635612 ], [ -78.034949908911244, 39.294587157711341 ], [ -78.034941581612216, 39.294582021687134 ], [ -78.03490889893601, 39.294557440903965 ], [ -78.034899357737913, 39.294549524363852 ], [ -78.034869933269036, 39.294522572796168 ], [ -78.034844050170776, 39.294493509994638 ], [ -78.034838280310566, 39.294485441215691 ], [ -78.03480455878811, 39.294471980040022 ], [ -78.03480042229512, 39.294469907326331 ], [ -78.034785153063552, 39.294463812043283 ], [ -78.034746926901505, 39.294444657879083 ], [ -78.034733271099199, 39.294436235294064 ], [ -78.034717980030507, 39.2944285733195 ], [ -78.034704323783075, 39.294420150449518 ], [ -78.034689033288814, 39.294412488756095 ], [ -78.034653407458649, 39.294390515427033 ], [ -78.034651042127152, 39.294388736401608 ], [ -78.034650545416426, 39.294388487537141 ], [ -78.034614919610746, 39.294366514197144 ], [ -78.034582237146537, 39.294341933419517 ], [ -78.034573149664524, 39.294334393173081 ], [ -78.034547808633988, 39.294318763263817 ], [ -78.034515126219461, 39.294294182378913 ], [ -78.034505585217545, 39.294286265812161 ], [ -78.034496497638955, 39.294278725467322 ], [ -78.034493126499441, 39.294276646219231 ], [ -78.034477835832448, 39.294268984404042 ], [ -78.034442210142487, 39.294247011015081 ], [ -78.034438613166145, 39.29424430568347 ], [ -78.034430393971661, 39.294244096150123 ], [ -78.03438506140985, 39.294241205343425 ], [ -78.034340311822788, 39.294234875796327 ], [ -78.034296576239427, 39.294225168495508 ], [ -78.034254275734895, 39.294212176965402 ], [ -78.034213817762279, 39.294196026273752 ], [ -78.034175591905438, 39.294176872022419 ], [ -78.034139966360883, 39.294154898545926 ], [ -78.034107284169096, 39.294130317554092 ], [ -78.034088202190063, 39.294114484354793 ], [ -78.03406413161747, 39.294092436294136 ], [ -78.034045598059564, 39.294088322613106 ], [ -78.034003297688116, 39.294075330996328 ], [ -78.033962839739871, 39.294059180219257 ], [ -78.033958702841545, 39.294057107285568 ], [ -78.033943434237059, 39.294051011999585 ], [ -78.033905208536112, 39.294031857664741 ], [ -78.033869583152182, 39.294009884110949 ], [ -78.033867217853782, 39.294008105070702 ], [ -78.033866721148669, 39.294007856203088 ], [ -78.033837800370094, 39.293990018050067 ], [ -78.033809091388079, 39.293990381359563 ], [ -78.033799226681978, 39.293990129823783 ], [ -78.033753894440892, 39.293987238781021 ], [ -78.033709145086576, 39.29398090899906 ], [ -78.033665409761539, 39.293971201469766 ], [ -78.033623109538439, 39.293958209719776 ], [ -78.033582651751843, 39.293942058816015 ], [ -78.0335444262181, 39.293922904278254 ], [ -78.033508801003464, 39.293900930709924 ], [ -78.033476119156589, 39.293876349552647 ], [ -78.033446695522883, 39.293849397653602 ], [ -78.033420813264627, 39.293820334564188 ], [ -78.033398721759426, 39.293789440144096 ], [ -78.033380633815355, 39.29375701187773 ], [ -78.03336672358094, 39.29372336220834 ], [ -78.033357124948978, 39.293688815164074 ], [ -78.033351930408188, 39.293653703355822 ], [ -78.033351190007124, 39.293618365068092 ], [ -78.033354910819327, 39.293583140461614 ], [ -78.033363057057514, 39.293548368873942 ], [ -78.033375550226111, 39.293514385219751 ], [ -78.033392269956892, 39.293481516679186 ], [ -78.03341305528906, 39.293450079847844 ], [ -78.03341488998683, 39.293447869198445 ], [ -78.0334182458962, 39.293438740446042 ], [ -78.033434965587105, 39.293405871897534 ], [ -78.033455750876101, 39.29337443505662 ], [ -78.033480401624928, 39.293344732637422 ], [ -78.033508680260638, 39.2933170506344 ], [ -78.033540314661565, 39.293291655873581 ], [ -78.033550502885291, 39.293284242247822 ], [ -78.033585188251919, 39.29326137909851 ], [ -78.033622590566125, 39.293241267678908 ], [ -78.033662349672241, 39.293224101763897 ], [ -78.033704082733678, 39.293210046714123 ], [ -78.033712836753651, 39.293207861695151 ], [ -78.033686875998569, 39.293191849065089 ], [ -78.03365419439686, 39.293167268055484 ], [ -78.033624770971997, 39.293140316207399 ], [ -78.033598888884242, 39.293111253071707 ], [ -78.033576797501993, 39.293080358687725 ], [ -78.033558709632132, 39.293047930539458 ], [ -78.033544799430061, 39.293014280889921 ], [ -78.033535200784456, 39.292979733857059 ], [ -78.033530006299955, 39.292944622054634 ], [ -78.033529265678283, 39.292909283758185 ], [ -78.033532986457217, 39.292874059140409 ], [ -78.033541132387683, 39.292839287527109 ], [ -78.033553625323364, 39.292805303842087 ], [ -78.03357034478249, 39.292772435262826 ], [ -78.033591129806865, 39.29274099838527 ], [ -78.033615780260817, 39.29271129592388 ], [ -78.03364405869003, 39.292683613876491 ], [ -78.033675692632343, 39.292658218970743 ], [ -78.0337103776383, 39.292635355768603 ], [ -78.033747779574256, 39.292615244292755 ], [ -78.033787538288166, 39.29259807831864 ], [ -78.033829015390324, 39.292584109298545 ], [ -78.033838177839883, 39.292579182498748 ], [ -78.03385408194876, 39.292572315825765 ], [ -78.033868418508163, 39.292564606885279 ], [ -78.033884321900914, 39.29255774055013 ], [ -78.033898659167974, 39.292550031173441 ], [ -78.033938417806496, 39.292532865234733 ], [ -78.033980150283369, 39.292518810063669 ], [ -78.034023454747697, 39.292508000989685 ], [ -78.034067914081007, 39.292500542324582 ], [ -78.034113100257855, 39.292496505672148 ], [ -78.034127219208585, 39.292496326935016 ], [ -78.034137288661668, 39.292494637645916 ], [ -78.034138466805928, 39.292494532375642 ], [ -78.034162527449524, 39.292488526729329 ], [ -78.034206986762754, 39.292481067919994 ], [ -78.034207176448774, 39.292481050955452 ], [ -78.034209111852903, 39.292480726265595 ], [ -78.034232225544343, 39.292474956897848 ], [ -78.034276684955159, 39.292467498154181 ], [ -78.034321870987952, 39.292463461416347 ], [ -78.034337914741997, 39.292463258304878 ], [ -78.034341381248552, 39.292462393039827 ], [ -78.034385840646181, 39.292454934163665 ], [ -78.034431026783039, 39.292450897385805 ], [ -78.034445146189441, 39.292450718621488 ], [ -78.034455215047132, 39.292449029379512 ], [ -78.034500401177894, 39.292444992574389 ], [ -78.034545878944471, 39.29244441677195 ], [ -78.034575472085081, 39.292445171153439 ], [ -78.034620803504083, 39.292448061842755 ], [ -78.03466555187839, 39.292454391238138 ], [ -78.034677843432377, 39.292457119376557 ], [ -78.03467966631213, 39.292457235658965 ], [ -78.034688472926405, 39.292458481258514 ], [ -78.034697365664442, 39.292457686827305 ], [ -78.034742843442501, 39.292457110948057 ], [ -78.034752707826115, 39.292457362392767 ], [ -78.034798039148811, 39.292460253010574 ], [ -78.034842787666932, 39.292466582341589 ], [ -78.034850305807623, 39.292468251006412 ], [ -78.034850996526117, 39.292468295097301 ], [ -78.034870757094382, 39.292468044767219 ], [ -78.034916088543724, 39.292470935432384 ], [ -78.034960837085904, 39.292477264628609 ], [ -78.034964652494864, 39.292478111473713 ], [ -78.034988806518044, 39.292478727116077 ], [ -78.035034137870014, 39.292481617642707 ], [ -78.035071848917866, 39.292486951527309 ], [ -78.035076061348747, 39.292485132694871 ], [ -78.035081500195858, 39.292483300888598 ], [ -78.035086595731627, 39.292480560833894 ], [ -78.035126354068638, 39.292463394386132 ], [ -78.035142104456853, 39.292458089563276 ], [ -78.03514640650684, 39.292456232113757 ], [ -78.03518813872266, 39.2924421764979 ], [ -78.035231442981342, 39.292431366964891 ], [ -78.03527590216639, 39.292423907830951 ], [ -78.035321088253824, 39.292419870704393 ], [ -78.035366566017615, 39.292419294579986 ], [ -78.035411897356227, 39.292422184958454 ], [ -78.035456645920561, 39.292428514054379 ], [ -78.035464850112049, 39.292430334929975 ], [ -78.035473190327664, 39.292428935671694 ], [ -78.035518376411844, 39.292424898468141 ], [ -78.035563854182158, 39.292424322266633 ], [ -78.035609185536984, 39.29242721256859 ], [ -78.035653934127069, 39.292433541589368 ], [ -78.035692881498008, 39.292442185778967 ], [ -78.035693068310948, 39.292442212159735 ], [ -78.035736803025173, 39.292451918902735 ], [ -78.035779102797875, 39.292464909866787 ], [ -78.035801890316222, 39.292474006340157 ], [ -78.035805828952164, 39.292470150530129 ], [ -78.035837462048377, 39.29244475500181 ], [ -78.035872146284817, 39.292421891033065 ], [ -78.035909547523829, 39.292401778923072 ], [ -78.035925450935849, 39.292394912125424 ], [ -78.035939787721006, 39.292387202661061 ], [ -78.035979545809653, 39.29237003600128 ], [ -78.036021277825171, 39.292355980077829 ], [ -78.036048361644816, 39.292349219311404 ], [ -78.036057244422224, 39.292335783260235 ], [ -78.036081893712407, 39.292306080228911 ], [ -78.036110171029748, 39.292278397626632 ], [ -78.036141803930278, 39.292253002007286 ], [ -78.036151991847902, 39.292245588229079 ], [ -78.036186675885304, 39.292222724158158 ], [ -78.036224076934644, 39.292202611848921 ], [ -78.036224593192898, 39.292202388979234 ], [ -78.036227103621684, 39.292200734027261 ], [ -78.036264504760169, 39.29218062179698 ], [ -78.036304262659982, 39.292163454928136 ], [ -78.036345994492379, 39.292149398880518 ], [ -78.036389298412701, 39.29213858899201 ], [ -78.036420059810297, 39.292133427597136 ], [ -78.036424598690559, 39.292130986797069 ], [ -78.036464356522004, 39.292113819960761 ], [ -78.036471399882515, 39.292111447645645 ], [ -78.036493481597503, 39.292093719779736 ], [ -78.036513801954413, 39.292073826529034 ], [ -78.036545434734776, 39.292048430792967 ], [ -78.036555622465144, 39.29204101697345 ], [ -78.03656581019338, 39.292033603152973 ], [ -78.036575997923251, 39.292026189241497 ], [ -78.036586185647195, 39.292018775419045 ], [ -78.036596373484798, 39.292011361598547 ], [ -78.036616748921944, 39.291996533948719 ], [ -78.036651432688515, 39.291973669727824 ], [ -78.036688833476916, 39.291953557258161 ], [ -78.036728591146201, 39.291936390324736 ], [ -78.036744340715813, 39.291931085530464 ], [ -78.036748643288192, 39.291929227673464 ], [ -78.036764393209836, 39.291923922705209 ], [ -78.036768695306662, 39.291922065105595 ], [ -78.036810426910009, 39.291908008881748 ], [ -78.036853730618432, 39.291897198811441 ], [ -78.036860534567708, 39.291896057150552 ], [ -78.036883647056868, 39.291890287488769 ], [ -78.036899390919828, 39.291887645799996 ], [ -78.036909082841746, 39.291882433878499 ], [ -78.036948840420536, 39.291865266865983 ], [ -78.036964589372474, 39.291859962205784 ], [ -78.036968892405866, 39.291858104172057 ], [ -78.037010623934819, 39.291844047873219 ], [ -78.037053927577034, 39.291833237725562 ], [ -78.037060731517528, 39.291832096052573 ], [ -78.037083843971359, 39.291826326349508 ], [ -78.037128302620744, 39.291818866394358 ], [ -78.037128492304575, 39.291818849424949 ], [ -78.037168083317425, 39.291812206235285 ], [ -78.037213268946402, 39.291808168353683 ], [ -78.037258746344733, 39.291807591473294 ], [ -78.037304077414319, 39.291810481102061 ], [ -78.037348825808735, 39.291816809461828 ], [ -78.037392560407014, 39.291826515576673 ], [ -78.037427569756659, 39.291837267055669 ], [ -78.03744363829631, 39.291834570771933 ], [ -78.037480581442836, 39.291831269489059 ], [ -78.037481961434679, 39.291829918404879 ], [ -78.03751359376588, 39.29180452238689 ], [ -78.03752378136231, 39.29179710847702 ], [ -78.037533968960403, 39.291789694476172 ], [ -78.037544156552556, 39.291782280564341 ], [ -78.037554344142563, 39.291774866651522 ], [ -78.037589027507252, 39.291752002134309 ], [ -78.03762164925125, 39.291734459306824 ], [ -78.03763964224018, 39.291722597659053 ], [ -78.037659892459928, 39.29171170776123 ], [ -78.037675202750179, 39.291696718776933 ], [ -78.037706834951706, 39.291671322700921 ], [ -78.037717022508588, 39.291663908772442 ], [ -78.037751705766254, 39.291641044202215 ], [ -78.037789106074655, 39.291620931448797 ], [ -78.037805008898061, 39.291614064553542 ], [ -78.037819345565708, 39.29160635466846 ], [ -78.037819861814853, 39.291606131791319 ], [ -78.037822372185985, 39.291604476802497 ], [ -78.03785977245542, 39.291584364024715 ], [ -78.037899529652577, 39.291567196581013 ], [ -78.037941260955407, 39.291553139936745 ], [ -78.037984564293865, 39.291542329429639 ], [ -78.038029022687468, 39.291534869119182 ], [ -78.038074208108483, 39.291530830894075 ], [ -78.03811968522534, 39.291530253666785 ], [ -78.038129533629174, 39.291530881421878 ], [ -78.038139413908766, 39.291530755976289 ], [ -78.038149278192762, 39.291531007128306 ], [ -78.038194609258824, 39.291533896407479 ], [ -78.038239357464562, 39.291540224418078 ], [ -78.038242707932199, 39.291540967971798 ], [ -78.038285817873287, 39.291533733937136 ], [ -78.038286006390521, 39.291533717116302 ], [ -78.038325598325599, 39.291527073281344 ], [ -78.038370783727984, 39.291523035030103 ], [ -78.038416260960474, 39.291522457689453 ], [ -78.038431763982075, 39.291522852370576 ], [ -78.038434040844379, 39.291521024315891 ], [ -78.03844422830943, 39.291513610229771 ], [ -78.038454415768555, 39.291506196232689 ], [ -78.038475728228448, 39.291492146024922 ], [ -78.03849516570321, 39.2914765401474 ], [ -78.038529848621806, 39.29145367542116 ], [ -78.038567248623622, 39.291433562314552 ], [ -78.038607005575244, 39.291416394618665 ], [ -78.038648736545042, 39.291402337708348 ], [ -78.038692039696656, 39.291391526929758 ], [ -78.038710418125959, 39.291388442807808 ], [ -78.038720501819625, 39.291381795110858 ], [ -78.038757901731074, 39.291361681939144 ], [ -78.038797658598341, 39.291344514174554 ], [ -78.038838339436325, 39.29133081089271 ], [ -78.0388472021409, 39.291324360920427 ], [ -78.038881884876929, 39.291301495991434 ], [ -78.038919284697371, 39.291281382854159 ], [ -78.038959041481931, 39.291264215030921 ], [ -78.039000772296831, 39.291250157987776 ], [ -78.039044075307132, 39.291239347072171 ], [ -78.039078768857038, 39.29123352500207 ], [ -78.039088892657162, 39.291229153300129 ], [ -78.039130623427681, 39.291215096208518 ], [ -78.039162239947572, 39.291207202845101 ], [ -78.039180590971895, 39.291201021277693 ], [ -78.03922389393172, 39.291190210202821 ], [ -78.039257733371599, 39.29118453146625 ], [ -78.039270338681661, 39.291180285334271 ], [ -78.039313641612992, 39.29116947431492 ], [ -78.039345763325628, 39.291164083708452 ], [ -78.039351967813872, 39.291159993294983 ], [ -78.039389367431198, 39.291139879998049 ], [ -78.039429124028587, 39.291122712006235 ], [ -78.039470854674065, 39.291108654787259 ], [ -78.039514157534327, 39.291097843690245 ], [ -78.039520960789019, 39.291096701944149 ], [ -78.039544073412117, 39.291090931569151 ], [ -78.039574834162579, 39.291085769402315 ], [ -78.039579372870875, 39.291083328471935 ], [ -78.039595275529066, 39.291076461232869 ], [ -78.039609611661263, 39.291068751288805 ], [ -78.03964936816817, 39.291051583217914 ], [ -78.039691098847129, 39.291037525919386 ], [ -78.039734401634064, 39.291026714737242 ], [ -78.039778859553849, 39.291019253737474 ], [ -78.039803354285723, 39.291017064226992 ], [ -78.039824404532197, 39.29101353154725 ], [ -78.039848914504589, 39.291002947390695 ], [ -78.039880413385845, 39.290992336663784 ], [ -78.039889017431165, 39.290988621135568 ], [ -78.039904767162156, 39.290983315639934 ], [ -78.039909069004381, 39.290981458005518 ], [ -78.039950799478831, 39.290967400607094 ], [ -78.039994102187933, 39.290956589324942 ], [ -78.040038560041481, 39.290949128223033 ], [ -78.040059599072634, 39.290947247554605 ], [ -78.040068087638289, 39.290941069662992 ], [ -78.040078274847943, 39.290933655513257 ], [ -78.040088462175078, 39.290926241275514 ], [ -78.040098649380454, 39.290918827123811 ], [ -78.040108836583684, 39.290911412971127 ], [ -78.040143518719944, 39.29088854764089 ], [ -78.040180917976983, 39.290868434074348 ], [ -78.040181434452904, 39.290868211012125 ], [ -78.040183944620679, 39.290866556146028 ], [ -78.040221343858619, 39.290846442475534 ], [ -78.040261100095961, 39.290829274274365 ], [ -78.040302830419265, 39.290815216653137 ], [ -78.040333500556926, 39.29080755923421 ], [ -78.040362339120207, 39.290788546293008 ], [ -78.040391494476822, 39.290765137056113 ], [ -78.040401681627415, 39.290757722875568 ], [ -78.040417665521076, 39.290747184911112 ], [ -78.040432243185904, 39.290735480241004 ], [ -78.040452617467778, 39.290720651871077 ], [ -78.040487299400354, 39.290697786429782 ], [ -78.040524698464552, 39.290677672654461 ], [ -78.040540601534417, 39.290670805023424 ], [ -78.040550158519665, 39.290665665120258 ], [ -78.040568150753145, 39.290653803078044 ], [ -78.040576797823121, 39.290649152518476 ], [ -78.040583335330538, 39.290642751720164 ], [ -78.040585624589184, 39.290640913577569 ], [ -78.040585944813529, 39.290640527691934 ], [ -78.040607621751562, 39.290619303873612 ], [ -78.040627339108326, 39.290595540520322 ], [ -78.040655613971069, 39.29056785671083 ], [ -78.040687244610922, 39.290542459759124 ], [ -78.040721926379774, 39.290519594240976 ], [ -78.040759325283346, 39.29049948038346 ], [ -78.040799081198827, 39.290482311984938 ], [ -78.040814830397792, 39.290477006529791 ], [ -78.040819132425383, 39.290475148685381 ], [ -78.040860862546566, 39.290461090943758 ], [ -78.040904164823402, 39.290450279214575 ], [ -78.040910967997192, 39.290449137383789 ], [ -78.040934080187256, 39.290443366806429 ], [ -78.040978537750846, 39.290435905331243 ], [ -78.041023722243409, 39.290431866012675 ], [ -78.041025550380226, 39.290431842786859 ], [ -78.041038045683607, 39.290429745613224 ], [ -78.0410832302898, 39.290425706184188 ], [ -78.041086778578148, 39.290425661037858 ], [ -78.041097912645455, 39.290420852807259 ], [ -78.041113662400704, 39.290415547054977 ], [ -78.041117963942611, 39.290413689457232 ], [ -78.041123402370147, 39.290411857352652 ], [ -78.041128497647094, 39.290409117020516 ], [ -78.041144399535597, 39.290402249815457 ], [ -78.041158735845698, 39.290394539319671 ], [ -78.041198491611041, 39.290377370778302 ], [ -78.041240221489673, 39.290363312892232 ], [ -78.041283523655721, 39.290352501017075 ], [ -78.041327981128646, 39.290345039494532 ], [ -78.041363525119877, 39.290341861819485 ], [ -78.041371492863775, 39.290336608639535 ], [ -78.041408891493575, 39.290316494561708 ], [ -78.041432967189081, 39.290306097296124 ], [ -78.041442156296171, 39.290300038913486 ], [ -78.041479554887019, 39.290279924811301 ], [ -78.041519310517927, 39.290262756064458 ], [ -78.041561040269997, 39.290248698057972 ], [ -78.041604342318536, 39.290237886148532 ], [ -78.041648799579718, 39.290230424406182 ], [ -78.041658567301397, 39.290229551153004 ], [ -78.041670325622675, 39.290215379714368 ], [ -78.041692001859417, 39.290194156029102 ], [ -78.041711719094749, 39.290170392120757 ], [ -78.041739993248825, 39.290142708020035 ], [ -78.041771623313664, 39.290117310749444 ], [ -78.041781810231569, 39.29010989634812 ], [ -78.041816491438055, 39.290087030570241 ], [ -78.041853889811904, 39.290066916338588 ], [ -78.041874896687617, 39.290057844198692 ], [ -78.041897341292426, 39.290043046141605 ], [ -78.041934739616721, 39.290022931972011 ], [ -78.041935256196979, 39.290022708904466 ], [ -78.041937766178506, 39.290021053994636 ], [ -78.041975164483702, 39.290000939721097 ], [ -78.042014919837982, 39.289983770883445 ], [ -78.042030668019208, 39.289978465504788 ], [ -78.042034970811827, 39.289976607273523 ], [ -78.042050720282859, 39.289971301474488 ], [ -78.042055021893788, 39.289969443752916 ], [ -78.042070771010629, 39.289964138032197 ], [ -78.042075072856022, 39.289962280225744 ], [ -78.042116802326916, 39.289948222008086 ], [ -78.042160104114629, 39.289937409880835 ], [ -78.042160626702355, 39.289937322182716 ], [ -78.042185191938643, 39.289926713253024 ], [ -78.0422269214842, 39.289912654997067 ], [ -78.042270223235249, 39.28990184282727 ], [ -78.042285336723623, 39.289899306076748 ], [ -78.042286751643502, 39.289898829376575 ], [ -78.04233005337808, 39.289888017183777 ], [ -78.042374510355657, 39.289880555152145 ], [ -78.042419694558376, 39.289876515276909 ], [ -78.042465170789754, 39.289875936310303 ], [ -78.042475034880155, 39.28987618708706 ], [ -78.042513395471815, 39.28987863071513 ], [ -78.042518117015817, 39.289877451723058 ], [ -78.042562573971182, 39.28986998961846 ], [ -78.042607758164635, 39.289865949579472 ], [ -78.042634167545899, 39.289865613354408 ], [ -78.042641809629288, 39.289864330594426 ], [ -78.042686993816446, 39.289860290524331 ], [ -78.042703037023543, 39.289860086234711 ], [ -78.042706503312118, 39.289859220711051 ], [ -78.042713306636955, 39.289858078777286 ], [ -78.042736418272142, 39.289852307822159 ], [ -78.042780875309276, 39.289844845635514 ], [ -78.042782053517172, 39.289844740278362 ], [ -78.042806112495569, 39.289838732774982 ], [ -78.042850569402475, 39.289831270558125 ], [ -78.042875063662393, 39.289829080380592 ], [ -78.04290021262824, 39.289824859115853 ], [ -78.042945396781306, 39.28982081894376 ], [ -78.042990872985172, 39.289820239769938 ], [ -78.043010601159878, 39.289820741232973 ], [ -78.043055931329576, 39.289823628579839 ], [ -78.043100679126667, 39.289829954698895 ], [ -78.043144413555567, 39.289839658548772 ], [ -78.043186713321461, 39.28985264690467 ], [ -78.043227171114893, 39.289868794467168 ], [ -78.043243473811174, 39.289876962090752 ], [ -78.043266433340008, 39.289880207925314 ], [ -78.043310167707006, 39.289889911801865 ], [ -78.043319862923497, 39.289892888694233 ], [ -78.043354565215608, 39.289897794599959 ], [ -78.043398299607702, 39.289907498444201 ], [ -78.043440599470273, 39.289920486620936 ], [ -78.043441971046832, 39.289921034063589 ], [ -78.043456839122143, 39.289924332941887 ], [ -78.04349913900306, 39.289937321188084 ], [ -78.043539596922784, 39.289953468646225 ], [ -78.043577823301447, 39.2899726198401 ], [ -78.043583295006783, 39.289975994122521 ], [ -78.043590621661323, 39.289975339014404 ], [ -78.043604740268691, 39.289975159108842 ], [ -78.043614808948277, 39.289973468969812 ], [ -78.04365999317389, 39.289969428522127 ], [ -78.043661821883205, 39.289969405179086 ], [ -78.043674316455864, 39.289967307881078 ], [ -78.043719500559718, 39.289963267407039 ], [ -78.043764976868616, 39.289962687933659 ], [ -78.043774840982792, 39.28996293860078 ], [ -78.043820171409948, 39.289965825657212 ], [ -78.043864919268472, 39.28997215148506 ], [ -78.043868734209582, 39.289972997935372 ], [ -78.043902752262568, 39.289973862369081 ], [ -78.043948082589338, 39.28997674937316 ], [ -78.043992830585196, 39.289983075155398 ], [ -78.044005122708541, 39.289985802500624 ], [ -78.044006944857998, 39.289985918527307 ], [ -78.044051692870156, 39.289992244197322 ], [ -78.044063984997763, 39.289994971536458 ], [ -78.044065807263408, 39.289995087565174 ], [ -78.044110555168501, 39.290001413299997 ], [ -78.044154289866242, 39.290011116779063 ], [ -78.044170889091092, 39.290016213509972 ], [ -78.044188823320326, 39.290018748716683 ], [ -78.044227769910179, 39.290027389931225 ], [ -78.044227957411863, 39.290027416405806 ], [ -78.044271692024992, 39.29003711992894 ], [ -78.044281387878698, 39.290040096938064 ], [ -78.044316089752968, 39.290045002457248 ], [ -78.044359824394959, 39.290054705858083 ], [ -78.044383327273948, 39.290061922176591 ], [ -78.04438449376272, 39.290062087121136 ], [ -78.044428228538308, 39.290071790589906 ], [ -78.044470528712125, 39.290084778402559 ], [ -78.044488320155864, 39.290091879052923 ], [ -78.044519204522516, 39.290101361771306 ], [ -78.044519287298186, 39.290101394773473 ], [ -78.044540707901149, 39.290104422801562 ], [ -78.044552999495153, 39.290107149985708 ], [ -78.044554822228207, 39.290107266018673 ], [ -78.044599570375894, 39.290113591572485 ], [ -78.044624310699703, 39.290119080728218 ], [ -78.044648568723346, 39.29012250972108 ], [ -78.044692303462995, 39.290132213090295 ], [ -78.044734603727434, 39.290145200809981 ], [ -78.044739124169368, 39.290147004922275 ], [ -78.044746242982342, 39.290148011216282 ], [ -78.044758534593228, 39.290150738379282 ], [ -78.044760357327959, 39.290150854409085 ], [ -78.044805105526677, 39.29015717988549 ], [ -78.044811244730226, 39.290158541990095 ], [ -78.044823210240565, 39.290158389399032 ], [ -78.044868540862254, 39.290161276052999 ], [ -78.044913288967919, 39.290167601395453 ], [ -78.044918420538409, 39.290168739891222 ], [ -78.044956995898886, 39.290171196367965 ], [ -78.045001744132932, 39.290177521769841 ], [ -78.045045479083171, 39.290187224922221 ], [ -78.045087779449744, 39.290200212607019 ], [ -78.045128237917424, 39.290216359531279 ], [ -78.045145222148449, 39.29022486814852 ], [ -78.045170043959359, 39.290222648241965 ], [ -78.045188437125688, 39.290222413664019 ], [ -78.045207782385731, 39.290217582709701 ], [ -78.04522613267352, 39.290211400156949 ], [ -78.045269434335879, 39.290200586862831 ], [ -78.045276237079079, 39.290199444854061 ], [ -78.045299349236387, 39.290193673220706 ], [ -78.04534380627743, 39.290186210142132 ], [ -78.045388990467714, 39.290182169021023 ], [ -78.045390818600893, 39.290182145726256 ], [ -78.045403313758456, 39.290180048076685 ], [ -78.04542142294595, 39.290178428487152 ], [ -78.045438415033175, 39.290174185170329 ], [ -78.045453528959229, 39.290171647927664 ], [ -78.045454943394844, 39.290171171356562 ], [ -78.045498244890112, 39.290160357881931 ], [ -78.045542701893467, 39.290152894725665 ], [ -78.0455878860556, 39.290148853525963 ], [ -78.045633362515389, 39.290148273325677 ], [ -78.04564322667224, 39.290148523835477 ], [ -78.045662923312548, 39.290149777970704 ], [ -78.0456826834167, 39.29014952586931 ], [ -78.045702411731781, 39.290150026879736 ], [ -78.045747742405837, 39.290152913192031 ], [ -78.045792490718739, 39.290159238291793 ], [ -78.045802395651762, 39.290161435752673 ], [ -78.045816469277284, 39.29016233185444 ], [ -78.045861217603999, 39.290168656928195 ], [ -78.045904952684126, 39.290178359851531 ], [ -78.045947253227965, 39.290191347139448 ], [ -78.045987711907173, 39.290207493771909 ], [ -78.046019095464217, 39.290223215815487 ], [ -78.046046380834127, 39.290227072451728 ], [ -78.046090115864317, 39.290236775304713 ], [ -78.046090398901697, 39.290236862216972 ], [ -78.046129222369814, 39.290239334063997 ], [ -78.046173970780941, 39.290245659020222 ], [ -78.046217705846999, 39.290255361736314 ], [ -78.046241209006496, 39.290262577688779 ], [ -78.046242375504121, 39.290262742614964 ], [ -78.046253327162944, 39.29026517227927 ], [ -78.046290072939925, 39.290264703188939 ], [ -78.046319665477412, 39.290265454550791 ], [ -78.04636499626244, 39.290268340716118 ], [ -78.046409744722624, 39.290274665493094 ], [ -78.046453479840878, 39.290284368212355 ], [ -78.046495780561386, 39.290297355306741 ], [ -78.046536239438353, 39.290313501755165 ], [ -78.046540642766587, 39.290315707667318 ], [ -78.04654623222558, 39.290316497646202 ], [ -78.04658996739164, 39.290326200315739 ], [ -78.04663226816524, 39.290339187362306 ], [ -78.046672727100074, 39.29035533376522 ], [ -78.04667686430308, 39.290357406346509 ], [ -78.046692133339093, 39.290363499884826 ], [ -78.046726682799957, 39.290380807525132 ], [ -78.046757804764013, 39.290375582617337 ], [ -78.046802989145846, 39.290371540951199 ], [ -78.04684846576987, 39.290370960280676 ], [ -78.046907651081042, 39.290372462719354 ], [ -78.046952981861466, 39.290375348565981 ], [ -78.046997730452688, 39.290381673211108 ], [ -78.04704146573188, 39.290391375714599 ], [ -78.047083766637854, 39.290404362601421 ], [ -78.047124225838871, 39.290420508855355 ], [ -78.047162453515966, 39.290439658915936 ], [ -78.047198081575914, 39.290461628496857 ], [ -78.047216345578903, 39.290475361897208 ], [ -78.04725033387048, 39.29048016564338 ], [ -78.047262626227905, 39.290482892652051 ], [ -78.047263404811787, 39.290482942232273 ], [ -78.047267583840267, 39.290480694289144 ], [ -78.047307338292995, 39.290463523603925 ], [ -78.047349067138441, 39.29044946348062 ], [ -78.047392368556842, 39.290438649386331 ], [ -78.04743682547047, 39.290431185412103 ], [ -78.047482009865803, 39.290427143481963 ], [ -78.04752748653695, 39.290426562546969 ], [ -78.047547214962606, 39.290427063247755 ], [ -78.047592545935927, 39.290429948850232 ], [ -78.04763729451895, 39.290436273249675 ], [ -78.04768103005101, 39.290445975520072 ], [ -78.047718292808142, 39.290457415385539 ], [ -78.047732467191551, 39.290451293115659 ], [ -78.047774195954005, 39.290437232836211 ], [ -78.047817497309225, 39.290426418580751 ], [ -78.047835104835343, 39.290423462352685 ], [ -78.047852448741423, 39.290415971030782 ], [ -78.047857887128998, 39.290414138607396 ], [ -78.047862982045956, 39.290411397967162 ], [ -78.047902736325554, 39.29039422707114 ], [ -78.047944465023093, 39.290380166727871 ], [ -78.047987766324084, 39.290369352316581 ], [ -78.048032223256371, 39.290361888203449 ], [ -78.048077407587115, 39.290357846038837 ], [ -78.048122884107244, 39.290357264866103 ], [ -78.048231390637369, 39.290360018126115 ], [ -78.048276721612467, 39.290362903461236 ], [ -78.048321470347119, 39.290369227601026 ], [ -78.048365205836717, 39.290378929523207 ], [ -78.048388709284836, 39.290386145051293 ], [ -78.048389875790889, 39.290386309956205 ], [ -78.048393690818088, 39.290387156260884 ], [ -78.0484474376413, 39.29038851992798 ], [ -78.048492768533094, 39.290391405176948 ], [ -78.04853751731045, 39.290397729234982 ], [ -78.0485413327998, 39.290398575636651 ], [ -78.048624671947422, 39.290400690005285 ], [ -78.048670002858685, 39.290403575185721 ], [ -78.04871475166776, 39.290409899086413 ], [ -78.048722266877135, 39.290411566149501 ], [ -78.048733282136112, 39.290407854556229 ], [ -78.048776583347603, 39.290397039937176 ], [ -78.048783386297501, 39.290395897727663 ], [ -78.048806498160161, 39.290390125385748 ], [ -78.048850954922543, 39.290382660953789 ], [ -78.048896139239588, 39.290378618469667 ], [ -78.048941615786532, 39.29037803697689 ], [ -78.048986946819824, 39.290380922036618 ], [ -78.049031695647017, 39.290387245905869 ], [ -78.049070644059299, 39.29039588564131 ], [ -78.049070830525807, 39.290395911991737 ], [ -78.049114566265104, 39.290405613729426 ], [ -78.049156867610463, 39.29041859987673 ], [ -78.049197327225841, 39.290434745424569 ], [ -78.049201463945877, 39.290436817634323 ], [ -78.049216733694379, 39.290442911041652 ], [ -78.049220869963605, 39.290444982969049 ], [ -78.049236140283384, 39.290451076658627 ], [ -78.049274368592634, 39.29047022613711 ], [ -78.04930999737293, 39.290492195006344 ], [ -78.049342683543713, 39.290516771875112 ], [ -78.049347107675914, 39.29052044173369 ], [ -78.049350499555487, 39.290519298733329 ], [ -78.049359102844875, 39.290515582656788 ], [ -78.049400831357218, 39.290501521782673 ], [ -78.04940370783288, 39.290500803342084 ], [ -78.049419254319275, 39.290494088132476 ], [ -78.04942264760507, 39.290492944715204 ], [ -78.049453186341566, 39.290472806721411 ], [ -78.049490582894038, 39.290452689958855 ], [ -78.049530336834465, 39.290435518492117 ], [ -78.049572065267768, 39.290421457553251 ], [ -78.049615366381985, 39.290410642527227 ], [ -78.049659823206738, 39.290403177786118 ], [ -78.049667011283461, 39.290402534634772 ], [ -78.049671673629007, 39.290400963600263 ], [ -78.049699310781676, 39.290394060869268 ], [ -78.049699960881171, 39.290393780075313 ], [ -78.049741689258994, 39.290379719073236 ], [ -78.049784990321101, 39.290368904071983 ], [ -78.049829446993144, 39.290361439171356 ], [ -78.049853941425809, 39.290359247615186 ], [ -78.04987909014676, 39.290355024739341 ], [ -78.049924274411808, 39.290350981852662 ], [ -78.049928865352754, 39.290350923149056 ], [ -78.04993391978698, 39.290349660679325 ], [ -78.049978376430673, 39.290342195810645 ], [ -78.04999835502538, 39.290340408238755 ], [ -78.050020141634491, 39.290333066815187 ], [ -78.050063442630986, 39.290322251707408 ], [ -78.05010789925025, 39.290314786698012 ], [ -78.050153083481646, 39.290310743720902 ], [ -78.050198560005072, 39.290310161734318 ], [ -78.050232578299713, 39.290311024321909 ], [ -78.050236456344351, 39.290310373146269 ], [ -78.050236644625016, 39.290310356299941 ], [ -78.05023858213049, 39.290310030943864 ], [ -78.05026169315677, 39.29030425855931 ], [ -78.050306149748209, 39.290296793472827 ], [ -78.050351333961373, 39.290292750417784 ], [ -78.050396810592162, 39.290292168356096 ], [ -78.050531311242267, 39.290295578544224 ], [ -78.050558586030718, 39.290288766053862 ], [ -78.050603042584015, 39.290281300942247 ], [ -78.050648226777312, 39.290277257770761 ], [ -78.050693703402871, 39.290276675592452 ], [ -78.050723296062955, 39.290277425835278 ], [ -78.050742992999915, 39.290278679117485 ], [ -78.050762753060582, 39.290278426150309 ], [ -78.050812074281438, 39.290279676524584 ], [ -78.050857405374131, 39.290282560855481 ], [ -78.050902154237122, 39.290288884005882 ], [ -78.050945890210812, 39.290298584971815 ], [ -78.050981416301553, 39.290309490607804 ], [ -78.051019559901292, 39.290314880365209 ], [ -78.051057115308168, 39.290323210535647 ], [ -78.05109528964735, 39.290316800063557 ], [ -78.051140473731479, 39.290312756697624 ], [ -78.051158867308246, 39.290312521183942 ], [ -78.051189897889245, 39.290304770380438 ], [ -78.051234354516609, 39.290297305028183 ], [ -78.051279538583501, 39.290293261607403 ], [ -78.051325015229722, 39.290292679182315 ], [ -78.051443386202564, 39.290295679473658 ], [ -78.051488717346956, 39.290298563559745 ], [ -78.051533466407975, 39.290304886472597 ], [ -78.05153800118488, 39.290305892350382 ], [ -78.051541706997966, 39.29030584484105 ], [ -78.0515515713453, 39.290306094854067 ], [ -78.051581116622899, 39.290307974607529 ], [ -78.051610756852909, 39.290307594900028 ], [ -78.051650213899023, 39.290308594914954 ], [ -78.051695544949467, 39.290311478918078 ], [ -78.051740294042276, 39.290317801752316 ], [ -78.051784030049788, 39.29032750249501 ], [ -78.051795861562937, 39.290331134413954 ], [ -78.051811243200206, 39.290329757838109 ], [ -78.051856719878728, 39.290329175205748 ], [ -78.051915905422021, 39.290330675097316 ], [ -78.051961236619903, 39.290333559000722 ], [ -78.05200598575702, 39.290339881734106 ], [ -78.052009801292215, 39.290340728023395 ], [ -78.052132597599112, 39.290343839756112 ], [ -78.05217792870387, 39.290346723572725 ], [ -78.052222677877808, 39.29035304613376 ], [ -78.052266414100842, 39.290362746701184 ], [ -78.052296729092419, 39.290372052224939 ], [ -78.052315063512154, 39.290373218557306 ], [ -78.052359812714741, 39.290379541156611 ], [ -78.052403548860426, 39.290389241670823 ], [ -78.052445850879693, 39.290402226644026 ], [ -78.052478480631393, 39.290415246429916 ], [ -78.052491012293871, 39.290416043649287 ], [ -78.052535761543623, 39.290422366182462 ], [ -78.052539576631276, 39.290423212353055 ], [ -78.052563730795228, 39.290423824334582 ], [ -78.052608048905398, 39.290426643671871 ], [ -78.052652509345791, 39.290426073627565 ], [ -78.052701830754202, 39.290427323205243 ], [ -78.052747161946172, 39.290430206892786 ], [ -78.052791911237904, 39.290436529238576 ], [ -78.052835647488507, 39.290446229593748 ], [ -78.052877949631267, 39.290459214413929 ], [ -78.052909975755739, 39.290471993214183 ], [ -78.05293696565856, 39.290471647102606 ], [ -78.052996151379389, 39.290473146449585 ], [ -78.053041482735949, 39.290476030026852 ], [ -78.053086231974433, 39.290482352258472 ], [ -78.053129968416627, 39.290492052508391 ], [ -78.053172270647622, 39.290505037224499 ], [ -78.053212731322873, 39.290521181411478 ], [ -78.053250960835996, 39.290540329624626 ], [ -78.053286590967758, 39.290562297413352 ], [ -78.053319278635882, 39.290586873127758 ], [ -78.053328821376326, 39.290594788306073 ], [ -78.053358251790542, 39.290621735426413 ], [ -78.053384141486745, 39.290650794358925 ], [ -78.053392981361881, 39.290663150768999 ], [ -78.053402905473703, 39.290674289753085 ], [ -78.053414903368378, 39.290691060513588 ], [ -78.053456966051087, 39.290693735919362 ], [ -78.053501715586634, 39.29070005809043 ], [ -78.053545452229784, 39.290709758191042 ], [ -78.053587754675803, 39.290722742763407 ], [ -78.053605547287034, 39.290729842058816 ], [ -78.053636433312676, 39.290739322411369 ], [ -78.053676894236474, 39.29075546644539 ], [ -78.053715124009372, 39.290774614514852 ], [ -78.053750754409648, 39.290796582170564 ], [ -78.053751677099442, 39.29079727586322 ], [ -78.053786465891037, 39.290794162005426 ], [ -78.053831942902761, 39.290793578611165 ], [ -78.053851671543512, 39.290794078247615 ], [ -78.053897003166341, 39.290796961410315 ], [ -78.053941752705327, 39.290803283322973 ], [ -78.053985489483111, 39.290812983262619 ], [ -78.054027792081584, 39.290825967680092 ], [ -78.054068253152622, 39.290842111583004 ], [ -78.054106483086059, 39.290861259529343 ], [ -78.0541421136586, 39.290883227071113 ], [ -78.054174801783745, 39.29090780256076 ], [ -78.05418434466641, 39.290915717673805 ], [ -78.05419388767082, 39.290923632699062 ], [ -78.054223318445025, 39.290950579613934 ], [ -78.054249208624171, 39.290979638370523 ], [ -78.054271308749009, 39.291010529155493 ], [ -78.054289405924635, 39.291042954433621 ], [ -78.054292284375251, 39.291049912357344 ], [ -78.054324498498801, 39.29106604706562 ], [ -78.054343351206271, 39.291071833614865 ], [ -78.054383812494947, 39.291087977415458 ], [ -78.054422042654451, 39.29110712517565 ], [ -78.054457673451807, 39.29112909262836 ], [ -78.054474631146377, 39.291141841610006 ], [ -78.054505709747701, 39.291161002488991 ], [ -78.054538398126027, 39.291185577975092 ], [ -78.054545721132357, 39.291191651723253 ], [ -78.054566736139904, 39.291200036542548 ], [ -78.054604966412199, 39.291219184246465 ], [ -78.05464059732499, 39.291241151647064 ], [ -78.054649202750753, 39.291247621261903 ], [ -78.054651940693105, 39.29124846162248 ], [ -78.05469240215875, 39.291264605321771 ], [ -78.054700676386432, 39.291268749464315 ], [ -78.054731217052847, 39.291280934874884 ], [ -78.054735353772827, 39.291283006709705 ], [ -78.054741667809012, 39.291285525990524 ], [ -78.054765189819008, 39.291287021825276 ], [ -78.054809939878837, 39.291293343510986 ], [ -78.054819845184355, 39.291295540216986 ], [ -78.054833919451568, 39.291296435245734 ], [ -78.054878669409391, 39.291302756902496 ], [ -78.054917618242442, 39.291311394610815 ], [ -78.054917805752652, 39.291311421068407 ], [ -78.054961543000545, 39.291321120657202 ], [ -78.055003846102167, 39.29133410473694 ], [ -78.055044307704563, 39.291350248318487 ], [ -78.055044933120953, 39.291350561522506 ], [ -78.055071932979359, 39.291358848583023 ], [ -78.05511239461282, 39.29137499214194 ], [ -78.055116531234461, 39.291377063960866 ], [ -78.055131802200293, 39.291383156809275 ], [ -78.055170032731212, 39.291402304426441 ], [ -78.055174887078749, 39.291405297246534 ], [ -78.05518016033686, 39.291407401169252 ], [ -78.055218390898503, 39.291426548681457 ], [ -78.05524570783912, 39.291443390028739 ], [ -78.055276292181361, 39.291458707947747 ], [ -78.055281146537482, 39.291461700763691 ], [ -78.055286419803195, 39.291463804681854 ], [ -78.055290557231004, 39.291465876875414 ], [ -78.055305827317056, 39.291471969408775 ], [ -78.055306452052221, 39.291472282323916 ], [ -78.055333452794329, 39.291480569526975 ], [ -78.055373914562068, 39.291496712999518 ], [ -78.055412145223897, 39.29151586054158 ], [ -78.05541699970577, 39.291518853355122 ], [ -78.055422272864334, 39.291520957264488 ], [ -78.055422897712504, 39.29152127027195 ], [ -78.055449898260719, 39.291529557353307 ], [ -78.055451270314137, 39.291530104757634 ], [ -78.05546613903887, 39.291533402124657 ], [ -78.055508442370808, 39.291546386028742 ], [ -78.055548904335396, 39.291562529446104 ], [ -78.05558713508708, 39.291581676843613 ], [ -78.055600793911793, 39.291590097709594 ], [ -78.055616085813952, 39.291597756437064 ], [ -78.055629744085181, 39.29160617683528 ], [ -78.055645036673894, 39.291613835936715 ], [ -78.055680668124751, 39.291635803037146 ], [ -78.055713357145862, 39.291660378215049 ], [ -78.055722900310698, 39.29166829312134 ], [ -78.055752332106266, 39.291695239683094 ], [ -78.055757801366923, 39.291701378055294 ], [ -78.055770003828982, 39.291706246554511 ], [ -78.055808234721368, 39.291725393884136 ], [ -78.055843866396685, 39.291747360941166 ], [ -78.055876555415253, 39.291771935983988 ], [ -78.055886098725765, 39.291779850970947 ], [ -78.055895641926384, 39.291787765864264 ], [ -78.055905185129134, 39.291795680756884 ], [ -78.055923977611258, 39.291812886270733 ], [ -78.055941420292584, 39.291818239783574 ], [ -78.055951135678143, 39.291822115912403 ], [ -78.055986904524644, 39.291824390241452 ], [ -78.056031655063535, 39.291830711473473 ], [ -78.056075392698659, 39.29184041056758 ], [ -78.056117696334894, 39.291853394350611 ], [ -78.056158158625436, 39.291869537567187 ], [ -78.05619638971784, 39.291888684776062 ], [ -78.056232021485968, 39.291910651718389 ], [ -78.056264710831798, 39.291935226752393 ], [ -78.056274254097076, 39.291943141616883 ], [ -78.056303686221682, 39.291970088050277 ], [ -78.056322102864996, 39.29199075740916 ], [ -78.056331192614579, 39.291998296127929 ], [ -78.05636062478375, 39.292025242548419 ], [ -78.056383129298325, 39.292050499602595 ], [ -78.056406926681035, 39.292059993992467 ], [ -78.056445157946911, 39.292079141125463 ], [ -78.056472769161999, 39.292096163319968 ], [ -78.056503644842707, 39.292108481606334 ], [ -78.056507781890289, 39.292110553567468 ], [ -78.056523052688206, 39.292116646051369 ], [ -78.056549389848456, 39.292129836373739 ], [ -78.056560221901265, 39.292133160827682 ], [ -78.05657244365554, 39.292138036848776 ], [ -78.05660573540402, 39.292145419389193 ], [ -78.056648039334519, 39.292158402899318 ], [ -78.056688501814222, 39.292174545938884 ], [ -78.056726733219364, 39.292193693074211 ], [ -78.056749652816322, 39.292207822775879 ], [ -78.056774030251248, 39.292215304397772 ], [ -78.056791823812034, 39.292222403326278 ], [ -78.056822710737336, 39.292231882775454 ], [ -78.056863173418137, 39.292248025760095 ], [ -78.056878124502063, 39.292255513548071 ], [ -78.056880934736682, 39.29225637604501 ], [ -78.056921397330086, 39.292272519007433 ], [ -78.056945929073578, 39.292284804962712 ], [ -78.056959039753536, 39.292284636405 ], [ -78.057004372534976, 39.292287518486575 ], [ -78.057049123486479, 39.29229383925113 ], [ -78.057092861566986, 39.292303538067983 ], [ -78.057135165692159, 39.292316521407542 ], [ -78.057175628383376, 39.292332664284856 ], [ -78.057213860014869, 39.292351811267828 ], [ -78.057227518290688, 39.292360231301394 ], [ -78.057242811565942, 39.292367890393372 ], [ -78.057278443915521, 39.292389857034976 ], [ -78.057311133858818, 39.292414431795265 ], [ -78.057320677309235, 39.292422346580203 ], [ -78.057350110041568, 39.292449292769554 ], [ -78.057376002072715, 39.292478350893134 ], [ -78.057389386548465, 39.292497057398762 ], [ -78.057397185231153, 39.292504197271377 ], [ -78.057423077297514, 39.292533255475732 ], [ -78.057445179187468, 39.292564145718579 ], [ -78.057456656762199, 39.292584708025011 ], [ -78.057459643859872, 39.292585624798996 ], [ -78.057500106784047, 39.292601767571433 ], [ -78.057538338652705, 39.292620914455803 ], [ -78.057573971223931, 39.292642881014352 ], [ -78.057606661391958, 39.292667455608999 ], [ -78.057616205021887, 39.292675370464849 ], [ -78.057645637856567, 39.292702316583721 ], [ -78.057671530100961, 39.292731374648547 ], [ -78.057693632275942, 39.292762264852669 ], [ -78.057711731466824, 39.29279468966643 ], [ -78.057715601386747, 39.292804042729806 ], [ -78.057734606211923, 39.292815758574989 ], [ -78.057767296511969, 39.292840333218983 ], [ -78.057776840071085, 39.292848247970092 ], [ -78.057806273154114, 39.292875194055611 ], [ -78.05783216541073, 39.292904252085904 ], [ -78.057854267707995, 39.292935142263417 ], [ -78.057872367014227, 39.292967567055804 ], [ -78.057878107411611, 39.292981440515966 ], [ -78.057898980438637, 39.292997131573095 ], [ -78.057908524033479, 39.293005046314583 ], [ -78.057937957231147, 39.293031992370537 ], [ -78.057956563531519, 39.293052873559589 ], [ -78.057985354321076, 39.2930792314055 ], [ -78.05801124672054, 39.29310828949064 ], [ -78.05803334915737, 39.293139179638587 ], [ -78.058047010899671, 39.293163654307897 ], [ -78.058051794303594, 39.29317033961415 ], [ -78.058057790533212, 39.293181081774449 ], [ -78.058076447074285, 39.293202019077341 ], [ -78.058098549451714, 39.293232909211739 ], [ -78.058103937247452, 39.293242561355328 ], [ -78.05813380616074, 39.293257519650204 ], [ -78.058169439244239, 39.293279485953406 ], [ -78.058202129909986, 39.293304060487351 ], [ -78.058211673695965, 39.293311975209384 ], [ -78.058241107020336, 39.29333892119368 ], [ -78.058266999737882, 39.293367979141308 ], [ -78.058289102364938, 39.293398869246765 ], [ -78.058295933461565, 39.293411106933064 ], [ -78.058298325020857, 39.293414449307377 ], [ -78.058300756772667, 39.293418805707248 ], [ -78.058324622512771, 39.293428326663793 ], [ -78.058362855059428, 39.293447473300176 ], [ -78.058390173332867, 39.293464313775885 ], [ -78.058420759493984, 39.293479631018094 ], [ -78.058456392893234, 39.293501597333204 ], [ -78.058489083763092, 39.293526171793332 ], [ -78.058498627495709, 39.293534086490986 ], [ -78.058508171230471, 39.293542001187923 ], [ -78.058517714967394, 39.293549915884157 ], [ -78.05851951192534, 39.293551560966165 ], [ -78.058521832489632, 39.293552075474736 ], [ -78.058564137649739, 39.293565058330309 ], [ -78.058587295692959, 39.29357429693907 ], [ -78.058599787711273, 39.293577066723564 ], [ -78.058642092902346, 39.293590049551824 ], [ -78.058682556685071, 39.293606192032414 ], [ -78.058720789434346, 39.293625338467926 ], [ -78.058756422888564, 39.293647304693998 ], [ -78.058789113937195, 39.293671878985784 ], [ -78.058798657720217, 39.293679793750634 ], [ -78.058808201509123, 39.293687708424798 ], [ -78.058817745416007, 39.293695623101179 ], [ -78.058827289209233, 39.293703537773929 ], [ -78.058856722934493, 39.29373048361591 ], [ -78.05888261604602, 39.293759541529802 ], [ -78.058904719063861, 39.293790431531299 ], [ -78.058905876133778, 39.293792504369996 ], [ -78.058911767199206, 39.293797389725121 ], [ -78.058929092371031, 39.293808069723028 ], [ -78.058959969369994, 39.293820387491557 ], [ -78.058968243820573, 39.293824531160922 ], [ -78.058976117381746, 39.293827672224666 ], [ -78.059007004759692, 39.293837150934436 ], [ -78.059047468892771, 39.293853293208905 ], [ -78.05908570187573, 39.293872439622533 ], [ -78.05912133557554, 39.29389440565501 ], [ -78.059123701766737, 39.293896184391336 ], [ -78.059124198227508, 39.293896432965632 ], [ -78.059159832063855, 39.293918399080063 ], [ -78.059176791745813, 39.29393114779991 ], [ -78.059179030525428, 39.293932527839644 ], [ -78.059201775644141, 39.293941601482942 ], [ -78.059240008718973, 39.293960747848963 ], [ -78.059275642513128, 39.293982713837373 ], [ -78.059308333897789, 39.294007288084671 ], [ -78.059317877789027, 39.294015202720466 ], [ -78.059341844944399, 39.294037143574769 ], [ -78.059358372375797, 39.294028251407831 ], [ -78.059365015802797, 39.294021744472218 ], [ -78.059374871859703, 39.294009861197758 ], [ -78.059403140958025, 39.293982172611656 ], [ -78.059434766750286, 39.2939567703732 ], [ -78.059444952478287, 39.293949354468751 ], [ -78.05947963024029, 39.293926483198369 ], [ -78.059517026139147, 39.293906363184533 ], [ -78.059556779734734, 39.293889188276111 ], [ -78.059598508597375, 39.293875123750006 ], [ -78.059641810564642, 39.293864305016946 ], [ -78.059686268657984, 39.293856836484736 ], [ -78.059731454863837, 39.29385278985211 ], [ -78.059776933839316, 39.293852204202551 ], [ -78.059786798757358, 39.293852453536587 ], [ -78.0598321326205, 39.293855334464503 ], [ -78.059876884881788, 39.293861654276391 ], [ -78.059920624386848, 39.293871351988734 ], [ -78.059962930022536, 39.293884334441678 ], [ -78.060003394422807, 39.293900476392608 ], [ -78.060041627714881, 39.293919622412545 ], [ -78.060067303519176, 39.293935449690387 ], [ -78.060080708804747, 39.293940797307265 ], [ -78.060118942140761, 39.293959943303271 ], [ -78.060154576222715, 39.293981909122621 ], [ -78.060187267930232, 39.294006483134382 ], [ -78.0601968120408, 39.294014397704665 ], [ -78.060226246436429, 39.294041343223441 ], [ -78.060252140244444, 39.294070400766692 ], [ -78.060274243970653, 39.294101290532844 ], [ -78.060285222512206, 39.294120956851728 ], [ -78.060309765326636, 39.29413074738514 ], [ -78.060347998830096, 39.294149893311541 ], [ -78.060383633080832, 39.294171859066424 ], [ -78.060416324960656, 39.294196432929439 ], [ -78.060425869118959, 39.294204347572631 ], [ -78.060455303681252, 39.294231293038976 ], [ -78.060481197652436, 39.294260350536625 ], [ -78.06050330153677, 39.294291240264407 ], [ -78.06051479903887, 39.294311836023681 ], [ -78.060520829135001, 39.294317356129874 ], [ -78.060546723047935, 39.294346413611848 ], [ -78.060568826986611, 39.294377303328879 ], [ -78.060575658685707, 39.294389540990977 ], [ -78.060578050274884, 39.29439288323033 ], [ -78.060596151199732, 39.294425307653356 ], [ -78.060610074811322, 39.294458954560113 ], [ -78.060611545676593, 39.294464240637375 ], [ -78.060618977446069, 39.294482199644293 ], [ -78.060628589602644, 39.294516745032332 ], [ -78.060633797902497, 39.294551856135953 ], [ -78.060634552031686, 39.294587194765192 ], [ -78.060634226261229, 39.29459497900465 ], [ -78.060647320911514, 39.294618435498656 ], [ -78.060661244696348, 39.294652082403616 ], [ -78.060670856895754, 39.294686627698937 ], [ -78.060676065224158, 39.294721738801051 ], [ -78.060676819367359, 39.294757077519982 ], [ -78.060675856999922, 39.29478007333752 ], [ -78.060675416230367, 39.294784261527937 ], [ -78.060678026852528, 39.294786223877445 ], [ -78.060687571121505, 39.29479413841262 ], [ -78.060717006021591, 39.294821083823464 ], [ -78.060742900303325, 39.294850141362552 ], [ -78.060742932723983, 39.294850186683867 ], [ -78.06074863296854, 39.294851450470816 ], [ -78.060790939475268, 39.29486443256156 ], [ -78.060831404519135, 39.294880574247536 ], [ -78.060832029993776, 39.294880887422416 ], [ -78.060859031951551, 39.294889173211601 ], [ -78.06087212560125, 39.294894396295312 ], [ -78.06087492383314, 39.294894574105783 ], [ -78.060919676870242, 39.29490089354384 ], [ -78.06096341717884, 39.294910590982212 ], [ -78.061005723649316, 39.294923572994591 ], [ -78.061046188780523, 39.294939714608795 ], [ -78.061084422926896, 39.294958860314921 ], [ -78.061098784951653, 39.294967713155209 ], [ -78.061102921960213, 39.294967659841696 ], [ -78.061132516987954, 39.294968407516052 ], [ -78.061177851657106, 39.294971287947995 ], [ -78.061222604777271, 39.294977607272223 ], [ -78.061266345185757, 39.294987304509895 ], [ -78.061308651760768, 39.295000286505733 ], [ -78.061349117127165, 39.295016428021555 ], [ -78.061372742397495, 39.2950282582906 ], [ -78.061373256679161, 39.295028372267709 ], [ -78.061415563300656, 39.295041354226235 ], [ -78.061456028601256, 39.295057495703624 ], [ -78.061494262930012, 39.295076641281256 ], [ -78.061507922712579, 39.295085061129576 ], [ -78.061523216609544, 39.295092719503707 ], [ -78.061558851714608, 39.295114684837209 ], [ -78.061591544441342, 39.295139258488383 ], [ -78.061601088747722, 39.295147172950927 ], [ -78.061630524268395, 39.295174118150783 ], [ -78.061656418950136, 39.295203175411139 ], [ -78.061672791402103, 39.295226054621828 ], [ -78.061693952183816, 39.295232547810009 ], [ -78.061734417661981, 39.295248689196626 ], [ -78.06176580719584, 39.295264407195724 ], [ -78.061793095604841, 39.295268260239794 ], [ -78.061802444014631, 39.295270332748821 ], [ -78.061830932248043, 39.295269965412096 ], [ -78.061876267156904, 39.29527284557998 ], [ -78.061921020547373, 39.295279164644683 ], [ -78.061933314400704, 39.295281890153376 ], [ -78.061935136734348, 39.295282005905264 ], [ -78.061979890141075, 39.295288324857729 ], [ -78.062023630975034, 39.295298021914185 ], [ -78.062023914054578, 39.295298108789112 ], [ -78.062062741089647, 39.295300575436968 ], [ -78.062107494518912, 39.295306894431157 ], [ -78.062151235269098, 39.295316591437746 ], [ -78.062180002099211, 39.29532541831513 ], [ -78.062209754948029, 39.295327308471322 ], [ -78.06224940771979, 39.295332907097759 ], [ -78.062253023485908, 39.295317445715355 ], [ -78.062255849813582, 39.295309748491022 ], [ -78.06225700057486, 39.29529881191344 ], [ -78.062265132873279, 39.295264037775162 ], [ -78.062266221479931, 39.295261073081718 ], [ -78.062267006570792, 39.295242303447189 ], [ -78.062270713065615, 39.295207077378038 ], [ -78.062278845343826, 39.295172303237685 ], [ -78.062291325044242, 39.295138315965389 ], [ -78.06229143684898, 39.295138096007776 ], [ -78.062294611247268, 39.295107926683478 ], [ -78.062302743495408, 39.295073152630046 ], [ -78.062315223051741, 39.295039165260654 ], [ -78.062319052501167, 39.295031630296045 ], [ -78.062325359008113, 39.295004663144837 ], [ -78.062337838655196, 39.294970675774735 ], [ -78.062346755704212, 39.294953130179913 ], [ -78.062348665464143, 39.29494792904346 ], [ -78.062365372271003, 39.29491505584236 ], [ -78.06238614541499, 39.294883613362316 ], [ -78.062388811344547, 39.294880398874497 ], [ -78.062396651594469, 39.29486853181939 ], [ -78.062421291044288, 39.294838822826193 ], [ -78.062449559457292, 39.294811133472827 ], [ -78.062481184475288, 39.294785730378258 ], [ -78.062501555686168, 39.294770898024048 ], [ -78.062511741234246, 39.294763481754025 ], [ -78.062521926776412, 39.294756065572997 ], [ -78.062537522912621, 39.294745778786066 ], [ -78.062540211490159, 39.294741709235737 ], [ -78.062564850833226, 39.294712000207568 ], [ -78.062593119141326, 39.294684310724712 ], [ -78.062624744049799, 39.294658907586481 ], [ -78.062645115193419, 39.29464407520431 ], [ -78.062655300704094, 39.294636659010273 ], [ -78.062665486212651, 39.294629242815255 ], [ -78.062675671722801, 39.294621826529287 ], [ -78.062710348834486, 39.294598954360218 ], [ -78.0627477442426, 39.294578833287666 ], [ -78.062787497627468, 39.294561657173617 ], [ -78.062829226207668, 39.294547591476913 ], [ -78.062872528169805, 39.294536771628358 ], [ -78.062916986430849, 39.294529301774432 ], [ -78.062962172960567, 39.294525253985711 ], [ -78.063007652424247, 39.2945246670877 ], [ -78.063047112241705, 39.294525663329324 ], [ -78.063062085183773, 39.294526614380558 ], [ -78.063073312247852, 39.294509620623899 ], [ -78.063097951284703, 39.294479911470113 ], [ -78.063126219287639, 39.294452221935188 ], [ -78.063157843902403, 39.29442681863982 ], [ -78.063168029328764, 39.294419402397381 ], [ -78.063178214872536, 39.294411986066905 ], [ -78.063188400294607, 39.294404569822511 ], [ -78.063223077136996, 39.294381697489399 ], [ -78.063260472172956, 39.294361576238394 ], [ -78.063300225316951, 39.29434439993905 ], [ -78.063341953674012, 39.294330334049121 ], [ -78.06338525543292, 39.294319514001174 ], [ -78.063429713628395, 39.294312043946583 ], [ -78.063429902964117, 39.294312027015501 ], [ -78.063469493820818, 39.29430537474834 ], [ -78.063469683156498, 39.294305357817201 ], [ -78.063509273890659, 39.294298705533279 ], [ -78.063554460255091, 39.294294657417318 ], [ -78.063599939694555, 39.294294070284657 ], [ -78.063757778426478, 39.294298054345759 ], [ -78.063803112836098, 39.294300933741894 ], [ -78.063847865832159, 39.29430725204886 ], [ -78.063860159033638, 39.29430997715599 ], [ -78.063861982038318, 39.294310092984389 ], [ -78.063906734931066, 39.294316411266166 ], [ -78.063916640990485, 39.294318607222927 ], [ -78.063930716046357, 39.294319501177164 ], [ -78.063975469068708, 39.294325819435876 ], [ -78.064014420638287, 39.294334454102184 ], [ -78.064014608388717, 39.294334480641368 ], [ -78.064058348849613, 39.294344176918855 ], [ -78.06410065562811, 39.294357157814687 ], [ -78.064102027809284, 39.294357705121342 ], [ -78.0641168976003, 39.294361001418451 ], [ -78.064133499122121, 39.294366095200438 ], [ -78.064151435826233, 39.294368627496631 ], [ -78.064163729623658, 39.294371352767072 ], [ -78.06416555193961, 39.294371468483263 ], [ -78.064210305025355, 39.294377786563551 ], [ -78.064254045544516, 39.29438748276938 ], [ -78.064270647655192, 39.294392576726949 ], [ -78.06428858368119, 39.294395108894904 ], [ -78.06433232433946, 39.294404805074983 ], [ -78.064374631210697, 39.294417785874295 ], [ -78.064386853947113, 39.294422661107653 ], [ -78.064420147726111, 39.294430041479536 ], [ -78.064442728654868, 39.294436969803726 ], [ -78.064449422125946, 39.294438453598218 ], [ -78.064472928764232, 39.29444566598373 ], [ -78.064474095385052, 39.294445830731121 ], [ -78.064517836104486, 39.294455526843485 ], [ -78.064540416820506, 39.294462455143488 ], [ -78.064547110528011, 39.294463938938357 ], [ -78.064569691022044, 39.294470867137051 ], [ -78.064576385074758, 39.294472351029036 ], [ -78.064600863231334, 39.294479861493187 ], [ -78.064606602263794, 39.294474239582236 ], [ -78.064638226494139, 39.294448835867293 ], [ -78.064648411775508, 39.294441419489409 ], [ -78.064658597170549, 39.294434003113459 ], [ -78.064659379908448, 39.294433433165224 ], [ -78.064670643449062, 39.294419851342774 ], [ -78.064698910713958, 39.294392161397916 ], [ -78.064730534873632, 39.294366757654906 ], [ -78.064740720133315, 39.294359341268006 ], [ -78.064767135317226, 39.294341917459683 ], [ -78.064780254872488, 39.294316100574221 ], [ -78.064780959095302, 39.294315034615735 ], [ -78.064785201188258, 39.294303480096858 ], [ -78.064801906819355, 39.294270606496475 ], [ -78.064822678690234, 39.29423916352961 ], [ -78.064847316791855, 39.294209453969408 ], [ -78.06487558401939, 39.294181763887799 ], [ -78.064907208018568, 39.294156360089943 ], [ -78.064917393228612, 39.294148943685471 ], [ -78.064927578436524, 39.29414152728004 ], [ -78.064937763642277, 39.294134110873614 ], [ -78.064972439811839, 39.294111237901198 ], [ -78.065009834232512, 39.294091116062276 ], [ -78.065049586824699, 39.294073939232078 ], [ -78.065091314822041, 39.294059872697218 ], [ -78.065134616182533, 39.294049051980728 ], [ -78.065179073944705, 39.294041581240407 ], [ -78.065224260086922, 39.294037532465346 ], [ -78.06526973927069, 39.294036944669635 ], [ -78.065309198894468, 39.294037940134338 ], [ -78.065319048036088, 39.294038565608183 ], [ -78.06532892864918, 39.294038437860223 ], [ -78.065348658520207, 39.294038935585689 ], [ -78.065393992867158, 39.294041814357691 ], [ -78.065438745880925, 39.294048132051621 ], [ -78.065482486511897, 39.294057827797253 ], [ -78.065509701229104, 39.294066177691967 ], [ -78.065550870650398, 39.294068791979335 ], [ -78.065595623587058, 39.294075109521103 ], [ -78.065639364259965, 39.294084805209138 ], [ -78.065662871147268, 39.294092017450403 ], [ -78.065664037537928, 39.294092182089891 ], [ -78.06570777811659, 39.294101877749988 ], [ -78.065750085094379, 39.294114858051998 ], [ -78.065790551081065, 39.294130998043187 ], [ -78.065828786192384, 39.294150142223373 ], [ -78.065842446801611, 39.294158561947988 ], [ -78.065857740447569, 39.294166219388565 ], [ -78.065893376536152, 39.294188183519807 ], [ -78.065926070449123, 39.294212755906322 ], [ -78.065935615262873, 39.29422067003069 ], [ -78.065965052034045, 39.29424761418192 ], [ -78.065990948364814, 39.294276670628463 ], [ -78.065999790935962, 39.294289026174177 ], [ -78.066009717592408, 39.294300164170863 ], [ -78.066010477593778, 39.294301226167853 ], [ -78.066054560230583, 39.294304025279111 ], [ -78.066099313489175, 39.29431034263704 ], [ -78.066143054388078, 39.29432003814334 ], [ -78.066165635473112, 39.294326966138065 ], [ -78.066172328976464, 39.294328449834332 ], [ -78.066214636180916, 39.294341430065238 ], [ -78.066232431084543, 39.294348527506976 ], [ -78.066263320587169, 39.294358004624023 ], [ -78.066303786839754, 39.294374144445676 ], [ -78.066330126909179, 39.294387332741891 ], [ -78.066340959596047, 39.294390656218134 ], [ -78.0663814257707, 39.294406796011152 ], [ -78.066382050696319, 39.294407108962396 ], [ -78.066409053786387, 39.294415393585417 ], [ -78.066449520107895, 39.294431533358726 ], [ -78.066450145605614, 39.294431846504196 ], [ -78.066477148138731, 39.294440131007441 ], [ -78.066517614375485, 39.294456270755198 ], [ -78.06653256702262, 39.294463757355587 ], [ -78.066535377477194, 39.294464619626659 ], [ -78.066575843742356, 39.294480759355118 ], [ -78.066576468673304, 39.294481072215362 ], [ -78.066577766756197, 39.294481470515016 ], [ -78.066595703025982, 39.294484002333867 ], [ -78.066639443999776, 39.294493697566914 ], [ -78.06668175139896, 39.294506677634494 ], [ -78.066722217724603, 39.294522817314082 ], [ -78.06676045331595, 39.294541961204345 ], [ -78.066787530338416, 39.294558649511956 ], [ -78.066788650959538, 39.294558677767988 ], [ -78.066792858282867, 39.294557259428331 ], [ -78.066797159939796, 39.29455540060713 ], [ -78.066838887806298, 39.294541333350665 ], [ -78.066882189239692, 39.294530511985037 ], [ -78.066926647281562, 39.294523040584302 ], [ -78.066971833673335, 39.294518991228109 ], [ -78.067017313197383, 39.294518402759977 ], [ -78.067027178157218, 39.294518651481141 ], [ -78.06707251303834, 39.294521529615523 ], [ -78.067096046915452, 39.294524851460473 ], [ -78.06711980842627, 39.294522722024567 ], [ -78.067165287955106, 39.294522133498575 ], [ -78.067210622847497, 39.294525011579395 ], [ -78.067255376377588, 39.294531328501286 ], [ -78.067299117483358, 39.294541023580571 ], [ -78.067341425051254, 39.294554003323675 ], [ -78.067381891565788, 39.294570142870249 ], [ -78.067405693354033, 39.294582059791821 ], [ -78.067409672242007, 39.294582008302754 ], [ -78.067468862308829, 39.294583500425617 ], [ -78.067514197144703, 39.294586378387052 ], [ -78.067558950744456, 39.294592695284514 ], [ -78.067602691936997, 39.294602390252528 ], [ -78.067625272813402, 39.294609317870581 ], [ -78.067631966954721, 39.294610801589528 ], [ -78.067674274633006, 39.294623781215243 ], [ -78.067683011291436, 39.294627265685705 ], [ -78.067684292086284, 39.294627297970592 ], [ -78.067703990605722, 39.294628548432691 ], [ -78.067723752126867, 39.294628292629412 ], [ -78.06773361710836, 39.294628541291289 ], [ -78.067778952106337, 39.294631419153909 ], [ -78.067823705648934, 39.294637735948456 ], [ -78.067867447027766, 39.29464743082211 ], [ -78.067909754776579, 39.29466041036455 ], [ -78.067950221497753, 39.294676549630267 ], [ -78.067954358715369, 39.294678621012977 ], [ -78.067969631601386, 39.29468471224105 ], [ -78.068007867640262, 39.29470385582669 ], [ -78.068043504709081, 39.294725819242693 ], [ -78.068076199647493, 39.294750391150338 ], [ -78.068085744668224, 39.294758305106484 ], [ -78.068115182627238, 39.29478524875362 ], [ -78.068117612587329, 39.294787975174309 ], [ -78.068143171464584, 39.294791582607694 ], [ -78.068186912989603, 39.29480127736619 ], [ -78.068229220895716, 39.294814256797778 ], [ -78.068269687783769, 39.294830395958037 ], [ -78.068307923987547, 39.294849539450652 ], [ -78.068341632720276, 39.294870314238416 ], [ -78.068361603959801, 39.294874740578734 ], [ -78.068403911945637, 39.294887719949472 ], [ -78.068444379034759, 39.29490385905477 ], [ -78.0684826153323, 39.294923002403024 ], [ -78.068515713790347, 39.29494340106001 ], [ -78.068521674553608, 39.294927163105029 ], [ -78.068525503342613, 39.294919627910481 ], [ -78.068531807357317, 39.294892660328934 ], [ -78.068542918360407, 39.294862392435505 ], [ -78.068542952233258, 39.294862247530844 ], [ -78.068555428765691, 39.294828259375159 ], [ -78.06856434452024, 39.294810712799645 ], [ -78.068564887643433, 39.29480923322955 ], [ -78.068564921792913, 39.294809087250805 ], [ -78.068571979752818, 39.294789860520027 ], [ -78.068576386451142, 39.294771009118357 ], [ -78.068588863060697, 39.294737021050317 ], [ -78.068605566944413, 39.29470414683928 ], [ -78.068626337294134, 39.294672703135411 ], [ -78.068650974115471, 39.29464299271892 ], [ -78.068679240085416, 39.294615301664244 ], [ -78.068710862861778, 39.29458989678583 ], [ -78.068721047756483, 39.294582480035814 ], [ -78.068731232764861, 39.294575063287731 ], [ -78.06876590799564, 39.294552189146842 ], [ -78.068803301643996, 39.29453206614685 ], [ -78.068843053649019, 39.294514887904988 ], [ -78.068884781122946, 39.294500819987668 ], [ -78.068928082263071, 39.294489997847066 ], [ -78.068972540110067, 39.294482525654672 ], [ -78.069017726295144, 39.29447847540488 ], [ -78.069063205941546, 39.294477886137585 ], [ -78.06907307091376, 39.2944781346852 ], [ -78.069118405902486, 39.294481012023915 ], [ -78.069127213542771, 39.294482255046681 ], [ -78.069136106313579, 39.294481457976119 ], [ -78.069162517682457, 39.294481115785196 ], [ -78.069170159897837, 39.294479831282779 ], [ -78.069205201494015, 39.294476690270905 ], [ -78.069215126785252, 39.294474209655448 ], [ -78.069259584598413, 39.294466737351733 ], [ -78.069259773933751, 39.294466720411116 ], [ -78.069299364334171, 39.294460066138157 ], [ -78.069299554020674, 39.294460049116246 ], [ -78.069339144178983, 39.294453394913603 ], [ -78.069363640281878, 39.294451199113382 ], [ -78.069388788987695, 39.294446972195836 ], [ -78.069433975251656, 39.294442921785361 ], [ -78.069479454765826, 39.294442332351316 ], [ -78.069514967109782, 39.294443226952062 ], [ -78.069536586478947, 39.294422046823776 ], [ -78.069568208983924, 39.294396641699358 ], [ -78.069578393767145, 39.294389224779536 ], [ -78.069613068638262, 39.294366350461473 ], [ -78.069650461962169, 39.294346227085533 ], [ -78.069690213666064, 39.294329048631703 ], [ -78.069731940995922, 39.294314980312272 ], [ -78.069775241908673, 39.294304157846575 ], [ -78.069819699450917, 39.29429668531926 ], [ -78.069864885599415, 39.294292634826597 ], [ -78.069910365023034, 39.294292045220139 ], [ -78.069920230092478, 39.294292293697914 ], [ -78.069965564901167, 39.294295170700195 ], [ -78.07001031860014, 39.294301486565516 ], [ -78.070035063280059, 39.294306970544966 ], [ -78.070059323731897, 39.294310394319865 ], [ -78.07006263681717, 39.294311128542027 ], [ -78.070066004139974, 39.294310562575085 ], [ -78.070111190292948, 39.294306511896522 ], [ -78.070156669845332, 39.294305922196877 ], [ -78.070176399760967, 39.294306419104153 ], [ -78.070221734595492, 39.29430929600727 ], [ -78.070266488328812, 39.294315611865152 ], [ -78.070310229908188, 39.294325305735278 ], [ -78.070340988375079, 39.294334741448708 ], [ -78.07034273627373, 39.29433263350564 ], [ -78.070371001465475, 39.294304942098456 ], [ -78.070402623511356, 39.294279536730329 ], [ -78.070412808305278, 39.294272119826232 ], [ -78.070422992981221, 39.294264702918241 ], [ -78.070433177658785, 39.294257285919272 ], [ -78.070443362330451, 39.294249869009313 ], [ -78.070453546999957, 39.294242452098366 ], [ -78.070473916448378, 39.294227618276452 ], [ -78.070484101115213, 39.294220201272566 ], [ -78.070518775621053, 39.294197326669504 ], [ -78.070556168610381, 39.294177202988543 ], [ -78.07055668513901, 39.294176979791651 ], [ -78.070559194639017, 39.294175324244996 ], [ -78.070596587605436, 39.294155200550087 ], [ -78.070597025033209, 39.294155011485408 ], [ -78.070626047134269, 39.294131694887376 ], [ -78.070636231767551, 39.294124277958922 ], [ -78.070670906181064, 39.294101403216509 ], [ -78.070706025322949, 39.294082503153518 ], [ -78.0707275739246, 39.294065190727089 ], [ -78.07074794314849, 39.294050356849731 ], [ -78.070758127876786, 39.294042939822511 ], [ -78.070792802207251, 39.294020065130432 ], [ -78.070830195025891, 39.293999941354272 ], [ -78.070846095572293, 39.293993069752624 ], [ -78.070860429128288, 39.293985355850843 ], [ -78.070900180355721, 39.293968176873506 ], [ -78.070941907247345, 39.293954108191784 ], [ -78.070985207775536, 39.293943285259402 ], [ -78.071029664986838, 39.293935812255476 ], [ -78.07103084289183, 39.293935706604309 ], [ -78.071054901593001, 39.293929693138558 ], [ -78.071099358786114, 39.293922220197352 ], [ -78.071144544653109, 39.293918169105204 ], [ -78.071146493885678, 39.293918143860452 ], [ -78.071152734913085, 39.293914026523368 ], [ -78.071179332293255, 39.293899712418494 ], [ -78.071189033070482, 39.293892647744215 ], [ -78.07122370719496, 39.293869772825026 ], [ -78.071261099928023, 39.293849648995064 ], [ -78.071300850986987, 39.29383246987377 ], [ -78.071316598906108, 39.293827160230265 ], [ -78.071320900407741, 39.293825301235273 ], [ -78.071326338520905, 39.293823467701792 ], [ -78.071331432841546, 39.293820726009137 ], [ -78.071371183867981, 39.293803546862463 ], [ -78.071412910459998, 39.29378947800118 ], [ -78.07142873358363, 39.29378552295946 ], [ -78.071432671793104, 39.293768672603328 ], [ -78.071445146830172, 39.293734684164839 ], [ -78.07146184913384, 39.293701809479082 ], [ -78.071482617911172, 39.293670365200818 ], [ -78.071507253182915, 39.293640654115769 ], [ -78.071535517521383, 39.293612962391855 ], [ -78.071567138953938, 39.29358755667964 ], [ -78.071577323414118, 39.293580139571432 ], [ -78.071587507868415, 39.293572722552227 ], [ -78.07159769243637, 39.293565305534955 ], [ -78.071607876886361, 39.293557888513789 ], [ -78.071639699832474, 39.293536894206511 ], [ -78.071639970954507, 39.293536567264539 ], [ -78.071668235313965, 39.293508875507307 ], [ -78.071699856651492, 39.29348346975501 ], [ -78.071710041082582, 39.293476052633956 ], [ -78.071720225507789, 39.293468635601911 ], [ -78.07175489924721, 39.293445760598424 ], [ -78.071792291493082, 39.293425636489161 ], [ -78.07183204218677, 39.293408457171218 ], [ -78.071855496775726, 39.293400548875688 ], [ -78.07186262388781, 39.293396713158714 ], [ -78.071902374545203, 39.293379533905373 ], [ -78.071921980482344, 39.293372923248015 ], [ -78.071923443729574, 39.293366662199354 ], [ -78.071935918448688, 39.293332673694515 ], [ -78.071952620419495, 39.293299798924025 ], [ -78.071954940880659, 39.293296285618979 ], [ -78.071956233807654, 39.293290753398836 ], [ -78.071968708379515, 39.293256764886067 ], [ -78.071985410430784, 39.293223890112152 ], [ -78.072006178824637, 39.293192445723946 ], [ -78.072030813585499, 39.293162734508236 ], [ -78.072043336525226, 39.293150465022379 ], [ -78.072048114332802, 39.293141060802945 ], [ -78.072068882676191, 39.293109616311177 ], [ -78.072093517380083, 39.293079905079715 ], [ -78.072097368071738, 39.293076132372555 ], [ -78.07210007472311, 39.293072034309802 ], [ -78.072124709515847, 39.293042323073493 ], [ -78.072152973480229, 39.293014631181663 ], [ -78.072184594300893, 39.292989225277736 ], [ -78.072194778720515, 39.292981808201944 ], [ -78.072229452067461, 39.292958932950384 ], [ -78.072266843915003, 39.292938808762123 ], [ -78.072306594219526, 39.292921629265898 ], [ -78.072312151472516, 39.292919755442121 ], [ -78.07233033666229, 39.292907758057154 ], [ -78.072367728458502, 39.292887633744193 ], [ -78.072407478706964, 39.292870454301315 ], [ -78.072415200480521, 39.292867850659981 ], [ -78.072421036852035, 39.29286400017164 ], [ -78.072458428599958, 39.292843875827508 ], [ -78.072498178806455, 39.292826696261741 ], [ -78.072535675971551, 39.292814052815771 ], [ -78.072529967777356, 39.292793551099471 ], [ -78.072524753565148, 39.292758440390422 ], [ -78.072523993410599, 39.292723101513971 ], [ -78.072525271309402, 39.292692439997367 ], [ -78.072526011087433, 39.292685399420805 ], [ -78.072512497358275, 39.292661200373708 ], [ -78.072498568254844, 39.292627554682085 ], [ -78.072488950276039, 39.292593010142596 ], [ -78.072483736096871, 39.292557899341986 ], [ -78.072483089218352, 39.292527826292734 ], [ -78.072481960837578, 39.292523773505408 ], [ -78.072479789542911, 39.292509152752977 ], [ -78.07247908237278, 39.292508164735587 ], [ -78.072460976285996, 39.292475741875464 ], [ -78.072449110530243, 39.292447080106044 ], [ -78.0724454181249, 39.292445231597746 ], [ -78.072409780711681, 39.292423269425441 ], [ -78.072407414322541, 39.292421491131236 ], [ -78.072406917597178, 39.292421242426443 ], [ -78.072371280204692, 39.29239928033315 ], [ -78.072351462869719, 39.292384387557505 ], [ -78.072350389489245, 39.292384058307476 ], [ -78.072309922833824, 39.292367920576694 ], [ -78.072271686762392, 39.2923487784931 ], [ -78.072236049453934, 39.2923268162711 ], [ -78.072203354062296, 39.292302245512182 ], [ -78.072193808872953, 39.292294331886318 ], [ -78.072184263685756, 39.292286418259728 ], [ -78.072183682429824, 39.292285886269561 ], [ -78.072166050403212, 39.292277059149541 ], [ -78.072130413164828, 39.292255096897549 ], [ -78.07209771784386, 39.292230526111311 ], [ -78.072088172676217, 39.292222612477474 ], [ -78.0720587341428, 39.292195669809175 ], [ -78.072032835926152, 39.292166614729588 ], [ -78.072010727557569, 39.292135727021268 ], [ -78.071992621773276, 39.292103304188153 ], [ -78.071978693016973, 39.29206965844498 ], [ -78.071969075359775, 39.292035113782106 ], [ -78.071963861462407, 39.2920000030566 ], [ -78.071963101574866, 39.291964664183382 ], [ -78.071966802947031, 39.291929437598043 ], [ -78.071974929978936, 39.2918946626571 ], [ -78.071987404371171, 39.291860674038467 ], [ -78.072004105925089, 39.291827799239236 ], [ -78.072024873858709, 39.291796354825252 ], [ -78.072049508085087, 39.29176664358063 ], [ -78.07207777153296, 39.291738951683591 ], [ -78.072109391891928, 39.291713545777561 ], [ -78.072144064612871, 39.291690670524588 ], [ -78.072181455784914, 39.291670546335467 ], [ -78.072221205370937, 39.291653366838929 ], [ -78.072222690578215, 39.291652866046554 ], [ -78.072212716733674, 39.29164167639383 ], [ -78.072190608318934, 39.291610788717612 ], [ -78.072183418579769, 39.29159791363454 ], [ -78.07216807487481, 39.291588457655941 ], [ -78.07213537983597, 39.291563886889044 ], [ -78.072116289665885, 39.291548059631793 ], [ -78.072086851387965, 39.291521116978124 ], [ -78.072060953390775, 39.291492061910802 ], [ -78.072038845203451, 39.291461174212245 ], [ -78.072020739560458, 39.291428751386292 ], [ -78.072006810904156, 39.291395105647617 ], [ -78.071997193304711, 39.291360560986554 ], [ -78.071991979426016, 39.29132545017012 ], [ -78.071991219506685, 39.291290111383255 ], [ -78.071994920808123, 39.291254884791584 ], [ -78.072003047727293, 39.291220109841696 ], [ -78.072015521965852, 39.291186121211588 ], [ -78.072032223326659, 39.291153246398466 ], [ -78.072052991029594, 39.291121801968295 ], [ -78.072059619906398, 39.2911138068771 ], [ -78.072047654735272, 39.291100382967592 ], [ -78.072025546550762, 39.291069495266647 ], [ -78.072007441003777, 39.291037072440751 ], [ -78.071993512419979, 39.291003426701685 ], [ -78.071983894865028, 39.290968882129754 ], [ -78.071978681009895, 39.290933771311998 ], [ -78.07197792109298, 39.290898432433409 ], [ -78.071978323119936, 39.290894605898579 ], [ -78.071978240605745, 39.29089076707811 ], [ -78.071979199143286, 39.290867771012152 ], [ -78.07198290041525, 39.290832544418024 ], [ -78.071991027282124, 39.290797769375168 ], [ -78.071992778220419, 39.290792998462074 ], [ -78.071992578262453, 39.290783700113558 ], [ -78.071993217282042, 39.290768369402443 ], [ -78.071996918654449, 39.290733142809799 ], [ -78.072005045380308, 39.290698367851839 ], [ -78.072012744990673, 39.290677388655119 ], [ -78.072009912473987, 39.290658314356378 ], [ -78.072009152531905, 39.290622975566038 ], [ -78.072012853768342, 39.290587748968619 ], [ -78.072020980580845, 39.290552974010758 ], [ -78.072033454556347, 39.29051898536764 ], [ -78.072050155846526, 39.290486110545267 ], [ -78.072070923325612, 39.290454666101027 ], [ -78.07209555702687, 39.290424954822221 ], [ -78.072123819884055, 39.290397262887389 ], [ -78.072155439592493, 39.290371856940354 ], [ -78.072165623502244, 39.290364439847131 ], [ -78.072200295512118, 39.290341564546985 ], [ -78.072237685930176, 39.290321440218072 ], [ -78.07227743471536, 39.290304260759534 ], [ -78.072319159022172, 39.290290191480466 ], [ -78.072350248878166, 39.290282419636021 ], [ -78.072319871305183, 39.290273100896123 ], [ -78.072279405959932, 39.290256963198601 ], [ -78.072241171011399, 39.290237821142512 ], [ -78.072205534743588, 39.290215858944933 ], [ -78.07217284030034, 39.290191288207083 ], [ -78.072163295386801, 39.290183374587137 ], [ -78.072133857629751, 39.290156431960717 ], [ -78.072107960080714, 39.290127376916146 ], [ -78.072085852264507, 39.290096489235637 ], [ -78.072067746912026, 39.290064066422808 ], [ -78.072053818347058, 39.290030420689305 ], [ -78.072044200985147, 39.289995876034169 ], [ -78.072038987137844, 39.289960765305587 ], [ -78.072038227170538, 39.289925426421476 ], [ -78.072040144143244, 39.289879434189359 ], [ -78.072043845301721, 39.28984420758497 ], [ -78.07204714053259, 39.28983010699929 ], [ -78.072042004393651, 39.289811658830629 ], [ -78.072036790674971, 39.289776548014473 ], [ -78.07203603058916, 39.289741209126582 ], [ -78.0720376388809, 39.289725902808158 ], [ -78.072037308565314, 39.28971054760764 ], [ -78.072041009823053, 39.289675321095075 ], [ -78.072049136375881, 39.289640546033091 ], [ -78.07206161026032, 39.289606557468588 ], [ -78.072075014133659, 39.289580172738923 ], [ -78.072074690424557, 39.289577992989031 ], [ -78.072073930427635, 39.289542654192616 ], [ -78.072074249914522, 39.289534988834866 ], [ -78.072077466237573, 39.289504376099124 ], [ -78.07207680581277, 39.289473665792528 ], [ -78.072080000672742, 39.289397012033461 ], [ -78.072082570758013, 39.289372550110336 ], [ -78.072072388679842, 39.289347953986173 ], [ -78.07206277126545, 39.289313409329296 ], [ -78.072057557557784, 39.28927829851245 ], [ -78.07205679744753, 39.289242959711849 ], [ -78.072057116932882, 39.289235294353837 ], [ -78.072060818144564, 39.289200067746812 ], [ -78.072068944617953, 39.289165292678547 ], [ -78.072081418394148, 39.28913130410595 ], [ -78.072090697826852, 39.289113037947942 ], [ -78.072090909608789, 39.289112131612043 ], [ -78.072098363783866, 39.289091820426243 ], [ -78.072093434848469, 39.289079913992708 ], [ -78.072091963092461, 39.289074627755262 ], [ -78.072084529048396, 39.289056669654087 ], [ -78.07207491165893, 39.289022124997956 ], [ -78.072069697953964, 39.28898701427071 ], [ -78.072069051074692, 39.288956941208063 ], [ -78.072067922766365, 39.288952888327628 ], [ -78.072062708952075, 39.288917777597099 ], [ -78.072061948951372, 39.288882438707617 ], [ -78.072063546357398, 39.288844111824865 ], [ -78.072067247413443, 39.288808885301755 ], [ -78.072075373942113, 39.288774110232069 ], [ -78.072087847637675, 39.288740121564082 ], [ -78.072087959400861, 39.288739901595299 ], [ -78.072091129140588, 39.288709731895132 ], [ -78.07209925564301, 39.288674956822391 ], [ -78.072100343724244, 39.288671991924453 ], [ -78.072101126002252, 39.288653222193176 ], [ -78.072104744364381, 39.288618782916288 ], [ -78.072104001269778, 39.288584233780853 ], [ -78.072104320742511, 39.288576568421647 ], [ -78.072108021759433, 39.288541341804539 ], [ -78.07211614822512, 39.288506566818675 ], [ -78.072121961049618, 39.288490727877807 ], [ -78.072118353944148, 39.288482014554056 ], [ -78.072108736711016, 39.28844746999301 ], [ -78.072103522901742, 39.288412359172312 ], [ -78.072102762866322, 39.288377020369836 ], [ -78.072103401810978, 39.288361689560894 ], [ -78.072107102806555, 39.288326463032256 ], [ -78.072115229244943, 39.288291687954434 ], [ -78.072127702705373, 39.288257699272847 ], [ -78.072128427081992, 39.288256273431692 ], [ -78.072128968766975, 39.288251117323142 ], [ -78.072098418330498, 39.288241745357283 ], [ -78.072085324976612, 39.288236523548093 ], [ -78.072082526963854, 39.28823634601622 ], [ -78.072037776865173, 39.288230030991485 ], [ -78.071994038871878, 39.288220337809484 ], [ -78.071984342516629, 39.288217363270654 ], [ -78.071949638513345, 39.288212465866053 ], [ -78.071905900545062, 39.288202772651729 ], [ -78.071900962405977, 39.288201257710362 ], [ -78.071896386153128, 39.288200967402034 ], [ -78.071851636098017, 39.288194652307084 ], [ -78.071847820741638, 39.288193806762877 ], [ -78.071789572680657, 39.288192340648713 ], [ -78.071745995372623, 39.288199666782567 ], [ -78.071700813231033, 39.28820371816186 ], [ -78.071655337606884, 39.288204308705467 ], [ -78.071615881148603, 39.288203315517038 ], [ -78.071570550038714, 39.28820043920841 ], [ -78.071525800017326, 39.288194124079148 ], [ -78.07148206212878, 39.288184430707965 ], [ -78.071458556510578, 39.288177219689018 ], [ -78.071457390200123, 39.288177055110708 ], [ -78.071413652217302, 39.288167361711601 ], [ -78.071378123278365, 39.28815646222867 ], [ -78.071339979204595, 39.288151079233565 ], [ -78.071327686155513, 39.288148354750042 ], [ -78.07132586398167, 39.28814823915166 ], [ -78.071281114024885, 39.288141923840264 ], [ -78.071268821323741, 39.288139199449382 ], [ -78.071266998802869, 39.288139083841358 ], [ -78.071222248858575, 39.288132768507694 ], [ -78.071209956389524, 39.288130044206575 ], [ -78.071208133525388, 39.288129928498897 ], [ -78.071163383709404, 39.288123613145899 ], [ -78.071120972720877, 39.288114213753147 ], [ -78.071117566946583, 39.288114786263989 ], [ -78.071117377277574, 39.288114803289567 ], [ -78.071077790862375, 39.288121458245087 ], [ -78.071032608745298, 39.288125509455163 ], [ -78.070987133186279, 39.288126099649098 ], [ -78.070941802279165, 39.288123223191008 ], [ -78.070897052381952, 39.288116907733659 ], [ -78.07085331464242, 39.288107214130889 ], [ -78.070811010156476, 39.288094235775262 ], [ -78.070770546415531, 39.288078097607631 ], [ -78.070751640494748, 39.288068631841853 ], [ -78.070718874566467, 39.288071569686586 ], [ -78.07067339916324, 39.288072159761946 ], [ -78.070574758061682, 39.288069675935091 ], [ -78.070529427101974, 39.288066799315274 ], [ -78.070484677403229, 39.28806048370479 ], [ -78.070440939649188, 39.288050789947349 ], [ -78.070414292457968, 39.288042614877227 ], [ -78.070382033593077, 39.288041802522052 ], [ -78.07035476120879, 39.288048619768297 ], [ -78.070310307709207, 39.288056092658444 ], [ -78.070265125608756, 39.288060143570185 ], [ -78.070219650104391, 39.288060733465258 ], [ -78.070175768206084, 39.288059628338488 ], [ -78.070171890546305, 39.288060280194102 ], [ -78.070126708438508, 39.288064331051636 ], [ -78.07008123293366, 39.288064920892417 ], [ -78.070070088174319, 39.288064640209797 ], [ -78.070061080191834, 39.288067677591506 ], [ -78.07001778322342, 39.288078500320353 ], [ -78.069973329676898, 39.288085973079539 ], [ -78.069928147545809, 39.28809002385885 ], [ -78.069882672027475, 39.288090613621272 ], [ -78.069862943861295, 39.288090116729563 ], [ -78.069848171239343, 39.288089179183565 ], [ -78.069833351497152, 39.288089371382846 ], [ -78.06981362333218, 39.288088874482803 ], [ -78.069768292409847, 39.288085997566924 ], [ -78.069723542785724, 39.288079681665572 ], [ -78.06967980514284, 39.288069987625306 ], [ -78.069637500922497, 39.288057008851595 ], [ -78.069597037497729, 39.288040870286387 ], [ -78.069572504697973, 39.288028586872557 ], [ -78.069559394870822, 39.288028756886945 ], [ -78.069549530683389, 39.288028508411543 ], [ -78.069534758081019, 39.288027570826358 ], [ -78.06951993846927, 39.288027762989053 ], [ -78.069480482069693, 39.28802676907781 ], [ -78.069435151209049, 39.288023892034012 ], [ -78.069431252744096, 39.288023341779727 ], [ -78.069427316488685, 39.288023694671857 ], [ -78.069381841137172, 39.288024284242745 ], [ -78.06937197706776, 39.288024035755228 ], [ -78.06932664621597, 39.288021158669359 ], [ -78.069281896567347, 39.288014842598102 ], [ -78.069278081256826, 39.288013996971053 ], [ -78.069204607225501, 39.288012145988148 ], [ -78.069159276508088, 39.288009268840469 ], [ -78.069135744672366, 39.288005947488621 ], [ -78.069111985415233, 39.288008077424081 ], [ -78.069066509963079, 39.288008666868997 ], [ -78.069027053590233, 39.288007672804497 ], [ -78.068981722887287, 39.288004795587966 ], [ -78.068936973288345, 39.287998479385472 ], [ -78.068899607985173, 39.287990197432372 ], [ -78.068870857881848, 39.288013296902314 ], [ -78.068860673998586, 39.288020713709273 ], [ -78.068826002156058, 39.288043588023513 ], [ -78.068788612082429, 39.288063711270865 ], [ -78.06874886382073, 39.288080889557875 ], [ -78.06870714021909, 39.288094957582707 ], [ -78.068663843052548, 39.288105779888753 ], [ -78.068619389264711, 39.288113252031188 ], [ -78.068574207186529, 39.288117302283581 ], [ -78.068528731672188, 39.28811789151527 ], [ -78.068489275257051, 39.288116897266228 ], [ -78.068443944519004, 39.288114019838233 ], [ -78.068399194912345, 39.288107703428032 ], [ -78.068386902347953, 39.288104978736854 ], [ -78.068385079835522, 39.288104863083845 ], [ -78.068340330241355, 39.288098546651412 ], [ -78.068336515055435, 39.288097700996644 ], [ -78.068258615316836, 39.288095737885598 ], [ -78.06825473764124, 39.288096389676497 ], [ -78.068209555445975, 39.288100439783861 ], [ -78.068176832072226, 39.288100863694943 ], [ -78.06817479921537, 39.288101957721089 ], [ -78.068135050790602, 39.288119135881665 ], [ -78.068093327056488, 39.288133203680616 ], [ -78.068050029789404, 39.28814402566352 ], [ -78.068005576038473, 39.288151497660742 ], [ -78.067973892165654, 39.288154337681661 ], [ -78.06796244993987, 39.288185510585784 ], [ -78.067945747502449, 39.288218384783598 ], [ -78.067924978945655, 39.288249828456742 ], [ -78.067923145570106, 39.288252039521637 ], [ -78.067919794368507, 39.288261169636051 ], [ -78.067903091775477, 39.288294043823022 ], [ -78.067882323175567, 39.288325487486624 ], [ -78.067857688538993, 39.288355197842542 ], [ -78.067829424932341, 39.288382888806211 ], [ -78.067797804672523, 39.288408293558916 ], [ -78.067787620621857, 39.288415710264985 ], [ -78.067752948250316, 39.288438584147329 ], [ -78.067715557673196, 39.28845870702883 ], [ -78.067675808938404, 39.288475885019601 ], [ -78.067660061880858, 39.288481194296097 ], [ -78.067655760746618, 39.288483053078735 ], [ -78.067614036590541, 39.288497120690209 ], [ -78.067570739032789, 39.288507942482788 ], [ -78.067526285009421, 39.288515414285705 ], [ -78.067481102518599, 39.288519464097952 ], [ -78.067435626876858, 39.288520052894754 ], [ -78.067415898517638, 39.288519555580997 ], [ -78.067370567590743, 39.288516677726491 ], [ -78.067325817852051, 39.288510360897462 ], [ -78.067282080447782, 39.28850066596101 ], [ -78.067239776470643, 39.288487686322533 ], [ -78.06719931329134, 39.288471546932314 ], [ -78.067161080778163, 39.28845240319918 ], [ -78.067125447064598, 39.288430439622537 ], [ -78.067092755281138, 39.288405867547809 ], [ -78.067083211196518, 39.288397953539395 ], [ -78.067053776175413, 39.288371009721111 ], [ -78.067027881527935, 39.288341953644121 ], [ -78.06700577640467, 39.288311065091825 ], [ -78.066987673860638, 39.28827864149499 ], [ -78.066973748185063, 39.288244995251922 ], [ -78.066964133419404, 39.288210450357802 ], [ -78.066958922207746, 39.288175339402812 ], [ -78.066958164759257, 39.288140000663205 ], [ -78.066959369437598, 39.288111146200102 ], [ -78.066947573949619, 39.288109481133446 ], [ -78.066943758666937, 39.288108635430675 ], [ -78.066899876867524, 39.288107529068185 ], [ -78.066854546239341, 39.288104651023112 ], [ -78.066809796819811, 39.288098334006705 ], [ -78.06678505562769, 39.288092849633934 ], [ -78.06676079646958, 39.288089425143291 ], [ -78.066753278135266, 39.288087758536065 ], [ -78.066726953249699, 39.288086087176907 ], [ -78.066682203856459, 39.288079770112255 ], [ -78.066674460278989, 39.288078053588592 ], [ -78.066654235030128, 39.288078315380638 ], [ -78.066644370977244, 39.288078066661768 ], [ -78.066619750099193, 39.288076503376246 ], [ -78.066595050598821, 39.288076823051988 ], [ -78.066585186546661, 39.288076574328116 ], [ -78.066539855846912, 39.288073696068643 ], [ -78.066495106479067, 39.288067379022884 ], [ -78.066451369481214, 39.288057683787997 ], [ -78.066449534697796, 39.288057120881078 ], [ -78.066422127065422, 39.288055380620627 ], [ -78.066377377842159, 39.28804906344331 ], [ -78.066367472565133, 39.288046867724653 ], [ -78.066353398712508, 39.288045974110887 ], [ -78.066308649387196, 39.288039656904623 ], [ -78.066264912436495, 39.288029961601183 ], [ -78.066222608948763, 39.288016981609445 ], [ -78.066182146405765, 39.288000841886024 ], [ -78.066162025608591, 39.287990766664393 ], [ -78.066140558532254, 39.287996131922768 ], [ -78.066096104718326, 39.288003603185842 ], [ -78.066050922510982, 39.288007652451867 ], [ -78.066036803839211, 39.288007835091975 ], [ -78.066026736098252, 39.288009527120415 ], [ -78.06598155388474, 39.288013576359177 ], [ -78.065936078595058, 39.288014164581327 ], [ -78.065906533550717, 39.288012288494599 ], [ -78.065876894255837, 39.288012671889668 ], [ -78.06584849997013, 39.288010868863637 ], [ -78.065838998786816, 39.288012465711333 ], [ -78.065793816684703, 39.288016514789575 ], [ -78.065748341280326, 39.288017102935228 ], [ -78.065714324084155, 39.288016244934227 ], [ -78.065710445927692, 39.288016896717842 ], [ -78.065665263698861, 39.288020945832798 ], [ -78.065619788293674, 39.288021533928024 ], [ -78.065609924257885, 39.288021285121822 ], [ -78.065564593769494, 39.288018406577798 ], [ -78.065547936340067, 39.288016054976836 ], [ -78.065507337797783, 39.288026201505808 ], [ -78.065500534823883, 39.288027344791672 ], [ -78.065477425387172, 39.288033120367537 ], [ -78.065470622528011, 39.288034263654531 ], [ -78.065447513086895, 39.288040039224278 ], [ -78.065440709875517, 39.28804118259071 ], [ -78.065417600665356, 39.288046958070154 ], [ -78.06540248776075, 39.288049497953757 ], [ -78.065401073489042, 39.288049974774452 ], [ -78.065357775917974, 39.288060795831072 ], [ -78.065313321886023, 39.288068266697159 ], [ -78.065268139726484, 39.288072315658539 ], [ -78.065222664294367, 39.288072903597048 ], [ -78.065114159635314, 39.288070166304003 ], [ -78.065068829032086, 39.288067287563344 ], [ -78.065050205749458, 39.288064658289592 ], [ -78.065031402226253, 39.28806634334336 ], [ -78.064985926801825, 39.28806693118932 ], [ -78.064981501713888, 39.28806681954871 ], [ -78.064977623549339, 39.288067471307521 ], [ -78.064932441382865, 39.288071520047737 ], [ -78.064886965952908, 39.288072107944821 ], [ -78.064837645656382, 39.288070863590782 ], [ -78.064792315074541, 39.288067984652727 ], [ -78.064747566025403, 39.288061666943278 ], [ -78.064739936677796, 39.288059975604575 ], [ -78.064730663989209, 39.288063982687625 ], [ -78.064714916828208, 39.288069291560603 ], [ -78.064710615648707, 39.288071150232405 ], [ -78.064668891334307, 39.288085216777588 ], [ -78.064625593649097, 39.288096037466396 ], [ -78.064581139530432, 39.288103508138654 ], [ -78.064535957207838, 39.28810755681009 ], [ -78.064490481880455, 39.288108144463997 ], [ -78.064445151293583, 39.288105265480198 ], [ -78.064400402264241, 39.288098947547439 ], [ -78.064356665469731, 39.28808925153178 ], [ -78.064314362343183, 39.288076270857729 ], [ -78.064273900247088, 39.288060130485547 ], [ -78.064269763524123, 39.288058058988639 ], [ -78.064254492395378, 39.288051967334944 ], [ -78.064216260967115, 39.288032822671077 ], [ -78.06421140631889, 39.288029830218356 ], [ -78.064206133127684, 39.288027726706517 ], [ -78.064182334192196, 39.288015809225463 ], [ -78.064178355565431, 39.288015860615147 ], [ -78.064099443275239, 39.288013869162555 ], [ -78.064054112778322, 39.288010989939167 ], [ -78.064009363733575, 39.28800467194646 ], [ -78.063965627176017, 39.287994975790717 ], [ -78.063962240830122, 39.287993936682213 ], [ -78.063946249039617, 39.287992920952881 ], [ -78.063901500022368, 39.287986602829456 ], [ -78.063862552058339, 39.287977968253529 ], [ -78.063862364209058, 39.28797794171178 ], [ -78.063823416255389, 39.287969307123099 ], [ -78.06382322840615, 39.287969280581287 ], [ -78.063815484690892, 39.287967563864413 ], [ -78.06381432666744, 39.287967578778861 ], [ -78.063806684625504, 39.287968863031807 ], [ -78.063761502364216, 39.287972911403912 ], [ -78.063716027136579, 39.287973498757928 ], [ -78.063670696686941, 39.287970619476575 ], [ -78.063625947715209, 39.287964301248529 ], [ -78.063586999687246, 39.287955666579073 ], [ -78.06358681195394, 39.287955640039819 ], [ -78.063543075494792, 39.287945943728381 ], [ -78.063500772621879, 39.287932962766945 ], [ -78.063460310811095, 39.287916822121424 ], [ -78.063456173214519, 39.287914750123413 ], [ -78.063450985685577, 39.287912680810358 ], [ -78.063416474747655, 39.287910488660728 ], [ -78.063371725842927, 39.287904170337072 ], [ -78.063327989330602, 39.287894474034069 ], [ -78.063285686536531, 39.287881492906934 ], [ -78.063245224808796, 39.287865352189421 ], [ -78.06323695088291, 39.287861208840702 ], [ -78.063206409591402, 39.287849025557222 ], [ -78.06316817857757, 39.287829880563059 ], [ -78.063163323990253, 39.2878268880687 ], [ -78.063158050848273, 39.287824784511017 ], [ -78.063153913834284, 39.287822712787353 ], [ -78.063138643317117, 39.287816621184128 ], [ -78.0631303698555, 39.287812478109913 ], [ -78.063099828152971, 39.287800294518185 ], [ -78.063087816578403, 39.287794279505569 ], [ -78.063052795637006, 39.287783532832002 ], [ -78.063021290688013, 39.287770965010807 ], [ -78.062997769571041, 39.287769470883667 ], [ -78.062953020803164, 39.287763152403542 ], [ -78.062909284564711, 39.287753455861228 ], [ -78.062866981937191, 39.287740474677591 ], [ -78.062826520278279, 39.287724333817778 ], [ -78.062825894855848, 39.287724020655361 ], [ -78.062798895340549, 39.287715735409492 ], [ -78.062773332109813, 39.287705537782529 ], [ -78.062767848192834, 39.28770476341144 ], [ -78.062755555953814, 39.287702038135549 ], [ -78.062753733466621, 39.287701922395001 ], [ -78.062708984769245, 39.287695603823323 ], [ -78.062665248495961, 39.287685907189044 ], [ -78.062622945959021, 39.287672925919722 ], [ -78.062582484515289, 39.287656784981316 ], [ -78.062544253782093, 39.287637639881787 ], [ -78.062508622002852, 39.287615674867503 ], [ -78.062475932278105, 39.287591101566811 ], [ -78.062466388842651, 39.287583187202237 ], [ -78.062456845409358, 39.287575272836953 ], [ -78.062453684234839, 39.2875723789262 ], [ -78.06242936028741, 39.287572692786817 ], [ -78.062370176506008, 39.287571198326653 ], [ -78.062341782310185, 39.287569394448305 ], [ -78.062332281476586, 39.287570990927527 ], [ -78.062287099423614, 39.287575038733301 ], [ -78.062248152364589, 39.287575541279175 ], [ -78.062247862654601, 39.287575613688901 ], [ -78.062232749763623, 39.287578153160105 ], [ -78.062231335482494, 39.287578629941819 ], [ -78.062188037795678, 39.287589449721182 ], [ -78.062181234938436, 39.287590592815377 ], [ -78.062158125415934, 39.287596367726906 ], [ -78.062113671413442, 39.287603837458221 ], [ -78.062113483025911, 39.287603854321269 ], [ -78.062073894958701, 39.287610506337757 ], [ -78.062039953324827, 39.287613547077576 ], [ -78.062033412884119, 39.287617066577496 ], [ -78.061993663369876, 39.287634242593093 ], [ -78.061951938721421, 39.287648308150374 ], [ -78.061950840213839, 39.287648582644131 ], [ -78.061929823799417, 39.287662445901269 ], [ -78.061892432101345, 39.287682566774784 ], [ -78.061852682517539, 39.287699742739314 ], [ -78.061810957920073, 39.287713808246252 ], [ -78.061767660093594, 39.287724627863227 ], [ -78.061723205976818, 39.287732097440454 ], [ -78.061678023799274, 39.28773614500416 ], [ -78.061632548758695, 39.287736731548321 ], [ -78.061532628265113, 39.287734207732228 ], [ -78.061523619997928, 39.287737244440208 ], [ -78.061492007198751, 39.28774514404369 ], [ -78.061473658841024, 39.287751329244891 ], [ -78.061430360946943, 39.28776214873335 ], [ -78.061385906778341, 39.287769618179297 ], [ -78.06134072456527, 39.287773665610231 ], [ -78.06129524950579, 39.287774252021435 ], [ -78.061192184249947, 39.287771648472756 ], [ -78.061190117151241, 39.287771995783295 ], [ -78.061185595486094, 39.287784311183685 ], [ -78.061168889927544, 39.287817184290631 ], [ -78.061148118541098, 39.287848626644774 ], [ -78.06112348132379, 39.287878335474446 ], [ -78.061095215370798, 39.287906024619794 ], [ -78.061063593014183, 39.287931427458673 ], [ -78.061053408357537, 39.287938843641058 ], [ -78.061043223702498, 39.2879462597325 ], [ -78.061033039045327, 39.287953675822941 ], [ -78.06102285438601, 39.2879610919124 ], [ -78.061012669608743, 39.287968507997959 ], [ -78.061002484941355, 39.287975924175456 ], [ -78.060967810711801, 39.287998795960299 ], [ -78.060930418568432, 39.288018916596187 ], [ -78.060890668578025, 39.28803609212482 ], [ -78.060848943601513, 39.288050157360921 ], [ -78.060805645438521, 39.288060976605607 ], [ -78.060761191027183, 39.288068445802672 ], [ -78.060716008719453, 39.288072492894955 ], [ -78.060670533360536, 39.288073079051287 ], [ -78.060625203046072, 39.288070198584748 ], [ -78.060580454470923, 39.288063879285367 ], [ -78.060536718315504, 39.288054181853269 ], [ -78.060494416002982, 39.288041199816597 ], [ -78.060453954891827, 39.288025058058743 ], [ -78.060415724588637, 39.288005912274656 ], [ -78.060380093336491, 39.287983946627278 ], [ -78.060347404227088, 39.287959372841087 ], [ -78.060337860998843, 39.287951458219389 ], [ -78.060328317768963, 39.287943543686978 ], [ -78.060318774425454, 39.287935629150937 ], [ -78.060289342406278, 39.287908683726414 ], [ -78.060263450695572, 39.287879626249982 ], [ -78.060254609569611, 39.28786726986602 ], [ -78.060244685035229, 39.287856131804794 ], [ -78.060222583116825, 39.287825242078995 ], [ -78.060212409525718, 39.287807016288461 ], [ -78.060207474392641, 39.287801477715107 ], [ -78.060185372506751, 39.28777058798326 ], [ -78.06017542561456, 39.287752768257818 ], [ -78.06016864886432, 39.287747673839675 ], [ -78.060159105680668, 39.287739759294915 ], [ -78.06012967368693, 39.287712813831668 ], [ -78.060103782111696, 39.287683756324064 ], [ -78.060081680422286, 39.287652866578014 ], [ -78.06007150689446, 39.287634640687003 ], [ -78.060066571784134, 39.287629102108397 ], [ -78.060044470011462, 39.287598212353359 ], [ -78.060041120610407, 39.287592211891059 ], [ -78.060036166485645, 39.287587676291921 ], [ -78.060022190277749, 39.287571991096712 ], [ -78.060014593877099, 39.287573267334686 ], [ -78.06000309542604, 39.287595893302488 ], [ -78.059982323602171, 39.287627335432127 ], [ -78.059957685874721, 39.287657043997072 ], [ -78.059929419690036, 39.287684732848774 ], [ -78.059897797036115, 39.287710135359205 ], [ -78.059887612300045, 39.287717551346269 ], [ -78.059852937857201, 39.287740422880574 ], [ -78.0598155454432, 39.287760543148835 ], [ -78.059775795354156, 39.287777718292155 ], [ -78.0597340703399, 39.287791783036006 ], [ -78.059690772189157, 39.287802601955399 ], [ -78.059646317970802, 39.287810070641079 ], [ -78.059601135673589, 39.287814117391122 ], [ -78.05955566061597, 39.28781470312029 ], [ -78.059447156791634, 39.287811960558344 ], [ -78.059401826840983, 39.287809079625838 ], [ -78.059357078458376, 39.287802759772845 ], [ -78.059313342773208, 39.28779306198556 ], [ -78.059271040872886, 39.287780079427733 ], [ -78.059230580096852, 39.28776393734686 ], [ -78.059192350290246, 39.287744791177694 ], [ -78.05915671957176, 39.287722825173987 ], [ -78.059124031031772, 39.287698250973619 ], [ -78.059114487977624, 39.287690336347744 ], [ -78.059095401875751, 39.287674507093847 ], [ -78.059065970332938, 39.287647561377533 ], [ -78.059040079235189, 39.287618503650279 ], [ -78.059017978045233, 39.287587613720177 ], [ -78.058999879433898, 39.287555189022513 ], [ -78.058985957652538, 39.287521541966186 ], [ -78.058976347051384, 39.287486996562954 ], [ -78.058971139888143, 39.287451885399179 ], [ -78.058970386448777, 39.287416546755978 ], [ -78.058971495577794, 39.287390052487702 ], [ -78.058962074319894, 39.287356187870472 ], [ -78.058961136820457, 39.28734986639072 ], [ -78.058942125693463, 39.287342281640356 ], [ -78.058903896193897, 39.287323135386771 ], [ -78.058868770581938, 39.287301480519886 ], [ -78.058842420032462, 39.2873038404827 ], [ -78.058796945202118, 39.287304425924439 ], [ -78.058698306228507, 39.287301932076801 ], [ -78.058663837794569, 39.287299741215691 ], [ -78.058629259000583, 39.287300186334967 ], [ -78.058589803394838, 39.287299188748598 ], [ -78.058544473714278, 39.287296307492518 ], [ -78.058499725869297, 39.287289987327235 ], [ -78.058455990525744, 39.287280289140298 ], [ -78.058413689102778, 39.287267306377188 ], [ -78.058373228946508, 39.28725116401823 ], [ -78.058334999665632, 39.287232017495072 ], [ -78.058299369478306, 39.287210051336892 ], [ -78.05826668148103, 39.287185476913955 ], [ -78.05825713859403, 39.287177562223384 ], [ -78.058227707582631, 39.287150616312879 ], [ -78.058201817013924, 39.28712155841685 ], [ -78.058179716345535, 39.287090668344945 ], [ -78.058172886140426, 39.287078431212997 ], [ -78.058170494343614, 39.287075088289669 ], [ -78.05815239624549, 39.287042663567377 ], [ -78.058138475078707, 39.287009016429124 ], [ -78.058128864837528, 39.286974470968694 ], [ -78.058126640886428, 39.286959473619994 ], [ -78.058106464364016, 39.286964514818131 ], [ -78.058062010547559, 39.286971983002594 ], [ -78.058040973108277, 39.286973866996604 ], [ -78.058032486427862, 39.286980046279375 ], [ -78.057997811794621, 39.287002917253787 ], [ -78.057960419411955, 39.287023036835244 ], [ -78.057920669333896, 39.287040211434743 ], [ -78.057878944437292, 39.287054275516851 ], [ -78.057835646509687, 39.287065093662882 ], [ -78.057828843297699, 39.28706623658293 ], [ -78.057805733882049, 39.287072010538566 ], [ -78.057761279972027, 39.287079478604127 ], [ -78.057716098084896, 39.287083524635655 ], [ -78.057670623531379, 39.287084109644809 ], [ -78.057641031914358, 39.287083361215338 ], [ -78.057595702434725, 39.28708047959595 ], [ -78.057550954834383, 39.28707415907369 ], [ -78.057507219776838, 39.287064460539575 ], [ -78.057464918678519, 39.287051477442354 ], [ -78.057424458882366, 39.287035334765633 ], [ -78.057386229993625, 39.287016187944097 ], [ -78.057350600226698, 39.286994221509794 ], [ -78.057317912673994, 39.286969646835679 ], [ -78.057308369926645, 39.286961732072115 ], [ -78.057278939379756, 39.286934785937753 ], [ -78.057271944180314, 39.286926934801116 ], [ -78.057259345736952, 39.286923068018019 ], [ -78.057241411924679, 39.286920534844512 ], [ -78.057197677127391, 39.286910836201884 ], [ -78.057155376184141, 39.286897852997399 ], [ -78.057114916436447, 39.286881710215688 ], [ -78.05707668771953, 39.286862563298286 ], [ -78.057041058130338, 39.286840596775235 ], [ -78.057008370759618, 39.286816022020304 ], [ -78.056998828068544, 39.286808107233263 ], [ -78.056989285379643, 39.286800192445519 ], [ -78.056970199896199, 39.286784362774995 ], [ -78.056940769670362, 39.28675741656496 ], [ -78.056914879787087, 39.286728358406251 ], [ -78.056892779697421, 39.286697468111058 ], [ -78.05687468228831, 39.286665043214043 ], [ -78.056860761807016, 39.286631395946898 ], [ -78.056851152245002, 39.286596850314652 ], [ -78.056845946300754, 39.286561739186645 ], [ -78.056845193917241, 39.286526400475836 ], [ -78.056848050300317, 39.286458215873154 ], [ -78.056828445948796, 39.286452198663589 ], [ -78.05678798664961, 39.286436055782524 ], [ -78.056783849917068, 39.286433983841953 ], [ -78.056768580299561, 39.286427891433057 ], [ -78.056730351923619, 39.286408744413379 ], [ -78.056694722670855, 39.286386777795506 ], [ -78.056662035628804, 39.286362202954116 ], [ -78.056652492921245, 39.286354288139016 ], [ -78.056642950331636, 39.286346373326104 ], [ -78.056633407744172, 39.28633845851251 ], [ -78.056623865162607, 39.286330543608209 ], [ -78.056614322579435, 39.286322628793165 ], [ -78.056604779882605, 39.286314713974498 ], [ -78.056595237303711, 39.286306799158048 ], [ -78.056576152156154, 39.286290969433026 ], [ -78.056566609583683, 39.286283054614437 ], [ -78.056555724009243, 39.286273087723288 ], [ -78.05651384506001, 39.286270425056095 ], [ -78.056469097979104, 39.286264104136947 ], [ -78.056444358482111, 39.286258617709883 ], [ -78.05642010047977, 39.286255191010603 ], [ -78.056376366224029, 39.28624549207801 ], [ -78.056372980087076, 39.286244452755611 ], [ -78.056356988868714, 39.286243436001271 ], [ -78.056312241822752, 39.286237115022907 ], [ -78.056268507591781, 39.286227416140704 ], [ -78.056226207249182, 39.286214432528894 ], [ -78.056185748119418, 39.28619828944516 ], [ -78.056170798588496, 39.286190801798838 ], [ -78.056167988373986, 39.286189939197619 ], [ -78.056127529388434, 39.28617379609755 ], [ -78.056089301334538, 39.286154648878203 ], [ -78.056053672422408, 39.286132681985499 ], [ -78.056049172653417, 39.28612929891883 ], [ -78.056031992875447, 39.2861295197239 ], [ -78.056022129074236, 39.286129270112518 ], [ -78.055976800429974, 39.286126387890235 ], [ -78.055932053501365, 39.286120066769541 ], [ -78.0559174277642, 39.286116823188351 ], [ -78.055910323981067, 39.286118597996328 ], [ -78.055865870409093, 39.286126065350452 ], [ -78.0558206891955, 39.286130110577936 ], [ -78.055775215171153, 39.286130694955595 ], [ -78.055706169274828, 39.286128947523686 ], [ -78.05566084053946, 39.286126065085782 ], [ -78.055616093643366, 39.286119743934563 ], [ -78.055572359600845, 39.286110044706696 ], [ -78.055530059468467, 39.286097060938914 ], [ -78.055489600695708, 39.286080917624169 ], [ -78.055451372877926, 39.28606177020329 ], [ -78.055446518873069, 39.286058777405898 ], [ -78.05544124599794, 39.28605667350849 ], [ -78.055403018207116, 39.286037526072633 ], [ -78.055367389576276, 39.286015559069611 ], [ -78.055334703186929, 39.285990983877795 ], [ -78.05532516068368, 39.28598306896086 ], [ -78.055315618298366, 39.285975154046149 ], [ -78.055306075918978, 39.285967239040737 ], [ -78.055276646565332, 39.285940292440358 ], [ -78.055255018817732, 39.285916016603437 ], [ -78.055225298552998, 39.285909425246636 ], [ -78.055211959467954, 39.285905330859244 ], [ -78.055198305910267, 39.285908741987768 ], [ -78.055191502778257, 39.285909884756265 ], [ -78.055168393565168, 39.285915658194838 ], [ -78.055123940177737, 39.285923125270294 ], [ -78.05507875895124, 39.285927170299942 ], [ -78.055033285074231, 39.285927754302165 ], [ -78.05489519377835, 39.285924258532567 ], [ -78.054849865223972, 39.285921375874608 ], [ -78.054805118553531, 39.285915054328754 ], [ -78.054761384767929, 39.285905354804598 ], [ -78.054719084924983, 39.285892370751668 ], [ -78.054679954058869, 39.285876756876661 ], [ -78.0546655758626, 39.285881602942972 ], [ -78.054661274577995, 39.285883461238576 ], [ -78.054619549803817, 39.285897524154571 ], [ -78.054587937186881, 39.285905421884728 ], [ -78.054569588780197, 39.285911605993142 ], [ -78.054526291131936, 39.285922423005843 ], [ -78.05452556440143, 39.285922545049011 ], [ -78.05451072292513, 39.28593053028073 ], [ -78.054470972712465, 39.285947703694944 ], [ -78.054429247865471, 39.285961766539614 ], [ -78.054385950171223, 39.285972583407982 ], [ -78.054341496567119, 39.28598005017674 ], [ -78.054296315393572, 39.285984094902098 ], [ -78.05426727868975, 39.285984467628829 ], [ -78.054251375134569, 39.285993024190596 ], [ -78.054211624827687, 39.28601019751224 ], [ -78.054195876960236, 39.286015505117554 ], [ -78.054191576010822, 39.286017363223777 ], [ -78.05414985107187, 39.286031425964318 ], [ -78.054106553297473, 39.286042242725273 ], [ -78.054062099741586, 39.286049709387235 ], [ -78.054016918397863, 39.286053753998722 ], [ -78.053971444456039, 39.286054337582115 ], [ -78.053823489272915, 39.286050590746633 ], [ -78.053778160823299, 39.286047707672381 ], [ -78.053733414195449, 39.286041385714746 ], [ -78.053700752180305, 39.286034141479995 ], [ -78.05366755252588, 39.286039717714047 ], [ -78.053650316512886, 39.28604126063631 ], [ -78.053626749306162, 39.28605394026799 ], [ -78.053586998824457, 39.286071113368799 ], [ -78.053545273745414, 39.286085175886448 ], [ -78.05350197585831, 39.286095992417351 ], [ -78.053457522102448, 39.286103458841417 ], [ -78.053412340703872, 39.286107503215277 ], [ -78.05341051220843, 39.286107526628584 ], [ -78.053398018551349, 39.286109625101325 ], [ -78.053352837146818, 39.286113669451765 ], [ -78.053307363292717, 39.286114252776656 ], [ -78.053238317450138, 39.286112503879018 ], [ -78.053192988999058, 39.286109620576021 ], [ -78.053148242398919, 39.286103298393705 ], [ -78.053104508649909, 39.286093598247803 ], [ -78.053062209039979, 39.286080613599701 ], [ -78.053021750897827, 39.286064469447901 ], [ -78.052996489231944, 39.286051815749175 ], [ -78.052974248858121, 39.286052100960042 ], [ -78.052905203097296, 39.286050351867175 ], [ -78.05285987470802, 39.286047468436301 ], [ -78.052815128185188, 39.286041146128348 ], [ -78.05277139452447, 39.286031445950236 ], [ -78.052729095024262, 39.286018461094557 ], [ -78.052688637000884, 39.286002316830952 ], [ -78.052684233726879, 39.286000111153186 ], [ -78.0526786446367, 39.285999321482272 ], [ -78.052634911139549, 39.2859896212574 ], [ -78.052611408644651, 39.285982406622317 ], [ -78.05261024219854, 39.285982241762071 ], [ -78.052566508610923, 39.285972541419262 ], [ -78.052561896351691, 39.285971125625075 ], [ -78.052523414253386, 39.28597161904154 ], [ -78.052513550621271, 39.285971369136711 ], [ -78.052468222196438, 39.285968485462718 ], [ -78.052423475880261, 39.285962163100088 ], [ -78.052379742335191, 39.285952462688471 ], [ -78.052357165420574, 39.285945532160781 ], [ -78.052350473047284, 39.285944047708512 ], [ -78.052308173686185, 39.285931062704471 ], [ -78.052267715702087, 39.285914918296804 ], [ -78.052229488913284, 39.285895769942705 ], [ -78.052193861409378, 39.285873801916978 ], [ -78.052161176249783, 39.285849225876959 ], [ -78.052151634254713, 39.285841310716592 ], [ -78.052122206211664, 39.285814363365049 ], [ -78.0520963188292, 39.285785304220859 ], [ -78.052074917492334, 39.285755386455925 ], [ -78.052063144519636, 39.285752775101038 ], [ -78.052058642854362, 39.285752661029349 ], [ -78.052013314711999, 39.28574977727687 ], [ -78.05196856847391, 39.285743454652874 ], [ -78.051961050914286, 39.285741787114155 ], [ -78.051934727351338, 39.285740112448543 ], [ -78.051925921184278, 39.28573886817464 ], [ -78.051917029414298, 39.285739663964286 ], [ -78.051871555710164, 39.285740246733369 ], [ -78.051861692116319, 39.285739996774538 ], [ -78.051816363995016, 39.285737112945874 ], [ -78.051792833954778, 39.285733788142309 ], [ -78.051769075167059, 39.28573591454326 ], [ -78.051723601467756, 39.285736497254511 ], [ -78.05169546465676, 39.28573578418586 ], [ -78.051665403711226, 39.285759928495224 ], [ -78.051655218442875, 39.285767343830997 ], [ -78.051645033176129, 39.2857747590758 ], [ -78.051610357205348, 39.285797628002847 ], [ -78.05157296378097, 39.285817745578363 ], [ -78.051533212978356, 39.285834917963548 ], [ -78.051517464971326, 39.285840225200005 ], [ -78.051513163968281, 39.285842083204884 ], [ -78.051471438659547, 39.285856144968093 ], [ -78.051428140644902, 39.285866960720213 ], [ -78.051383686980628, 39.285874426351604 ], [ -78.051383497314944, 39.28587444334503 ], [ -78.051381562156337, 39.285874768331041 ], [ -78.051358451867301, 39.285880541250272 ], [ -78.05131399807658, 39.285888006761461 ], [ -78.051268816746244, 39.285892050302962 ], [ -78.05122334306968, 39.285892632817458 ], [ -78.051213479460216, 39.285892382802913 ], [ -78.051168151167616, 39.28588949871591 ], [ -78.051123404937812, 39.285883175766237 ], [ -78.051098665371342, 39.285877688114574 ], [ -78.051074408521401, 39.28587426042214 ], [ -78.051030675364402, 39.285864559514948 ], [ -78.050988376320745, 39.285851574131584 ], [ -78.050947918829465, 39.285835429280596 ], [ -78.050909692469773, 39.285816280507589 ], [ -78.050874065443011, 39.285794312094318 ], [ -78.050841380803973, 39.285769735701869 ], [ -78.050831838858954, 39.285761820436193 ], [ -78.050822297031857, 39.28575390517274 ], [ -78.050792869554726, 39.285726957505084 ], [ -78.050782868692224, 39.285715731048384 ], [ -78.050769105022411, 39.28570724400322 ], [ -78.050753152788261, 39.285695249136104 ], [ -78.050741873965961, 39.285694531425889 ], [ -78.050697127908023, 39.285688208318135 ], [ -78.050684836565821, 39.28568548179625 ], [ -78.05068301416253, 39.28568536586917 ], [ -78.050638268117098, 39.285679042739169 ], [ -78.050630750601272, 39.285677375115874 ], [ -78.050604427113029, 39.285675700151138 ], [ -78.050559681082675, 39.285669376991372 ], [ -78.050515948134787, 39.285659675897776 ], [ -78.05050625269314, 39.285656699422582 ], [ -78.05047155241634, 39.285651795903874 ], [ -78.050468239858191, 39.28565106114273 ], [ -78.050464872832734, 39.285651626552493 ], [ -78.050432106502669, 39.285654558754644 ], [ -78.050393197984647, 39.285667670789699 ], [ -78.050349899947179, 39.28567848613865 ], [ -78.050305446314738, 39.285685951358111 ], [ -78.050280953529906, 39.28568814307333 ], [ -78.050255806517072, 39.28569236610339 ], [ -78.050210625278254, 39.285696409236195 ], [ -78.05016515174573, 39.285696991341261 ], [ -78.050135560912437, 39.285696241026372 ], [ -78.050090232816657, 39.285693356525471 ], [ -78.050045486949685, 39.285687033172074 ], [ -78.050001753958369, 39.285677331884443 ], [ -78.049959455239176, 39.285664346137843 ], [ -78.049918998112176, 39.285648200941395 ], [ -78.049887615484351, 39.285632479891454 ], [ -78.049860331732461, 39.285628624216841 ], [ -78.04982138581434, 39.285619984836494 ], [ -78.049821199244263, 39.285619958484773 ], [ -78.049808644370046, 39.285617173388701 ], [ -78.049763641208315, 39.285617749338336 ], [ -78.049734097974394, 39.285615869198374 ], [ -78.049704459746735, 39.285616248502421 ], [ -78.049694596189539, 39.285615998360662 ], [ -78.049674900585416, 39.285614744950287 ], [ -78.049655141846159, 39.285614997782389 ], [ -78.049645278289574, 39.285614747636458 ], [ -78.049620658872684, 39.285613180887282 ], [ -78.049595960392708, 39.285613496891408 ], [ -78.049566369609721, 39.285612746433188 ], [ -78.049521041720752, 39.285609861716203 ], [ -78.049476295855769, 39.28560353814467 ], [ -78.049464004811526, 39.285600811591912 ], [ -78.049462182070044, 39.285600695547053 ], [ -78.049448468134457, 39.285598757455233 ], [ -78.049434620654878, 39.285599996524617 ], [ -78.049389147081698, 39.285600578325344 ], [ -78.04937928352949, 39.28560032815696 ], [ -78.049333955660799, 39.285597443367614 ], [ -78.049289209825034, 39.285591119725012 ], [ -78.049285394582753, 39.285590273356846 ], [ -78.049231651849723, 39.285588910226728 ], [ -78.049186323998043, 39.285586025380319 ], [ -78.049141578182571, 39.285579701771645 ], [ -78.049102632282782, 39.285571062061898 ], [ -78.049102445828964, 39.285571035711975 ], [ -78.049063500283182, 39.285562396088274 ], [ -78.049063313481994, 39.285562369729476 ], [ -78.049019580841986, 39.285552668083199 ], [ -78.048977282400571, 39.285539681988737 ], [ -78.048973301508724, 39.285538093340058 ], [ -78.048938915092634, 39.285543867473216 ], [ -78.048918937970853, 39.285545654918039 ], [ -78.048897152776703, 39.285552996192493 ], [ -78.048853854615629, 39.285563810978346 ], [ -78.048809400933436, 39.285571275622594 ], [ -78.048809211384011, 39.285571292614755 ], [ -78.048769624664473, 39.2855779399478 ], [ -78.048724443450411, 39.285581982502606 ], [ -78.048678970016283, 39.285582564028701 ], [ -78.048639515727814, 39.285581563106994 ], [ -78.048624744084307, 39.285580622894479 ], [ -78.048609924983793, 39.285580812406209 ], [ -78.048590197898932, 39.285580311936812 ], [ -78.048544869979068, 39.285577426838564 ], [ -78.048543515712382, 39.285577235462071 ], [ -78.048537254490881, 39.285578799313761 ], [ -78.048492800773062, 39.285586263835292 ], [ -78.048447619544433, 39.285590306281698 ], [ -78.048444071491289, 39.285590351662208 ], [ -78.048432938669805, 39.285595160648043 ], [ -78.04842750079257, 39.285596993117302 ], [ -78.048422406141484, 39.285599733795415 ], [ -78.048382654762761, 39.285616905079316 ], [ -78.048366906594339, 39.28562221188195 ], [ -78.048362605528936, 39.285624069767714 ], [ -78.048320879792584, 39.285638130381535 ], [ -78.048277581502902, 39.285648944947269 ], [ -78.048270779011489, 39.285650087145157 ], [ -78.048247668696433, 39.285655859442201 ], [ -78.04820321490925, 39.285663323759891 ], [ -78.048158033621164, 39.285667366091211 ], [ -78.048112560140922, 39.285667947393442 ], [ -78.048092832924652, 39.285667446835923 ], [ -78.048047505097188, 39.285664561545367 ], [ -78.048002759366014, 39.285658237410445 ], [ -78.047963813931005, 39.285649597421745 ], [ -78.047963627130116, 39.285649571061192 ], [ -78.047919894614523, 39.28563986900506 ], [ -78.047877596350148, 39.285626882516368 ], [ -78.047837139768504, 39.285610736614331 ], [ -78.047798914440051, 39.285591586854636 ], [ -78.047794060696944, 39.285588593748187 ], [ -78.047788788223158, 39.285586489516518 ], [ -78.047784651484974, 39.285584417078638 ], [ -78.047769383130628, 39.285578323619468 ], [ -78.047765246733363, 39.285576251369719 ], [ -78.047749978154798, 39.285570157812259 ], [ -78.047745841982618, 39.285568085747713 ], [ -78.047730573067795, 39.285561991999025 ], [ -78.047692347800123, 39.285542842116286 ], [ -78.047656721971663, 39.285520872849574 ], [ -78.047624038637011, 39.28549629559916 ], [ -78.047614497222327, 39.285488380087216 ], [ -78.04758507113236, 39.285461431657446 ], [ -78.047564755611305, 39.285438624492727 ], [ -78.047557570783837, 39.285433221623364 ], [ -78.047554086978408, 39.28543033146871 ], [ -78.047530087264363, 39.285430638102433 ], [ -78.047525662527605, 39.285430525807641 ], [ -78.047521784384756, 39.285431176983764 ], [ -78.047476603228091, 39.285435218964558 ], [ -78.047431129789871, 39.285435800092827 ], [ -78.047385802158558, 39.285432914460877 ], [ -78.047341056645536, 39.28542659016891 ], [ -78.047328765157559, 39.285423863199981 ], [ -78.04732694311727, 39.285423747229565 ], [ -78.047282197620561, 39.285417422825354 ], [ -78.047238465238237, 39.28540772060866 ], [ -78.047215889065711, 39.285400789107868 ], [ -78.047209196870938, 39.285399304365626 ], [ -78.047166898900187, 39.285386317538382 ], [ -78.047126442632688, 39.28537017139989 ], [ -78.047122306719544, 39.285368099410128 ], [ -78.047107037678572, 39.285362005487201 ], [ -78.047068812699322, 39.285342855409439 ], [ -78.047055156577471, 39.285334433989824 ], [ -78.047039866549554, 39.285326773934564 ], [ -78.047033076173832, 39.285322586475942 ], [ -78.047010335500119, 39.285313510605718 ], [ -78.046972110574799, 39.285294360498035 ], [ -78.046936485106798, 39.285272391023163 ], [ -78.046903802147213, 39.285247813583297 ], [ -78.04689426084947, 39.2852398980163 ], [ -78.046884719441849, 39.285231982355668 ], [ -78.046855293860688, 39.285205033757819 ], [ -78.046829408824962, 39.285175973526492 ], [ -78.046807313854814, 39.285145081496793 ], [ -78.046800485834311, 39.285132843955523 ], [ -78.04679809465793, 39.285129500730342 ], [ -78.046780002368422, 39.285097074446576 ], [ -78.046771028234801, 39.285075374194655 ], [ -78.046763421639213, 39.285074299074225 ], [ -78.046719689555403, 39.285064596582728 ], [ -78.046677391880394, 39.285051609677829 ], [ -78.046659600412369, 39.285044509010838 ], [ -78.046628718933292, 39.285035027223877 ], [ -78.046588262998682, 39.285018880909654 ], [ -78.046587638248923, 39.285018567858096 ], [ -78.046560641332078, 39.285010278845107 ], [ -78.046520185428506, 39.28499413250826 ], [ -78.046481960815427, 39.284974982250169 ], [ -78.046477107172876, 39.284971989092234 ], [ -78.046471834787468, 39.2849698848039 ], [ -78.046467698917951, 39.284967812792345 ], [ -78.046452430024075, 39.284961718788544 ], [ -78.046444156700332, 39.284957573912912 ], [ -78.046413620630858, 39.284945386661548 ], [ -78.046375396070971, 39.284926236460379 ], [ -78.046339770984531, 39.284904266725633 ], [ -78.046337405646398, 39.284902487936364 ], [ -78.046336908956107, 39.284902239122459 ], [ -78.046301283894152, 39.284880269376764 ], [ -78.046268601338284, 39.284855691862262 ], [ -78.046259060165923, 39.284847776247418 ], [ -78.046229634870826, 39.284820827501953 ], [ -78.046203750354053, 39.284791767057811 ], [ -78.046194912785239, 39.284779410535123 ], [ -78.04618499018224, 39.284768270629236 ], [ -78.04617615195879, 39.284755913277763 ], [ -78.046166230142234, 39.284744774110969 ], [ -78.046157392033109, 39.284732416941189 ], [ -78.046147470114505, 39.284721277590066 ], [ -78.046138632336138, 39.284708920967816 ], [ -78.046128709979428, 39.284697781153589 ], [ -78.046116229135947, 39.284680330678839 ], [ -78.046098793815489, 39.284667219116535 ], [ -78.046079711449522, 39.284651387768285 ], [ -78.046070170325748, 39.284643472139564 ], [ -78.046060629204149, 39.284635556510118 ], [ -78.046060558300169, 39.284635497685841 ], [ -78.046051249404641, 39.284634181828928 ], [ -78.046023480348524, 39.284628020808917 ], [ -78.045995253011284, 39.284632759986401 ], [ -78.04595007231697, 39.284636801480588 ], [ -78.045923665335906, 39.284637138546309 ], [ -78.045916023406946, 39.284638421625161 ], [ -78.04587084282592, 39.28464246300117 ], [ -78.045869014836796, 39.284642486308996 ], [ -78.045856520685987, 39.284644584048344 ], [ -78.045855342684305, 39.284644689443176 ], [ -78.045831285619286, 39.284650697656865 ], [ -78.045786832272682, 39.284658161156081 ], [ -78.045785654737685, 39.284658266471986 ], [ -78.045761597192126, 39.284664274839059 ], [ -78.045717143715322, 39.284671738308063 ], [ -78.04567944534449, 39.28467511038194 ], [ -78.045646427272459, 39.284692871785936 ], [ -78.045645910743261, 39.284693094872111 ], [ -78.045643401042497, 39.284694749873886 ], [ -78.045606006636319, 39.284714865490777 ], [ -78.045566255147733, 39.284732035716793 ], [ -78.045524529455889, 39.284746095327677 ], [ -78.045481231359744, 39.284756908857894 ], [ -78.045436777916393, 39.284764372219172 ], [ -78.045391597118424, 39.284768413491783 ], [ -78.045389768778932, 39.284768436783104 ], [ -78.045377274945579, 39.284770534388343 ], [ -78.045377086679181, 39.284770551227332 ], [ -78.045337498879363, 39.284777197634867 ], [ -78.045292318189382, 39.284781238781321 ], [ -78.045246845210755, 39.284781819070631 ], [ -78.045207391493761, 39.28478081700294 ], [ -78.045162064429562, 39.284777930523227 ], [ -78.045143921180298, 39.284775365759607 ], [ -78.045120181259605, 39.284779351449636 ], [ -78.045075000441457, 39.284783392598143 ], [ -78.04502952758456, 39.284783972715275 ], [ -78.045029374502079, 39.284783968826929 ], [ -78.044999189182803, 39.284794139710819 ], [ -78.044955890987978, 39.284804953041082 ], [ -78.044911437470688, 39.284812416198136 ], [ -78.044866256624218, 39.284816457264242 ], [ -78.044820783633511, 39.284817037295895 ], [ -78.044801056830394, 39.284816536192636 ], [ -78.044755729650319, 39.284813649641308 ], [ -78.044710984948665, 39.284807324273388 ], [ -78.044686246346842, 39.284801835199701 ], [ -78.044661990258774, 39.284798406284722 ], [ -78.044618258684565, 39.284788703019863 ], [ -78.044575961609382, 39.284775715370941 ], [ -78.044535506337454, 39.284759568365359 ], [ -78.044498056004812, 39.284740805039853 ], [ -78.044491968840177, 39.284739454425448 ], [ -78.044449671824125, 39.28472646664251 ], [ -78.044409216611683, 39.284710319595028 ], [ -78.04438542226481, 39.284698398222659 ], [ -78.044381443970096, 39.284698448944383 ], [ -78.044371580589015, 39.284698198356587 ], [ -78.044359654035361, 39.284697438799284 ], [ -78.044353414293354, 39.284698486332495 ], [ -78.044308233502164, 39.284702527183335 ], [ -78.044262760710239, 39.284703107002301 ], [ -78.044134536423641, 39.284699849155999 ], [ -78.044089209362369, 39.284696962348654 ], [ -78.044044464810611, 39.284690636729202 ], [ -78.044032174171051, 39.284687909615855 ], [ -78.044030351467498, 39.284687793487052 ], [ -78.04398560681247, 39.284681467842425 ], [ -78.043941875535367, 39.284671764332238 ], [ -78.043919300420072, 39.284664832313617 ], [ -78.043917395562033, 39.284664409607636 ], [ -78.043917208074703, 39.284664383133098 ], [ -78.043904916874055, 39.284661655811966 ], [ -78.04390309474671, 39.284661539785908 ], [ -78.043858350238608, 39.284655214096276 ], [ -78.043814618878656, 39.284645510626518 ], [ -78.043792042986539, 39.284638578293389 ], [ -78.043790139276695, 39.284638155884778 ], [ -78.043789951445902, 39.284638129311233 ], [ -78.043746220227092, 39.284628425729416 ], [ -78.04370392342787, 39.284615437772707 ], [ -78.043663468465667, 39.284599290474397 ], [ -78.043625244899104, 39.284580139313675 ], [ -78.043622625401895, 39.284578523731689 ], [ -78.043600554944121, 39.284577118048858 ], [ -78.043555810408137, 39.284570792242846 ], [ -78.043551276130472, 39.284569786071238 ], [ -78.04354757063102, 39.284569833337201 ], [ -78.04350224369189, 39.284566946305034 ], [ -78.043457499173584, 39.284560620461761 ], [ -78.043413768056197, 39.284550916758384 ], [ -78.043390267326288, 39.284543700407724 ], [ -78.043389100699756, 39.284543535450766 ], [ -78.043376809544, 39.284540808075342 ], [ -78.043374987421174, 39.284540692041141 ], [ -78.043330243049795, 39.284534366152883 ], [ -78.043286511849544, 39.284524662489922 ], [ -78.043286228838667, 39.284524575571766 ], [ -78.043263192956587, 39.284523108263592 ], [ -78.043233555375295, 39.284523485937093 ], [ -78.043223692028988, 39.284523235252983 ], [ -78.043194149417715, 39.284521353471966 ], [ -78.043164511722097, 39.28452173112494 ], [ -78.043119184954847, 39.284518843948142 ], [ -78.043074440510708, 39.284512517959861 ], [ -78.043070625873398, 39.284511671494442 ], [ -78.043026747261479, 39.284510556219772 ], [ -78.042981420394668, 39.284507668986784 ], [ -78.042936675973337, 39.284501342946221 ], [ -78.042911937756102, 39.284495853507011 ], [ -78.042887681766985, 39.284492424226038 ], [ -78.042843950783734, 39.284482720312816 ], [ -78.042820449686431, 39.28447550365825 ], [ -78.042819283522107, 39.284475338797428 ], [ -78.042809379605259, 39.284473141117495 ], [ -78.042795306945379, 39.284472244689866 ], [ -78.042750562567704, 39.284465918579137 ], [ -78.042706831622937, 39.284456214615624 ], [ -78.042664535141554, 39.284443226291664 ], [ -78.042624080537891, 39.284427078644121 ], [ -78.04261095943292, 39.284420504443929 ], [ -78.04257495809928, 39.284415414341197 ], [ -78.042531227098166, 39.284405710310736 ], [ -78.042508651995476, 39.284398777930591 ], [ -78.042501959779898, 39.284397292918655 ], [ -78.042459663375936, 39.284384304522845 ], [ -78.042425912608309, 39.284370832682193 ], [ -78.042424371308101, 39.284370734492526 ], [ -78.042379627148975, 39.284364408335584 ], [ -78.042335896210815, 39.28435470423382 ], [ -78.042293599866525, 39.284341715779654 ], [ -78.042253145417121, 39.284325567918252 ], [ -78.042251922984889, 39.284324955429469 ], [ -78.042233290359846, 39.284322321017953 ], [ -78.042220999294884, 39.284319593523406 ], [ -78.042219177296616, 39.284319477474341 ], [ -78.042174433081314, 39.284313151147387 ], [ -78.042149694879697, 39.284307661637669 ], [ -78.042125439121847, 39.284304232114394 ], [ -78.042081708377594, 39.28429452792264 ], [ -78.042059133587657, 39.284287595553998 ], [ -78.042057228752824, 39.284287172818331 ], [ -78.04205704126737, 39.284287146340858 ], [ -78.042013310428899, 39.284277442121152 ], [ -78.041990735192542, 39.284270509637913 ], [ -78.041984043233441, 39.284269024602928 ], [ -78.041941747012928, 39.284256036025013 ], [ -78.041901292584484, 39.284239888042968 ], [ -78.041897156449906, 39.284237815593606 ], [ -78.04188188871295, 39.28423172129466 ], [ -78.041877752579452, 39.284229648844644 ], [ -78.041862484846064, 39.28422355454326 ], [ -78.041838523224229, 39.284211548496678 ], [ -78.041799249557613, 39.284209046332315 ], [ -78.041754505456282, 39.284202719937738 ], [ -78.041710774834442, 39.284193015610647 ], [ -78.041668478715636, 39.284180026936816 ], [ -78.041650688017796, 39.284172925530015 ], [ -78.041619807674934, 39.284163442451572 ], [ -78.041579353491613, 39.284147294455074 ], [ -78.041541130771222, 39.28412814272879 ], [ -78.041505507564224, 39.284106171579992 ], [ -78.04148855385472, 39.284093420664369 ], [ -78.041457482140729, 39.284074256722079 ], [ -78.041424801727459, 39.284049677831653 ], [ -78.041418748135882, 39.284044133006724 ], [ -78.041403338445875, 39.284045510840919 ], [ -78.041357866011595, 39.28404608953602 ], [ -78.041348002748975, 39.284045838695555 ], [ -78.041302676407042, 39.284042950824819 ], [ -78.041257932467417, 39.284036624244692 ], [ -78.041214201912183, 39.284026919734174 ], [ -78.041212367463274, 39.284026356350324 ], [ -78.041184962510016, 39.284024610315505 ], [ -78.041140218599224, 39.284018283600908 ], [ -78.041130314807518, 39.284016085782248 ], [ -78.04111624238891, 39.284015189158552 ], [ -78.041071498491931, 39.28400886241797 ], [ -78.041027768099724, 39.283999157841855 ], [ -78.041005193519879, 39.283992225275824 ], [ -78.040998501036157, 39.283990740081123 ], [ -78.040981903235647, 39.283985642949723 ], [ -78.040963970912415, 39.283983107314931 ], [ -78.040925027176755, 39.283974465028436 ], [ -78.040924840615247, 39.283974438662739 ], [ -78.040881110152142, 39.283964734030043 ], [ -78.04086451271084, 39.283959636981237 ], [ -78.040846580052175, 39.283957101319899 ], [ -78.04080284972818, 39.283947396661517 ], [ -78.040760553943272, 39.283934407668916 ], [ -78.040759182160031, 39.283933860100561 ], [ -78.040744315831503, 39.28393056093622 ], [ -78.040721741304736, 39.283923628316977 ], [ -78.0407150488345, 39.283922143106416 ], [ -78.04067275308276, 39.283909154083027 ], [ -78.040632299280844, 39.28389300577021 ], [ -78.040624027695941, 39.283888861159923 ], [ -78.040593491935184, 39.283876671861634 ], [ -78.040555269650611, 39.28385751973628 ], [ -78.040519647018925, 39.283835548304431 ], [ -78.040486967052615, 39.283810969256194 ], [ -78.040486523518254, 39.283810601235942 ], [ -78.040450858955523, 39.283816587536052 ], [ -78.040405678606007, 39.283820626883802 ], [ -78.040360206333872, 39.283821205193902 ], [ -78.040291163665344, 39.283819448707014 ], [ -78.040281316192264, 39.283818821171828 ], [ -78.040271437107023, 39.283818946844015 ], [ -78.040261573885942, 39.283818695912728 ], [ -78.040216247761435, 39.283815807625594 ], [ -78.040175907096483, 39.283810103169621 ], [ -78.040175076220947, 39.283810707941974 ], [ -78.040164890101963, 39.283818122147814 ], [ -78.040130211610233, 39.283840987641732 ], [ -78.040092816094386, 39.283861101352073 ], [ -78.040076915634003, 39.283867968472464 ], [ -78.04006258059141, 39.283875678888535 ], [ -78.04002282835468, 39.283892847187673 ], [ -78.039981102187454, 39.283906904787393 ], [ -78.039937803773725, 39.283917716328581 ], [ -78.039893350415454, 39.283925177478871 ], [ -78.039893162150577, 39.28392519430902 ], [ -78.039853574431007, 39.283931838848346 ], [ -78.039808394106771, 39.283935877872707 ], [ -78.039762921765941, 39.28393645603613 ], [ -78.039757998023092, 39.283936142291047 ], [ -78.039753058532924, 39.283936205061167 ], [ -78.039743195300019, 39.283935954085358 ], [ -78.039697869022191, 39.283933065501145 ], [ -78.039653125335519, 39.283926738311401 ], [ -78.039609395223451, 39.283917033211054 ], [ -78.039567099704627, 39.283904043793278 ], [ -78.039526646184143, 39.283887895105494 ], [ -78.03950302839371, 39.28387606056662 ], [ -78.039502514349991, 39.283875946499982 ], [ -78.039460218877664, 39.283862957044931 ], [ -78.039419765291399, 39.283846808318756 ], [ -78.039381543367057, 39.283827655820232 ], [ -78.039375312424056, 39.283823812589432 ], [ -78.039341700208311, 39.283819059302061 ], [ -78.039316963013007, 39.28381356930894 ], [ -78.039292707024771, 39.283810139101412 ], [ -78.039248976926871, 39.283800433867022 ], [ -78.039206681551889, 39.28378744432311 ], [ -78.039166228187696, 39.283771295515358 ], [ -78.039130559006693, 39.283753422071179 ], [ -78.039095159919285, 39.283756586488444 ], [ -78.039093332073492, 39.283756609693455 ], [ -78.039080837925454, 39.283758706703161 ], [ -78.039035657571944, 39.283762745426912 ], [ -78.038990185475626, 39.283763323205086 ], [ -78.038980322157983, 39.283763072162614 ], [ -78.038934996153472, 39.283760183379286 ], [ -78.038890252663236, 39.283753855902596 ], [ -78.038846522780872, 39.283744150523134 ], [ -78.038804227522832, 39.283731160836822 ], [ -78.038763774295433, 39.283715011803658 ], [ -78.03872555262933, 39.283695859188612 ], [ -78.038689930568637, 39.283673887217546 ], [ -78.038687711197724, 39.283672217930686 ], [ -78.038681755522788, 39.283670896125322 ], [ -78.038639460342296, 39.283657906381762 ], [ -78.038599007193767, 39.283641757384117 ], [ -78.038589165896155, 39.283636825957473 ], [ -78.038574902968733, 39.283635916880591 ], [ -78.038530159717766, 39.283629589182397 ], [ -78.038505422087454, 39.283624098916654 ], [ -78.038503740060861, 39.283623861064328 ], [ -78.038488705061084, 39.28362761503616 ], [ -78.038444251765583, 39.283635075723787 ], [ -78.03844307377453, 39.283635181043742 ], [ -78.038419016523278, 39.283641187713499 ], [ -78.038374563097577, 39.2836486483709 ], [ -78.038329382788163, 39.283652686911374 ], [ -78.038296661954064, 39.28365310248698 ], [ -78.03829462879763, 39.283654195978549 ], [ -78.038254876291759, 39.283671363751992 ], [ -78.038213149829204, 39.28368542070622 ], [ -78.038169851443087, 39.283696231497046 ], [ -78.038125398077497, 39.283703692059738 ], [ -78.038080217728051, 39.28370773041145 ], [ -78.038034745679312, 39.283708307906956 ], [ -78.038015019192443, 39.283707805662864 ], [ -78.037969693290691, 39.283704916416028 ], [ -78.037924949945818, 39.283698588572413 ], [ -78.037881220253723, 39.283688882836145 ], [ -78.037857719990342, 39.283681665207048 ], [ -78.037856553853899, 39.283681500297369 ], [ -78.037812824063806, 39.28367179462316 ], [ -78.037770529067259, 39.283658804479579 ], [ -78.037752739957014, 39.283651702882239 ], [ -78.03772185939998, 39.283642218499935 ], [ -78.037681406491444, 39.283626069191349 ], [ -78.037680781225063, 39.283625755899116 ], [ -78.037653786590525, 39.283617464981177 ], [ -78.037613333597264, 39.283601315647019 ], [ -78.037575112328781, 39.283582162667734 ], [ -78.037539490821572, 39.283560190362635 ], [ -78.037506812077268, 39.283535610430292 ], [ -78.03749727210807, 39.283527694139238 ], [ -78.037467850837132, 39.283500743319884 ], [ -78.03744197051833, 39.283471681165807 ], [ -78.037433134240814, 39.283459323577944 ], [ -78.037423213696485, 39.283448183353798 ], [ -78.037401123473487, 39.283417289706719 ], [ -78.037383036007483, 39.283384862134326 ], [ -78.03736912544997, 39.283351212894075 ], [ -78.037359526039282, 39.283316666108803 ], [ -78.037355440266623, 39.283289057463662 ], [ -78.037349923021878, 39.283284907454153 ], [ -78.037345364351722, 39.283283895646441 ], [ -78.037322790406094, 39.28327696238722 ], [ -78.037316098080865, 39.283275476985928 ], [ -78.037273803417946, 39.283262486763455 ], [ -78.037233350835592, 39.28324633731031 ], [ -78.037229215017973, 39.283244264794973 ], [ -78.037213947823446, 39.28323816981279 ], [ -78.037175726867417, 39.283219016622851 ], [ -78.037162072854315, 39.283210594381124 ], [ -78.037147557042601, 39.283203320214653 ], [ -78.037141470634438, 39.283201969327301 ], [ -78.037099176051257, 39.283188979044084 ], [ -78.037058723438392, 39.283172829530187 ], [ -78.037039243042599, 39.283163067509065 ], [ -78.037029329252647, 39.283161665350718 ], [ -78.036985599919561, 39.283151959291303 ], [ -78.036963025827674, 39.283145025869167 ], [ -78.036956333867366, 39.283143540546746 ], [ -78.036933759781363, 39.283136607119133 ], [ -78.036927067706756, 39.283135121792135 ], [ -78.036884773207646, 39.283122131433821 ], [ -78.036844320805955, 39.283105981761466 ], [ -78.03683120041039, 39.28309940684472 ], [ -78.036795200392035, 39.283094315085819 ], [ -78.036751471138231, 39.28308460894106 ], [ -78.036709176705486, 39.283071618521156 ], [ -78.036668724372603, 39.283055468880221 ], [ -78.036631010981566, 39.283036569780172 ], [ -78.03661216203102, 39.283030780489291 ], [ -78.036571709745516, 39.283014630816233 ], [ -78.036533489092065, 39.282995477515797 ], [ -78.036497868217026, 39.282973504913386 ], [ -78.036465903889649, 39.282949461602669 ], [ -78.036440306174484, 39.282933671726767 ], [ -78.036438086882043, 39.282932002399711 ], [ -78.036432131318662, 39.282930680482956 ], [ -78.036389837047054, 39.28291768986238 ], [ -78.036349384765288, 39.282901540113173 ], [ -78.036311164236693, 39.282882386743992 ], [ -78.036275543490675, 39.282860414077923 ], [ -78.036242865521487, 39.282835833816996 ], [ -78.03621344514103, 39.282808882709752 ], [ -78.036187565480205, 39.282779820299986 ], [ -78.03616547589165, 39.282748926440831 ], [ -78.036147389161144, 39.282716498701269 ], [ -78.036133479433119, 39.282682849340382 ], [ -78.036123880591688, 39.282648302473334 ], [ -78.03611868512759, 39.282613190709313 ], [ -78.036117943102099, 39.282577852242362 ], [ -78.036121661593, 39.282542627504107 ], [ -78.036129804846752, 39.282507855564234 ], [ -78.036142294392732, 39.28247387143081 ], [ -78.036159009901411, 39.282441002198617 ], [ -78.036179790445061, 39.282409564648994 ], [ -78.036204435934962, 39.282379861412913 ], [ -78.036232708960853, 39.282352178585604 ], [ -78.03626433712013, 39.282326782723189 ], [ -78.036299016019058, 39.28230391839675 ], [ -78.036336411571398, 39.282283805908996 ], [ -78.036354584416841, 39.282275957876159 ], [ -78.03635536723074, 39.282275388121064 ], [ -78.036390046075297, 39.282252523765202 ], [ -78.036427441578908, 39.282232411155974 ], [ -78.036467193651504, 39.282215244079694 ], [ -78.036508919415994, 39.282201187726137 ], [ -78.036552217086125, 39.282190377436109 ], [ -78.036596669724659, 39.282182917536105 ], [ -78.036641849140153, 39.282178879635893 ], [ -78.036687320170884, 39.282178302737748 ], [ -78.036697183130002, 39.282178553963071 ], [ -78.036742508086292, 39.282181443580129 ], [ -78.036787250333944, 39.282187771929344 ], [ -78.036830978930823, 39.282197477947889 ], [ -78.03687327286876, 39.282210468395952 ], [ -78.036913724778614, 39.282226617951004 ], [ -78.036951945138412, 39.282245771116614 ], [ -78.036987565925287, 39.282267743576568 ], [ -78.037020243916558, 39.282292323630109 ], [ -78.03702978367042, 39.282300239953322 ], [ -78.037059204176472, 39.282327190859839 ], [ -78.037085084055292, 39.282356253084906 ], [ -78.037105160860378, 39.282384331341632 ], [ -78.037134237502315, 39.282388443839082 ], [ -78.037177966390615, 39.282398149826356 ], [ -78.037220260523057, 39.282411140064845 ], [ -78.037260712633042, 39.282427289506117 ], [ -78.037298933200447, 39.282446442564854 ], [ -78.037327718607955, 39.282464198551516 ], [ -78.037357668248106, 39.282470846058956 ], [ -78.037357855035538, 39.282470872436086 ], [ -78.037401583894891, 39.282480578339324 ], [ -78.037443878122517, 39.28249356849976 ], [ -78.037484330450937, 39.28250971786975 ], [ -78.037522551123629, 39.282528870948752 ], [ -78.037548217421616, 39.282544702782609 ], [ -78.03756161882373, 39.282550052860259 ], [ -78.037569890061377, 39.282554197676383 ], [ -78.037600424686474, 39.282566387729368 ], [ -78.037638645423129, 39.282585540772416 ], [ -78.037652299380127, 39.282593962956504 ], [ -78.037666815126116, 39.28260123705779 ], [ -78.037672901494759, 39.282602587916152 ], [ -78.037715195850893, 39.282615577982384 ], [ -78.03773298470108, 39.282622679576413 ], [ -78.037763864820093, 39.282632163940185 ], [ -78.037804317191188, 39.282648313201378 ], [ -78.037842538030873, 39.282667466180975 ], [ -78.037847391129461, 39.282670459680382 ], [ -78.037852663063418, 39.282672564344139 ], [ -78.037890883930075, 39.282691717308793 ], [ -78.037904538166842, 39.282700139560937 ], [ -78.037919826908194, 39.282707800949801 ], [ -78.037949869359039, 39.282726331992698 ], [ -78.037986514548763, 39.28273758686548 ], [ -78.038009666259811, 39.28274682935244 ], [ -78.038022155195748, 39.282749601242536 ], [ -78.038064449707548, 39.282762591277248 ], [ -78.038104902343406, 39.282778740441984 ], [ -78.038143123343858, 39.282797893238218 ], [ -78.038178744679954, 39.282819865353318 ], [ -78.038211423354085, 39.282844445095677 ], [ -78.038220963319503, 39.282852361328459 ], [ -78.038250384635575, 39.282879311960485 ], [ -78.038276265097466, 39.282908373941602 ], [ -78.038282254195707, 39.282916749650575 ], [ -78.038312910422647, 39.282911604476155 ], [ -78.038325514382294, 39.28290735838992 ], [ -78.03836881225395, 39.282896547520394 ], [ -78.038413265083122, 39.282889086843284 ], [ -78.03845844489183, 39.282885048340837 ], [ -78.03850391652594, 39.282884470752016 ], [ -78.038572958164892, 39.28288622826387 ], [ -78.038618283699492, 39.282889117169638 ], [ -78.038663026496678, 39.28289544472694 ], [ -78.03870675594392, 39.282905150158506 ], [ -78.038749050693767, 39.282918139862247 ], [ -78.038750422440486, 39.282918687453041 ], [ -78.038764426096478, 39.282921795460844 ], [ -78.038768927989679, 39.282921910051428 ], [ -78.038814253560105, 39.282924798881979 ], [ -78.038858996514236, 39.282931126458308 ], [ -78.038902725899334, 39.282940831815026 ], [ -78.038945020710997, 39.282953821449595 ], [ -78.038985473560331, 39.282969970316415 ], [ -78.03900214867285, 39.28297832618351 ], [ -78.039019468090615, 39.282982170048562 ], [ -78.039061763066769, 39.282995159645303 ], [ -78.039102215968725, 39.283011308473341 ], [ -78.03910635240014, 39.283013381208391 ], [ -78.03912161915558, 39.283019475751928 ], [ -78.03912183212023, 39.283019582427734 ], [ -78.039144017080872, 39.283017599263992 ], [ -78.039189488696351, 39.283017021407133 ], [ -78.039297983024582, 39.283019782563336 ], [ -78.039343308692708, 39.2830226711908 ], [ -78.03938805177296, 39.283028998477619 ], [ -78.039431781303833, 39.283038703640287 ], [ -78.039474076283341, 39.283051693088161 ], [ -78.039514529317131, 39.283067841867428 ], [ -78.039522800965671, 39.283071986646867 ], [ -78.039553335953883, 39.283084176111593 ], [ -78.039591557536696, 39.283103328542133 ], [ -78.039605658227615, 39.283112025817438 ], [ -78.039611714708144, 39.283113369959004 ], [ -78.039625786916062, 39.283114266757316 ], [ -78.03967053008266, 39.283120594028517 ], [ -78.039714259715538, 39.283130299088469 ], [ -78.039751517205929, 39.283141741322936 ], [ -78.039765690705721, 39.283135619987966 ], [ -78.039781438410515, 39.283130314520207 ], [ -78.039785739881026, 39.283128456782954 ], [ -78.039801487818195, 39.28312315122826 ], [ -78.039805789168184, 39.283121293577267 ], [ -78.039847514889743, 39.283107236022367 ], [ -78.03989081269178, 39.283096424492058 ], [ -78.039935265520029, 39.283088963321845 ], [ -78.039980445411615, 39.283084924139594 ], [ -78.03999456296124, 39.283084744628745 ], [ -78.04000463047403, 39.283083054850472 ], [ -78.04004981035952, 39.283079015640965 ], [ -78.040063927329342, 39.28307883610691 ], [ -78.04007399530694, 39.283077146244317 ], [ -78.040119175182525, 39.283073107097536 ], [ -78.0401646469696, 39.283072528773289 ], [ -78.040174510085166, 39.283072779708803 ], [ -78.040219835725395, 39.283075668084216 ], [ -78.040264578939372, 39.283081995037918 ], [ -78.040274483144572, 39.283084193029325 ], [ -78.040283362539427, 39.28308475891015 ], [ -78.040316219354409, 39.283076554407067 ], [ -78.04036067213876, 39.283069092981968 ], [ -78.040405852003445, 39.283065053632953 ], [ -78.040451323786229, 39.283064475286274 ], [ -78.040480913137571, 39.283065228017378 ], [ -78.040495684079744, 39.283066169240733 ], [ -78.040510502605812, 39.28306598074392 ], [ -78.040555828267543, 39.283068868898695 ], [ -78.04060057151186, 39.283075195814078 ], [ -78.040610475153287, 39.2830773936725 ], [ -78.040624547490168, 39.283078290353089 ], [ -78.040638260628683, 39.283080229458562 ], [ -78.040652107697724, 39.283078991423473 ], [ -78.040697579493582, 39.283078412980728 ], [ -78.040707442614718, 39.283078663871152 ], [ -78.040752768297537, 39.283081551949763 ], [ -78.040797511572407, 39.283087878790312 ], [ -78.040841241483477, 39.283097583434483 ], [ -78.040863815990846, 39.283104516117589 ], [ -78.040870508044335, 39.283106001218094 ], [ -78.040912803362744, 39.28311899015408 ], [ -78.040953256800577, 39.283135138356627 ], [ -78.040991478821141, 39.283154290342345 ], [ -78.041027101393155, 39.283176261627254 ], [ -78.041059781276701, 39.283200840521936 ], [ -78.04106932162388, 39.28320875653462 ], [ -78.041078408355062, 39.283216296254537 ], [ -78.041103747077585, 39.283231924668875 ], [ -78.041136427010201, 39.283256503633794 ], [ -78.041144829979658, 39.283263475808177 ], [ -78.041159946894751, 39.283266830569787 ], [ -78.041202242368342, 39.283279819405884 ], [ -78.041206762279913, 39.283281623637102 ], [ -78.041213880338731, 39.283282630120048 ], [ -78.041257610321026, 39.283292334611197 ], [ -78.041262547494227, 39.283293850820016 ], [ -78.041267123110217, 39.283294142314517 ], [ -78.041311866581935, 39.283300468873826 ], [ -78.041321770855944, 39.283302666778354 ], [ -78.041335842673362, 39.283303563360157 ], [ -78.041337196524253, 39.283303754809431 ], [ -78.041343457910997, 39.283302191259281 ], [ -78.041387910871109, 39.283294729445871 ], [ -78.04143309084786, 39.283290689701047 ], [ -78.041478562677938, 39.28329011095488 ], [ -78.04149825728301, 39.283291365721013 ], [ -78.04151801542568, 39.283291114254375 ], [ -78.041587057652123, 39.283292869994163 ], [ -78.041632383646231, 39.283295757739303 ], [ -78.041677127156973, 39.283302084249321 ], [ -78.041720857226224, 39.283311788569073 ], [ -78.041763152843004, 39.283324777205976 ], [ -78.041803606610628, 39.283340925124087 ], [ -78.041827224643953, 39.283352759204448 ], [ -78.041827738688326, 39.283352873260803 ], [ -78.041870034351589, 39.28336586186046 ], [ -78.041910488285012, 39.283382009746049 ], [ -78.041918761141005, 39.283386154928046 ], [ -78.04194929569482, 39.283398343307447 ], [ -78.04198751803446, 39.283417494887793 ], [ -78.042023141065741, 39.283439465883589 ], [ -78.042055821428519, 39.283464044605203 ], [ -78.042065361927044, 39.283471960541476 ], [ -78.042074902427728, 39.283479876477031 ], [ -78.042084442930545, 39.28348779241189 ], [ -78.042093983547517, 39.283495708438963 ], [ -78.042109697899207, 39.28351010180824 ], [ -78.042127044174237, 39.283513951120916 ], [ -78.042150544875824, 39.283521167901732 ], [ -78.042151711022441, 39.283521332768629 ], [ -78.042195441303178, 39.283531036917239 ], [ -78.042237737148128, 39.283544025389418 ], [ -78.042278191274264, 39.283560173153752 ], [ -78.042316413911522, 39.283579324635205 ], [ -78.042334053497058, 39.283590204052778 ], [ -78.042375661235042, 39.283596086901042 ], [ -78.042414604972933, 39.283604728700858 ], [ -78.042414791418395, 39.283604755061212 ], [ -78.042453734244106, 39.283613396734758 ], [ -78.042453921727969, 39.283613423211541 ], [ -78.042497652229969, 39.283623127253044 ], [ -78.042520227086868, 39.283630059626603 ], [ -78.042522131451776, 39.283630482162401 ], [ -78.04252231916351, 39.283630508734937 ], [ -78.042566049571292, 39.283640212748523 ], [ -78.042566332577692, 39.283640299668257 ], [ -78.042605152214463, 39.283642772551197 ], [ -78.042649895939803, 39.283649098695292 ], [ -78.042693626495463, 39.283658802664903 ], [ -78.042735922519483, 39.283671790962025 ], [ -78.042753712186766, 39.283678891816194 ], [ -78.04278459352355, 39.283688374888293 ], [ -78.042825047752714, 39.283704522466969 ], [ -78.042855554731503, 39.28371980784901 ], [ -78.042859454769768, 39.283720673247629 ], [ -78.042883710373317, 39.28372410261175 ], [ -78.042927441012893, 39.283733806496301 ], [ -78.042969737129823, 39.283746794711568 ], [ -78.042987526841529, 39.28375389553149 ], [ -78.042992710017984, 39.283755487195847 ], [ -78.043010642376572, 39.283758022518356 ], [ -78.043054372945534, 39.283767726263648 ], [ -78.043077873609732, 39.283774942767721 ], [ -78.043079039991085, 39.283775107721418 ], [ -78.04309875519786, 39.283779482571141 ], [ -78.043110850409704, 39.283778400877743 ], [ -78.04315632269919, 39.283777821489807 ], [ -78.043201648992422, 39.283780708634325 ], [ -78.043246392988877, 39.283787034557015 ], [ -78.043289261692848, 39.283796547039699 ], [ -78.043313489803268, 39.283797162796439 ], [ -78.043333184602361, 39.283798417258268 ], [ -78.04335294290091, 39.283798165484974 ], [ -78.043372669392568, 39.283798666822754 ], [ -78.043417995829202, 39.283801553886704 ], [ -78.043462739747767, 39.283807879724435 ], [ -78.043501683758208, 39.283816521169378 ], [ -78.04350187032054, 39.283816547530975 ], [ -78.043511774171449, 39.283818745149418 ], [ -78.043525846715497, 39.283819641485771 ], [ -78.043570590773612, 39.283825967285722 ], [ -78.043614321471168, 39.283835670914819 ], [ -78.043637821994551, 39.283842887212792 ], [ -78.043638988610269, 39.283843052166858 ], [ -78.04364650631311, 39.283844720333668 ], [ -78.043655893486473, 39.283845318229979 ], [ -78.043665394490461, 39.283843723191993 ], [ -78.043710574743386, 39.283839682660847 ], [ -78.043756046966635, 39.283839103036698 ], [ -78.043765910221737, 39.283839353672093 ], [ -78.04381123671034, 39.283842240584313 ], [ -78.043855980819146, 39.283848566185931 ], [ -78.043899711576756, 39.283858269709675 ], [ -78.043942007969363, 39.283871257580671 ], [ -78.043982462592794, 39.283887404770269 ], [ -78.044020685898957, 39.28390655580489 ], [ -78.044056309844194, 39.283928526209685 ], [ -78.044065691057284, 39.283935581407611 ], [ -78.044089152393795, 39.283938898183173 ], [ -78.044132883248423, 39.283948601532458 ], [ -78.044175179739071, 39.283961589412129 ], [ -78.044196301407851, 39.283970019952889 ], [ -78.044216085328287, 39.283972816806482 ], [ -78.044239439357867, 39.283977998741861 ], [ -78.044257759187516, 39.283976360251479 ], [ -78.04428416636722, 39.283976023566765 ], [ -78.044291807779416, 39.283974740671638 ], [ -78.044292985304182, 39.283974635370534 ], [ -78.044317042716258, 39.283968627302563 ], [ -78.044361495858325, 39.283961164356874 ], [ -78.044406676052219, 39.283957123463686 ], [ -78.044452148478769, 39.283956543572891 ], [ -78.044501464984663, 39.28395779645269 ], [ -78.044546791481935, 39.283960683079194 ], [ -78.044591535745852, 39.283967008492979 ], [ -78.044635266811085, 39.283976711749474 ], [ -78.044677563426561, 39.28398969936049 ], [ -78.044718018301793, 39.284005846302883 ], [ -78.044732966292116, 39.284013335546206 ], [ -78.044735776035509, 39.284014198319603 ], [ -78.044776230939178, 39.284030345242726 ], [ -78.044814454557425, 39.28404949593714 ], [ -78.044831290307641, 39.284059878912082 ], [ -78.044836573970827, 39.28405855933191 ], [ -78.044881027127715, 39.284051096187731 ], [ -78.044926207362607, 39.284047055093758 ], [ -78.044971679855948, 39.284046475001787 ], [ -78.044977944823984, 39.28404663413577 ], [ -78.04500521760356, 39.28403982287022 ], [ -78.045049670615029, 39.284032359747449 ], [ -78.045094850948004, 39.284028318590025 ], [ -78.045140323316161, 39.284027738428655 ], [ -78.045169913313998, 39.284028489986468 ], [ -78.0452152399006, 39.284031376355088 ], [ -78.045222495349549, 39.284032402028387 ], [ -78.045228238395623, 39.284029312663037 ], [ -78.045267989554702, 39.284012142448852 ], [ -78.045283736971811, 39.284006836315172 ], [ -78.045288038484273, 39.28400497828401 ], [ -78.045329763768379, 39.283990918741509 ], [ -78.045373061408284, 39.283980105159408 ], [ -78.045379864239621, 39.283978963048227 ], [ -78.045402973723185, 39.283973191476029 ], [ -78.04540977643768, 39.283972049360102 ], [ -78.045432885916853, 39.283966277781779 ], [ -78.045439688981446, 39.283965135582896 ], [ -78.045462798220854, 39.283959364082534 ], [ -78.045507251146972, 39.283951900690937 ], [ -78.04554228841684, 39.283948766656408 ], [ -78.045552212673968, 39.283946288026698 ], [ -78.045596665580604, 39.283938824690203 ], [ -78.045641845834936, 39.283934783316653 ], [ -78.045643673805472, 39.283934760011711 ], [ -78.045656167833556, 39.283932662290454 ], [ -78.045656357143599, 39.283932645387402 ], [ -78.045695943273316, 39.283925999001781 ], [ -78.045741123516081, 39.283921957589108 ], [ -78.045767530805179, 39.283921620569323 ], [ -78.045775172074627, 39.283920337572525 ], [ -78.045820352311097, 39.283916296128751 ], [ -78.045827292363455, 39.283916207508852 ], [ -78.0458599089838, 39.283908061457268 ], [ -78.04590436196024, 39.283900597913856 ], [ -78.045949542060086, 39.283896556506157 ], [ -78.045995014472609, 39.28389597600988 ], [ -78.046093647539962, 39.283898480438516 ], [ -78.046138974219403, 39.28390136644822 ], [ -78.046169446944901, 39.283905673846327 ], [ -78.046200583437553, 39.283900445993673 ], [ -78.046245763647065, 39.283896404383142 ], [ -78.04629123594853, 39.283895823767971 ], [ -78.046336562639226, 39.283898709700892 ], [ -78.046381307068586, 39.283905034430497 ], [ -78.04642503826966, 39.283914737018819 ], [ -78.046467335220555, 39.283927723989933 ], [ -78.046507790511768, 39.283943870323945 ], [ -78.046546014588742, 39.283963020555419 ], [ -78.046581639284625, 39.283984990214357 ], [ -78.046614321569493, 39.284009567632829 ], [ -78.046623862791563, 39.284017483219635 ], [ -78.046633403896195, 39.284025398892794 ], [ -78.046651484814035, 39.284041958110478 ], [ -78.046671568467104, 39.284057061221269 ], [ -78.046681109582451, 39.284064976890861 ], [ -78.046690650703738, 39.284072892469766 ], [ -78.04672007588772, 39.284099841096364 ], [ -78.04674596039213, 39.28412890133697 ], [ -78.046761000733795, 39.284149930133239 ], [ -78.046762276616036, 39.284150716985565 ], [ -78.04679495903703, 39.284175294447948 ], [ -78.046804500185942, 39.284183210018433 ], [ -78.046833925459012, 39.284210158619189 ], [ -78.046859810165742, 39.284239218840248 ], [ -78.046871484879333, 39.284255541987228 ], [ -78.0468905282072, 39.284272982489433 ], [ -78.046916412955881, 39.284302042789356 ], [ -78.046936952720202, 39.284330760482248 ], [ -78.046958252032852, 39.284328855052848 ], [ -78.047003724630031, 39.284328274079435 ], [ -78.047053041510253, 39.284329525888396 ], [ -78.047098368526036, 39.284332411625918 ], [ -78.047143113320161, 39.284338735985024 ], [ -78.047186844910897, 39.284348438300398 ], [ -78.047209420516765, 39.28435536978909 ], [ -78.047216112960825, 39.284356854536597 ], [ -78.047258410333569, 39.284369841324711 ], [ -78.047298866072367, 39.284385987398942 ], [ -78.047315168045202, 39.284394154427844 ], [ -78.047338126035754, 39.284397399399964 ], [ -78.047381857694077, 39.284407101644298 ], [ -78.047424155134749, 39.284420088284335 ], [ -78.047464611059311, 39.284436234306241 ], [ -78.047502835680433, 39.284455384151826 ], [ -78.047538460934291, 39.284477353536801 ], [ -78.047571143785575, 39.284501930795884 ], [ -78.047580685068084, 39.28450984630728 ], [ -78.047590226352725, 39.284517761817966 ], [ -78.047599767639525, 39.284525677327949 ], [ -78.047629193365751, 39.284552625743075 ], [ -78.047655078526333, 39.284581685892853 ], [ -78.04766139309632, 39.284590514412777 ], [ -78.047703581318757, 39.284591585039543 ], [ -78.047748908549522, 39.284594470440766 ], [ -78.047793653579745, 39.284600794647787 ], [ -78.047837385436722, 39.284610496727673 ], [ -78.047879683092233, 39.284623483209423 ], [ -78.047920139129985, 39.284639629077823 ], [ -78.047958363988229, 39.28465877887195 ], [ -78.047993989496391, 39.284680748035996 ], [ -78.048011130669451, 39.284693637901803 ], [ -78.048016519031364, 39.284695788394444 ], [ -78.048054743947517, 39.284714938158878 ], [ -78.048090369627104, 39.284736907388357 ], [ -78.048123052684431, 39.284761484410318 ], [ -78.04813259417746, 39.284769399972753 ], [ -78.04814213556061, 39.284777315441545 ], [ -78.048151676945892, 39.284785230909606 ], [ -78.048181102995272, 39.284812179196159 ], [ -78.048206988368946, 39.284841239141315 ], [ -78.048219047040533, 39.284858098266895 ], [ -78.048224018566685, 39.284857263469149 ], [ -78.048269199328331, 39.284853221091772 ], [ -78.048314672283027, 39.28485263970812 ], [ -78.048348764305373, 39.284853504685479 ], [ -78.048392341521364, 39.28484618733502 ], [ -78.048437522154487, 39.284842144888643 ], [ -78.048482995220525, 39.284841563441766 ], [ -78.04854217596494, 39.28484306487389 ], [ -78.048556947452127, 39.284844005091053 ], [ -78.048571766396705, 39.284843815580182 ], [ -78.04858162983561, 39.284844065812941 ], [ -78.048626957170512, 39.284846950876315 ], [ -78.048636674206477, 39.284848324176529 ], [ -78.048674348440386, 39.28483891400704 ], [ -78.048697619495428, 39.284835006409125 ], [ -78.048729345897172, 39.28482130132128 ], [ -78.048771071065218, 39.284807240537596 ], [ -78.048814368763203, 39.284796425764114 ], [ -78.048858821949196, 39.284788961098457 ], [ -78.048904002641834, 39.284784918561272 ], [ -78.04894947556636, 39.284784336837419 ], [ -78.048988929418584, 39.284785337637231 ], [ -78.049034256854455, 39.284788222633942 ], [ -78.049079002157725, 39.284794546265147 ], [ -78.049122734341694, 39.284804247872565 ], [ -78.049132429717787, 39.284807224459783 ], [ -78.049167129342663, 39.284812128446482 ], [ -78.049179420465052, 39.284814855121141 ], [ -78.049181242957673, 39.284814971073793 ], [ -78.049225988290843, 39.284821294739537 ], [ -78.049269720515042, 39.284830996293024 ], [ -78.049312018598513, 39.284843982268313 ], [ -78.049352475120855, 39.284860127655044 ], [ -78.049359893156847, 39.284863843807749 ], [ -78.049360843749767, 39.284863831613279 ], [ -78.049390434212114, 39.284864582111844 ], [ -78.049435761613267, 39.284867466861606 ], [ -78.049444567616021, 39.284868711318474 ], [ -78.049453459291229, 39.284867915714706 ], [ -78.04949893239052, 39.28486733387075 ], [ -78.04951865929155, 39.284867834178641 ], [ -78.04956398681901, 39.284870718881628 ], [ -78.049608732231121, 39.284877042402655 ], [ -78.04961968319796, 39.284879471724331 ], [ -78.049656426082308, 39.284879001458783 ], [ -78.049701753622216, 39.284881886198534 ], [ -78.049746499060888, 39.284888209577289 ], [ -78.049750314272046, 39.284889055929177 ], [ -78.04978432946713, 39.284889918537004 ], [ -78.049794177109575, 39.284890545273107 ], [ -78.049804056379543, 39.284890418796785 ], [ -78.049912554754087, 39.284893170174719 ], [ -78.049957882207877, 39.28489605472241 ], [ -78.05000262768101, 39.284902378093783 ], [ -78.050046360084451, 39.284912079270988 ], [ -78.05004664310627, 39.284912166173065 ], [ -78.050059831692124, 39.284913005434234 ], [ -78.050079590236521, 39.28491275252577 ], [ -78.050099317276405, 39.284913252738704 ], [ -78.050144644755349, 39.284916137214353 ], [ -78.050189390262503, 39.284922460514942 ], [ -78.050233122704725, 39.284932161713314 ], [ -78.050247810360432, 39.284936670840573 ], [ -78.050270197280696, 39.28493466752321 ], [ -78.050286239520773, 39.284934462146289 ], [ -78.050289705367263, 39.284933596380185 ], [ -78.050334158519618, 39.284926131147891 ], [ -78.05035226616296, 39.284924510730285 ], [ -78.050369256825405, 39.284920266542791 ], [ -78.050413710074693, 39.284912801372357 ], [ -78.050458890683885, 39.284908758137639 ], [ -78.050504363826036, 39.284908175901087 ], [ -78.050549691444076, 39.28491106022225 ], [ -78.050594436878484, 39.284917383365269 ], [ -78.050619176065155, 39.28492287111068 ], [ -78.050643432561088, 39.284926298885281 ], [ -78.050687165194944, 39.284935999918261 ], [ -78.050729463635008, 39.284948985389953 ], [ -78.050730834951324, 39.28494953264962 ], [ -78.050740914715846, 39.284951768618058 ], [ -78.050741102207212, 39.284951795081724 ], [ -78.050783972917344, 39.284961304867501 ], [ -78.050798338001911, 39.284961669032178 ], [ -78.050843665673625, 39.284964553240471 ], [ -78.050888411291197, 39.284970876275523 ], [ -78.050891723707053, 39.284971611020758 ], [ -78.050895090696898, 39.284971045597231 ], [ -78.050940271443594, 39.284967002178774 ], [ -78.050985744515543, 39.284966419752273 ], [ -78.050995607993116, 39.284966669781205 ], [ -78.051040935680973, 39.284969553913022 ], [ -78.051085681324253, 39.28497587687292 ], [ -78.051129413944309, 39.284985577740017 ], [ -78.051171712505592, 39.284998563054927 ], [ -78.051212169583067, 39.285014707813708 ], [ -78.051250395608776, 39.285033856476126 ], [ -78.051266647165122, 39.285043877526121 ], [ -78.05127917968305, 39.285039653982928 ], [ -78.051322477198937, 39.285028838266477 ], [ -78.05136693044301, 39.285021372640429 ], [ -78.051412111090826, 39.285017329035881 ], [ -78.051416701685156, 39.285017270260184 ], [ -78.051421755706656, 39.285016007709196 ], [ -78.051466208934357, 39.285008542044451 ], [ -78.051511389682588, 39.285004498493727 ], [ -78.051556862788146, 39.28500391584457 ], [ -78.051635770926381, 39.285005915673146 ], [ -78.051645618611417, 39.285006542253655 ], [ -78.051655497904278, 39.285006415620479 ], [ -78.051665361393418, 39.285006665592896 ], [ -78.051677287778119, 39.285007424396838 ], [ -78.051683527814447, 39.285006376386306 ], [ -78.051728708557832, 39.285002332660589 ], [ -78.051774181781298, 39.285001749929243 ], [ -78.051862953423097, 39.285003999566122 ], [ -78.051892496491561, 39.285005879157652 ], [ -78.051922134484542, 39.285005499285525 ], [ -78.051981315550407, 39.285006998974893 ], [ -78.05202664332883, 39.285009882724879 ], [ -78.052071388994364, 39.285016205306761 ], [ -78.052091105432496, 39.285020578670995 ], [ -78.052103200544209, 39.285019496129202 ], [ -78.052148673669095, 39.285018913248734 ], [ -78.052158537280164, 39.285019163182376 ], [ -78.052203864962223, 39.285022046860888 ], [ -78.052248610775266, 39.285028369288383 ], [ -78.052292343615719, 39.285038069725246 ], [ -78.052334642449651, 39.285051054626294 ], [ -78.052346863136137, 39.285055931230659 ], [ -78.052380150593208, 39.285063314743176 ], [ -78.052422449460309, 39.285076299613415 ], [ -78.052440240547313, 39.28508339903447 ], [ -78.052452327478235, 39.285087109507955 ], [ -78.052453493681313, 39.285087274273373 ], [ -78.052497226706876, 39.285096974638464 ], [ -78.052539525618187, 39.285109959467633 ], [ -78.052579983102689, 39.28512610376449 ], [ -78.052618209584665, 39.285145252083268 ], [ -78.052623063400816, 39.285148244992193 ], [ -78.052628336116967, 39.285150349011914 ], [ -78.052632472644348, 39.285152421093258 ], [ -78.052647741598378, 39.285158514022456 ], [ -78.052685968121082, 39.285177662230247 ], [ -78.052721595564648, 39.285199630102831 ], [ -78.052754280642176, 39.285224205983639 ], [ -78.052763822628776, 39.285232121094673 ], [ -78.052773975736656, 39.285241418280975 ], [ -78.052777481482721, 39.285242195886561 ], [ -78.052819780534293, 39.285255180708745 ], [ -78.052821151874269, 39.285255727944573 ], [ -78.052836019719194, 39.285259025700697 ], [ -78.052878318796658, 39.285272010412363 ], [ -78.052889158757026, 39.285276335974181 ], [ -78.052913934941543, 39.285277912036598 ], [ -78.052958680993527, 39.285284234289151 ], [ -78.053002414106004, 39.285293934468292 ], [ -78.053044713238663, 39.28530691912129 ], [ -78.053055394280747, 39.285311181275937 ], [ -78.053074455784156, 39.285310936777179 ], [ -78.053173091465794, 39.285313435283783 ], [ -78.053218419519368, 39.285316318578303 ], [ -78.053263165514593, 39.28532264071265 ], [ -78.0533068988195, 39.285332340692619 ], [ -78.05334919803434, 39.285345325327768 ], [ -78.0533565414907, 39.285348255596865 ], [ -78.053368087986144, 39.28534631627992 ], [ -78.053369502274776, 39.28534583960645 ], [ -78.053412799713087, 39.285335023016927 ], [ -78.053446635412413, 39.285329339994533 ], [ -78.053459238887299, 39.285325092247874 ], [ -78.053502536297103, 39.285314275713894 ], [ -78.053514477377192, 39.285312270073781 ], [ -78.053517435841329, 39.285310991922131 ], [ -78.053533183122198, 39.285305684572357 ], [ -78.053537484397665, 39.285303826318128 ], [ -78.053579209119732, 39.285289763787027 ], [ -78.053622506491735, 39.28527894720677 ], [ -78.053666959590643, 39.285271480695314 ], [ -78.053712140439742, 39.28526743620106 ], [ -78.053757613751486, 39.285266852696836 ], [ -78.053805286334367, 39.285268060004313 ], [ -78.053809102622012, 39.285265543005409 ], [ -78.053846495262533, 39.285245424676461 ], [ -78.053886245202392, 39.285228251554663 ], [ -78.053927969700794, 39.285214188890954 ], [ -78.053971266983638, 39.28520337208689 ], [ -78.054015720001701, 39.285195905528759 ], [ -78.054060900790319, 39.285191860896305 ], [ -78.054106374058719, 39.285191277253709 ], [ -78.054135964785388, 39.285192026551471 ], [ -78.054181292823998, 39.285194909469141 ], [ -78.054226038852477, 39.285201231233351 ], [ -78.05426977223857, 39.285210930853445 ], [ -78.054287985349362, 39.285216521570931 ], [ -78.054290965587143, 39.285215777075663 ], [ -78.054291615504837, 39.285215496250359 ], [ -78.054297053331851, 39.285213663502709 ], [ -78.054302147624995, 39.285210922554299 ], [ -78.054341897443109, 39.285193749271649 ], [ -78.054357644055287, 39.285188441972075 ], [ -78.054361945893774, 39.285186583430907 ], [ -78.054403670398116, 39.285172520594763 ], [ -78.054446967588916, 39.285161703699686 ], [ -78.05449142054492, 39.285154236866703 ], [ -78.05452993215313, 39.285150789100335 ], [ -78.054566294297615, 39.285141704672554 ], [ -78.05461074734302, 39.28513423788587 ], [ -78.054655927956134, 39.2851301930164 ], [ -78.054701401310012, 39.285129609142281 ], [ -78.054800036881801, 39.285132106261102 ], [ -78.054845364809594, 39.285134988916496 ], [ -78.054890110991863, 39.285141310428905 ], [ -78.054933844448541, 39.285151009801332 ], [ -78.054976143894265, 39.285163993852123 ], [ -78.055003951051916, 39.285175089392844 ], [ -78.055029239090459, 39.285168771530813 ], [ -78.055073692003035, 39.285161304473007 ], [ -78.05511887273407, 39.285157259426221 ], [ -78.055164346113017, 39.285156675371525 ], [ -78.05519393673751, 39.285157424396949 ], [ -78.055239264823172, 39.285160306902931 ], [ -78.055284010950601, 39.285166628262722 ], [ -78.055296302184502, 39.285169354206005 ], [ -78.055298124930232, 39.285169470159339 ], [ -78.055342871185971, 39.285175791499832 ], [ -78.055355162995568, 39.285178517631678 ], [ -78.055356985050679, 39.285178633476534 ], [ -78.055401731322704, 39.285184954704782 ], [ -78.055445464769377, 39.285194653975445 ], [ -78.055487764350943, 39.285207637754574 ], [ -78.055489136168433, 39.285208185151397 ], [ -78.055504003806533, 39.285211482471929 ], [ -78.055527506154419, 39.285218696428686 ], [ -78.055528672828231, 39.285218861265321 ], [ -78.055567619461186, 39.285227498845281 ], [ -78.055567805801388, 39.28522752518198 ], [ -78.055592545550937, 39.285233011887641 ], [ -78.055616802460975, 39.285236438637654 ], [ -78.055660536093626, 39.285246137742618 ], [ -78.055683113266028, 39.285253067726238 ], [ -78.055689805656854, 39.285254551986988 ], [ -78.055713308040353, 39.285261765907386 ], [ -78.05571447471543, 39.285261930742209 ], [ -78.055758208259959, 39.285271629898574 ], [ -78.055800507951986, 39.285284613567711 ], [ -78.055840966355618, 39.285300756761494 ], [ -78.055879193886327, 39.285319904044783 ], [ -78.055914822343993, 39.285341870975927 ], [ -78.055947508662442, 39.28536644591329 ], [ -78.055949854067762, 39.285368391293943 ], [ -78.055994719748341, 39.285369526671062 ], [ -78.056040048022865, 39.285372408871147 ], [ -78.056084794375693, 39.285378729930358 ], [ -78.056128398266893, 39.285388400173588 ], [ -78.056132167848745, 39.285388351695723 ], [ -78.056177496144358, 39.285391233842866 ], [ -78.056222242524797, 39.285397554850093 ], [ -78.05624698239329, 39.285403041420565 ], [ -78.056271239402065, 39.285406468037358 ], [ -78.056314973241228, 39.285416166993308 ], [ -78.056357273134338, 39.285429150466783 ], [ -78.05635864450781, 39.285429697662032 ], [ -78.05637351258359, 39.285432994973348 ], [ -78.056415812498784, 39.285445978426274 ], [ -78.056456271147979, 39.285462121414426 ], [ -78.056464544825246, 39.285466265413071 ], [ -78.05649508336576, 39.285478450286874 ], [ -78.056533311185831, 39.285497597274976 ], [ -78.056568939947411, 39.285519564016234 ], [ -78.056577600858944, 39.285526075518575 ], [ -78.056597087766093, 39.285535835816042 ], [ -78.056611327776352, 39.2855378473634 ], [ -78.056620674960882, 39.285539920243195 ], [ -78.056649158958379, 39.285539554021554 ], [ -78.056718204334544, 39.285541300872495 ], [ -78.056763532763142, 39.285544182885715 ], [ -78.056808279426662, 39.28555050358586 ], [ -78.05681579767608, 39.285552170919388 ], [ -78.056842120775585, 39.285553844466911 ], [ -78.056886867334597, 39.285560165224346 ], [ -78.056930601371505, 39.285569863865341 ], [ -78.05697290147954, 39.285582847212311 ], [ -78.057013360345877, 39.285598990014087 ], [ -78.05705158838154, 39.285618136839254 ], [ -78.057087217374061, 39.285640103429721 ], [ -78.057119904252076, 39.285664678147121 ], [ -78.057120637596896, 39.285665286396892 ], [ -78.057138113720825, 39.285674039483141 ], [ -78.057173742773102, 39.285696005959025 ], [ -78.057206429707733, 39.285720580654029 ], [ -78.057215972283117, 39.285728495420592 ], [ -78.057225514860676, 39.285736410186459 ], [ -78.05723505755239, 39.285744325044512 ], [ -78.057244600134212, 39.285752239808943 ], [ -78.057274030084315, 39.28577918593458 ], [ -78.057299919795838, 39.2858082440098 ], [ -78.057305330168788, 39.28581580633103 ], [ -78.057327156751029, 39.285826738333746 ], [ -78.057334250594167, 39.285827189286415 ], [ -78.057378997497835, 39.285833509865384 ], [ -78.057422731666435, 39.285843208326931 ], [ -78.057465032038223, 39.285856191503974 ], [ -78.057505491182042, 39.285872334144067 ], [ -78.057543719506228, 39.285891480817327 ], [ -78.057579348911318, 39.285913447270097 ], [ -78.057612036091541, 39.285938021859437 ], [ -78.057621578742769, 39.285945936595311 ], [ -78.057651009035851, 39.285972882636202 ], [ -78.057676898859285, 39.286001940632303 ], [ -78.057698999103536, 39.286032830786425 ], [ -78.05770582935429, 39.286045068216985 ], [ -78.057708220764042, 39.286048410779472 ], [ -78.057726318421373, 39.286080835648249 ], [ -78.057736482254569, 39.286105402061985 ], [ -78.057744440756167, 39.286119660983815 ], [ -78.05775836169731, 39.286153308162838 ], [ -78.057767971551357, 39.286187853644066 ], [ -78.057767993245662, 39.286187999950869 ], [ -78.057776551342499, 39.286218764253185 ], [ -78.057779486411434, 39.286238558172286 ], [ -78.057788985834151, 39.286237707485299 ], [ -78.057834459840905, 39.286237122408998 ], [ -78.057852163092619, 39.286237570127412 ], [ -78.057853332318984, 39.286236940992964 ], [ -78.057893081941188, 39.286219766487839 ], [ -78.057908828195096, 39.286214458877794 ], [ -78.057913130367339, 39.286212600033124 ], [ -78.057954854862871, 39.28619853592074 ], [ -78.057998152232088, 39.286187717707975 ], [ -78.058042605551989, 39.286180249528513 ], [ -78.05808778683992, 39.286176203436824 ], [ -78.058133260811644, 39.286175618242034 ], [ -78.058196945026239, 39.286177228650082 ], [ -78.058240522161697, 39.286169907598804 ], [ -78.05828570344012, 39.286165861339505 ], [ -78.058331177524124, 39.286165276069909 ], [ -78.058350904946138, 39.286165774895146 ], [ -78.058396233886981, 39.286168656199301 ], [ -78.058440981011785, 39.286174976378085 ], [ -78.058484715673899, 39.286184674546128 ], [ -78.058527016471828, 39.286197657261319 ], [ -78.058567476074842, 39.286213799547674 ], [ -78.058570321315088, 39.286215224569069 ], [ -78.058582069378815, 39.286217829683309 ], [ -78.058624370216577, 39.286230812364451 ], [ -78.058664829862707, 39.286246954618399 ], [ -78.058703058724532, 39.286266100929033 ], [ -78.058738688581585, 39.286288067043238 ], [ -78.058771376354244, 39.286312641327186 ], [ -78.058780919190397, 39.286320555974314 ], [ -78.058800004984946, 39.286336385269372 ], [ -78.058829435787516, 39.286363331030735 ], [ -78.058855326361027, 39.28639238887952 ], [ -78.058877427249939, 39.286423278832075 ], [ -78.058895525548238, 39.286455703451118 ], [ -78.058909446990427, 39.286489350511069 ], [ -78.058913419787189, 39.286503630928699 ], [ -78.058921976740677, 39.286511465237936 ], [ -78.058947867288765, 39.286540523066044 ], [ -78.058964039645744, 39.286563126702326 ], [ -78.058999897167666, 39.286559915212472 ], [ -78.059045371518664, 39.286559329672968 ], [ -78.059065099063901, 39.286559828381364 ], [ -78.059110428304905, 39.286562709417588 ], [ -78.059155175875944, 39.286569029335965 ], [ -78.059198910779813, 39.286578727244851 ], [ -78.059241211958948, 39.286591709713392 ], [ -78.059281671963163, 39.286607851765019 ], [ -78.059319901192495, 39.286626997975567 ], [ -78.05935553143425, 39.286648963823765 ], [ -78.059388219593785, 39.286673537947472 ], [ -78.059397762664958, 39.286681452550937 ], [ -78.05940730561872, 39.286689367240783 ], [ -78.059414337331972, 39.28669519909964 ], [ -78.059443860162617, 39.286704259768399 ], [ -78.059484320281086, 39.286720401753428 ], [ -78.059522549629222, 39.286739547901426 ], [ -78.059558180108979, 39.286761513694628 ], [ -78.059590868392959, 39.28678608776562 ], [ -78.059600411386739, 39.286794002350831 ], [ -78.059629842805819, 39.286820947929527 ], [ -78.059652425700307, 39.286846292913438 ], [ -78.059667694017506, 39.286860271620569 ], [ -78.059689284423243, 39.286884502560447 ], [ -78.059703702851309, 39.286879642293655 ], [ -78.05974700042222, 39.286868823346346 ], [ -78.059791454030005, 39.286861354598187 ], [ -78.059836635704244, 39.286857307750005 ], [ -78.059863043536538, 39.286856967550165 ], [ -78.059870685627871, 39.286855683557334 ], [ -78.059870874943869, 39.286855666631304 ], [ -78.059872811268662, 39.286855341262829 ], [ -78.059895920467596, 39.286849566886985 ], [ -78.059940374054548, 39.286842097990807 ], [ -78.059985555711378, 39.286838051083926 ], [ -78.0600310302586, 39.286837465165405 ], [ -78.060074910879095, 39.286838574083838 ], [ -78.060078788659169, 39.286837922568829 ], [ -78.06012397030868, 39.286833875607762 ], [ -78.060169444855433, 39.28683328963492 ], [ -78.060268083302049, 39.286835782211575 ], [ -78.060313412683442, 39.286838662784312 ], [ -78.060358160566096, 39.28684498225013 ], [ -78.060401895837771, 39.286854679628824 ], [ -78.060444197426079, 39.2868676617638 ], [ -78.060484658003958, 39.286883803415463 ], [ -78.060522887735459, 39.286902949157714 ], [ -78.060558518507563, 39.286924914745825 ], [ -78.060591207231795, 39.286949488551024 ], [ -78.060600750364543, 39.286957403059041 ], [ -78.060610293499437, 39.286965317566356 ], [ -78.060619836636462, 39.286973232072953 ], [ -78.060629379887672, 39.286981146671756 ], [ -78.060648466172466, 39.286996975681397 ], [ -78.060658009318075, 39.287004890185138 ], [ -78.060667552465844, 39.287012804688189 ], [ -78.060677095727769, 39.287020719283426 ], [ -78.060686638879815, 39.287028633785035 ], [ -78.060696182034022, 39.28703654828594 ], [ -78.06070572519036, 39.287044462786127 ], [ -78.060735157150177, 39.287071408103998 ], [ -78.060751950829811, 39.287090255139859 ], [ -78.060764142801375, 39.287089163065303 ], [ -78.060781350844323, 39.287083362295988 ], [ -78.060824648398139, 39.287072543036125 ], [ -78.060869102166976, 39.287065073789584 ], [ -78.06091428393718, 39.287061026525301 ], [ -78.060959758528142, 39.287060440245725 ], [ -78.060964183999971, 39.287060552048501 ], [ -78.060968061670224, 39.287059900501077 ], [ -78.061013243433763, 39.287055853197984 ], [ -78.061039651930827, 39.287055512748111 ], [ -78.06104729344456, 39.287054228753348 ], [ -78.061092475085999, 39.28705018141622 ], [ -78.061137949788602, 39.287049595069547 ], [ -78.061207150015747, 39.287051343181709 ], [ -78.061211356979783, 39.287049925029727 ], [ -78.061215658299133, 39.287048066401184 ], [ -78.061257382598498, 39.287034001096075 ], [ -78.061300680062885, 39.287023181564905 ], [ -78.061345133757129, 39.28701571222318 ], [ -78.061390315479514, 39.287011664771612 ], [ -78.061435790046147, 39.287011078304474 ], [ -78.061479649059677, 39.287012186147678 ], [ -78.061494438920477, 39.287004227542461 ], [ -78.06153418817604, 39.286987051777075 ], [ -78.061575912381713, 39.28697298635371 ], [ -78.061581582119715, 39.286971569551376 ], [ -78.06161504963076, 39.286953560172485 ], [ -78.061654798833715, 39.286936384273531 ], [ -78.061696522987191, 39.286922318804734 ], [ -78.061739820320398, 39.286911499194666 ], [ -78.061784273910746, 39.286904029590474 ], [ -78.061829455542451, 39.286899982054479 ], [ -78.06183128348502, 39.286899958494807 ], [ -78.061843777671641, 39.286897859036394 ], [ -78.061888959301129, 39.286893811387039 ], [ -78.061913815618894, 39.286893490722569 ], [ -78.061924994898575, 39.286889722095552 ], [ -78.061968292181504, 39.286878902398257 ], [ -78.061983404811983, 39.286876362952917 ], [ -78.06198481919597, 39.286875886176603 ], [ -78.0620281164624, 39.286865066456336 ], [ -78.062072569999245, 39.286857596739566 ], [ -78.062117751595054, 39.286853548999765 ], [ -78.06215669813561, 39.286853046479493 ], [ -78.062156987842641, 39.286852974069895 ], [ -78.062163790979142, 39.286851830893092 ], [ -78.062186900016968, 39.286846056054664 ], [ -78.062231353412756, 39.286838586273142 ], [ -78.062276534990957, 39.286834538470799 ], [ -78.062322009457063, 39.286833951652376 ], [ -78.062377594089298, 39.286835355246524 ], [ -78.062404866536738, 39.286828539878975 ], [ -78.062449320015375, 39.286821070105688 ], [ -78.062494501459184, 39.286817022214812 ], [ -78.062539976033236, 39.286816435313547 ], [ -78.062579431508098, 39.286817431551185 ], [ -78.062624761028943, 39.286820311225803 ], [ -78.062669509163712, 39.286826629809376 ], [ -78.062713244913553, 39.286836326333116 ], [ -78.062755546971061, 39.286849307642782 ], [ -78.062756918541979, 39.286849854768313 ], [ -78.06277178715024, 39.286853151280425 ], [ -78.062794365274215, 39.286860079828614 ], [ -78.062801058223684, 39.286861563696952 ], [ -78.062823636125714, 39.286868492143832 ], [ -78.062830329420336, 39.286869976109273 ], [ -78.062872631525792, 39.286882957287879 ], [ -78.062913092603921, 39.286899098202824 ], [ -78.062917229333493, 39.286901169747196 ], [ -78.062932499975332, 39.286907261560842 ], [ -78.062936636930061, 39.286909333290389 ], [ -78.0629519072356, 39.286915424912863 ], [ -78.062990137703608, 39.286934569959719 ], [ -78.063025769314166, 39.286956534731303 ], [ -78.063058458959446, 39.286981107875832 ], [ -78.06306800238707, 39.286989022191939 ], [ -78.063077545932657, 39.286996936510263 ], [ -78.063104531090175, 39.287021640571623 ], [ -78.063123324483698, 39.287027407620052 ], [ -78.063157080616563, 39.287040873549024 ], [ -78.063158622252956, 39.287040971472919 ], [ -78.063203370472223, 39.287047289854989 ], [ -78.063247106440187, 39.287056986275537 ], [ -78.063270610743288, 39.287064198909988 ], [ -78.063271777011082, 39.287064363569037 ], [ -78.063315512888551, 39.287074059871657 ], [ -78.063338091486102, 39.287080988417515 ], [ -78.063344784238197, 39.287082472249857 ], [ -78.063387086576057, 39.287095453249279 ], [ -78.063427547906841, 39.287111593903745 ], [ -78.063431684664863, 39.287113665430802 ], [ -78.063446955400636, 39.287119757180115 ], [ -78.063473292256106, 39.287132946014914 ], [ -78.063484123693087, 39.287136269713621 ], [ -78.063524585071235, 39.287152410335949 ], [ -78.063528721718839, 39.28715448185681 ], [ -78.063543992588308, 39.287160573596907 ], [ -78.06355226668154, 39.287164717017596 ], [ -78.063582807401076, 39.287176900193714 ], [ -78.063597757985534, 39.287184386923592 ], [ -78.063600568341627, 39.287185249350038 ], [ -78.063634324648675, 39.287198715146431 ], [ -78.063635866289601, 39.287198813064151 ], [ -78.063680614778832, 39.287205131270703 ], [ -78.063724350805089, 39.287214827514759 ], [ -78.063746928920892, 39.287221755789687 ], [ -78.063753622271562, 39.287223239703906 ], [ -78.063776200852701, 39.287230168075041 ], [ -78.06378289362965, 39.28723165188304 ], [ -78.063812641075202, 39.287240780178777 ], [ -78.06383553271543, 39.287240484468896 ], [ -78.063865124563222, 39.287241231326547 ], [ -78.063910454556492, 39.287244110514919 ], [ -78.06395520298986, 39.287250428614847 ], [ -78.063965108411409, 39.287252624630966 ], [ -78.063979181709755, 39.287253518518057 ], [ -78.064023930276477, 39.287259836504909 ], [ -78.064062879017584, 39.287268471312615 ], [ -78.064063065714592, 39.287268497644753 ], [ -78.064102014585629, 39.287277132352614 ], [ -78.064102201051071, 39.287277158678855 ], [ -78.064106016133337, 39.287278004469066 ], [ -78.064110441631371, 39.287278116152777 ], [ -78.06413883589812, 39.287279919599399 ], [ -78.064148336660082, 39.287278322969421 ], [ -78.064193518343131, 39.287274274425918 ], [ -78.064238993240949, 39.287273686870726 ], [ -78.064248857159726, 39.287273935789123 ], [ -78.064294187199096, 39.287276814829262 ], [ -78.064338935696924, 39.287283132783536 ], [ -78.064377883693012, 39.287291767287179 ], [ -78.064378071197083, 39.287291793729267 ], [ -78.064421807505113, 39.28730148971939 ], [ -78.064445311568349, 39.287308701932055 ], [ -78.064446478303125, 39.287308866681258 ], [ -78.064485974671939, 39.287317622728523 ], [ -78.064514327390086, 39.287308064085956 ], [ -78.064557624596276, 39.287297243419637 ], [ -78.064602078085187, 39.287289772733352 ], [ -78.06464725987631, 39.287285724015717 ], [ -78.064692734673045, 39.287285136280254 ], [ -78.064712462637758, 39.287285634042398 ], [ -78.064757792599167, 39.287288512899828 ], [ -78.064802541273053, 39.287294830680423 ], [ -78.06484627753575, 39.287304526510191 ], [ -78.064888580316648, 39.287317506978354 ], [ -78.064922587811409, 39.287331072430035 ], [ -78.064952638122378, 39.287337734149553 ], [ -78.06497686780969, 39.287338345441526 ], [ -78.064981791969771, 39.287338658131617 ], [ -78.064986731859861, 39.287338594300692 ], [ -78.064996595794355, 39.287338843156085 ], [ -78.065011368039933, 39.287339781307381 ], [ -78.065026187598562, 39.287339589717305 ], [ -78.065134691237461, 39.287342327052933 ], [ -78.065179552316309, 39.287345175990488 ], [ -78.065192314082395, 39.287343031212721 ], [ -78.065192502700398, 39.28734301435049 ], [ -78.065194439255009, 39.287342688808849 ], [ -78.065201886672583, 39.287340827600723 ], [ -78.065202536215736, 39.287340546884842 ], [ -78.065244259983274, 39.287326480125806 ], [ -78.06527587117904, 39.287318579722104 ], [ -78.065294220181059, 39.287312393569792 ], [ -78.065337517287901, 39.287301572608591 ], [ -78.065381970715237, 39.287294101621058 ], [ -78.065427152479373, 39.287290052688718 ], [ -78.065428980550237, 39.287290029075734 ], [ -78.065441474723585, 39.28728792922935 ], [ -78.0654866563697, 39.287283880180688 ], [ -78.065532131294546, 39.287283292119497 ], [ -78.065561723089587, 39.287284038543724 ], [ -78.065576495451523, 39.287284976625976 ], [ -78.065591315001527, 39.287284784963369 ], [ -78.065636645135655, 39.287287663482353 ], [ -78.065679451571881, 39.287293706722572 ], [ -78.065717985582467, 39.287287230476743 ], [ -78.065763167334694, 39.287283181322906 ], [ -78.065808642263519, 39.287282593153435 ], [ -78.065897417788889, 39.28728483219566 ], [ -78.065907265995136, 39.287285457584751 ], [ -78.065910369578788, 39.287285417397527 ], [ -78.065915584876706, 39.287284540875213 ], [ -78.065933692808088, 39.287282918037661 ], [ -78.065950683482313, 39.287278671566206 ], [ -78.065995136844379, 39.287271200341188 ], [ -78.066019629901064, 39.287269005318052 ], [ -78.066044776749592, 39.287264778864539 ], [ -78.066089958476368, 39.287260729582435 ], [ -78.066104077113835, 39.287260546933112 ], [ -78.066114144629012, 39.287258854890723 ], [ -78.066159326233844, 39.287254805578435 ], [ -78.066204801150633, 39.287254217253192 ], [ -78.066244257000889, 39.287255212258202 ], [ -78.066289587042874, 39.287258090519963 ], [ -78.066334335872227, 39.287264407715433 ], [ -78.066359076623186, 39.287269892079571 ], [ -78.066383335587801, 39.287273316735934 ], [ -78.066408076917853, 39.287278801284479 ], [ -78.066432335317046, 39.287282225736242 ], [ -78.066476071835396, 39.287291920961081 ], [ -78.066518374947236, 39.287304900847289 ], [ -78.066558837299524, 39.287321040446066 ], [ -78.066597069039247, 39.287340184351059 ], [ -78.066599689196579, 39.287341799438572 ], [ -78.066621761137867, 39.287343200801729 ], [ -78.066666510058852, 39.287349517872407 ], [ -78.066671641263795, 39.287350655309382 ], [ -78.066679659026448, 39.287351164393122 ], [ -78.066694478596219, 39.287350972590289 ], [ -78.066733934518084, 39.287351967431398 ], [ -78.066779264770105, 39.28735484550824 ], [ -78.066824013600595, 39.287361162516191 ], [ -78.066828548909569, 39.28736216781072 ], [ -78.066832254236104, 39.287362119888918 ], [ -78.066842102466438, 39.287362745199516 ], [ -78.06685198214447, 39.287362617286448 ], [ -78.066861846214621, 39.287362865986879 ], [ -78.066907176366215, 39.287365744011396 ], [ -78.066951925337733, 39.287372060883726 ], [ -78.06699566199525, 39.287381755917771 ], [ -78.067022308493392, 39.287389931747839 ], [ -78.067058165763328, 39.287390835752163 ], [ -78.067103495945716, 39.287393713701086 ], [ -78.067148244953543, 39.28740003058914 ], [ -78.067152060085348, 39.287400876281012 ], [ -78.067186077490859, 39.287401733862502 ], [ -78.067205774092443, 39.287402984336495 ], [ -78.067225533458611, 39.287402728538083 ], [ -78.067245261501114, 39.287403225872339 ], [ -78.06729059170371, 39.287406103748893 ], [ -78.067335340740698, 39.287412420565865 ], [ -78.067339156335251, 39.287413266353383 ], [ -78.067348006447602, 39.287413489452128 ], [ -78.067351884558576, 39.287412837611988 ], [ -78.067397066221716, 39.2874087878198 ], [ -78.067442541258202, 39.287408199013747 ], [ -78.067487871476885, 39.287411076813818 ], [ -78.067532620539509, 39.287417393555636 ], [ -78.067576357434518, 39.287427088378152 ], [ -78.067585332265807, 39.287429842041952 ], [ -78.067593706115019, 39.28742909145415 ], [ -78.06763918116782, 39.287428502571622 ], [ -78.067702790167459, 39.287430105884937 ], [ -78.067706668276813, 39.287429454032868 ], [ -78.067751850050897, 39.287425404195332 ], [ -78.067755398105419, 39.28742535822569 ], [ -78.067766530136623, 39.287420547264652 ], [ -78.067808253496437, 39.287406479567984 ], [ -78.067851550333188, 39.28739565765818 ], [ -78.067896003729018, 39.287388185704508 ], [ -78.067896193045343, 39.287388168765389 ], [ -78.067935779627831, 39.287381514807073 ], [ -78.067980961251195, 39.287377464785898 ], [ -78.068026436276753, 39.28737687575051 ], [ -78.068080258061613, 39.287378232191905 ], [ -78.068123835263222, 39.28737090751936 ], [ -78.068169016873426, 39.287366857424416 ], [ -78.068214491895105, 39.287366268315147 ], [ -78.068253947879313, 39.287367262641503 ], [ -78.068299278124698, 39.287370140125432 ], [ -78.068333731772867, 39.2873750032971 ], [ -78.068334710457037, 39.287374357633517 ], [ -78.068372100387975, 39.287354234524074 ], [ -78.0684118483113, 39.287337056351966 ], [ -78.068419569359676, 39.287334453040671 ], [ -78.068425405578409, 39.287330602653604 ], [ -78.068462795345297, 39.287310479510069 ], [ -78.068502543226671, 39.287293301215087 ], [ -78.068544266494087, 39.287279233248505 ], [ -78.068587563154793, 39.287268411057127 ], [ -78.068632016292639, 39.28726093881297 ], [ -78.068677197930484, 39.287256888519607 ], [ -78.068703606574786, 39.287256546330227 ], [ -78.068711248001918, 39.287255261827269 ], [ -78.068756429633439, 39.287251211502799 ], [ -78.068801904473773, 39.287250622157799 ], [ -78.068999184077867, 39.287255592645735 ], [ -78.069044514415907, 39.287258469840488 ], [ -78.069089263443786, 39.287264785981954 ], [ -78.069098611054528, 39.287266857874677 ], [ -78.069127096110734, 39.287266488625626 ], [ -78.069186279994284, 39.287267979641669 ], [ -78.069231610352503, 39.287270856764046 ], [ -78.069276359409542, 39.287277172834408 ], [ -78.069320096500135, 39.287286867006905 ], [ -78.069322355245376, 39.287287560002206 ], [ -78.0693434642223, 39.287287286312541 ], [ -78.069373056235904, 39.287288031771112 ], [ -78.069418386619219, 39.287290908821433 ], [ -78.069463135710208, 39.287297224821003 ], [ -78.069466950984932, 39.287298070440684 ], [ -78.069500968411262, 39.287298927343997 ], [ -78.069530513193854, 39.287300802506792 ], [ -78.069560152341936, 39.287300418171029 ], [ -78.069570016311502, 39.287300666638806 ], [ -78.06958478876227, 39.287301604213852 ], [ -78.069599608336745, 39.287301412040009 ], [ -78.06969824827442, 39.287303896652574 ], [ -78.069742565522688, 39.287306709320653 ], [ -78.069787024251923, 39.287306132733136 ], [ -78.069796888224289, 39.287306381181722 ], [ -78.069842218531292, 39.287309258064958 ], [ -78.069886967797999, 39.287315573906142 ], [ -78.069930705010833, 39.287325267852921 ], [ -78.069939679933057, 39.287328021338006 ], [ -78.069948053755454, 39.287327270579205 ], [ -78.069993528783726, 39.287326680682476 ], [ -78.070013256738022, 39.287327177544029 ], [ -78.070058587184576, 39.287330054436644 ], [ -78.070103336492821, 39.28733637010577 ], [ -78.07010947602744, 39.287337730884175 ], [ -78.070121441164275, 39.287337575668879 ], [ -78.07012770633564, 39.287337733454819 ], [ -78.070154978458191, 39.287330916251541 ], [ -78.070199431622399, 39.287323443406223 ], [ -78.070244613248278, 39.28731939250185 ], [ -78.070290088156639, 39.287318802575932 ], [ -78.070556416316379, 39.287325509263269 ], [ -78.07060174668527, 39.287328385851964 ], [ -78.070646496050614, 39.287334701403815 ], [ -78.070684409263094, 39.287343104241984 ], [ -78.070727629876714, 39.287339228985424 ], [ -78.070773104805653, 39.287338638870892 ], [ -78.070901336975965, 39.287341867562297 ], [ -78.070946667493715, 39.287344744020359 ], [ -78.070991416792907, 39.287351059438066 ], [ -78.071035154205973, 39.287360752975864 ], [ -78.071077458304913, 39.287373731236258 ], [ -78.071089968733844, 39.287378720744016 ], [ -78.071126931026924, 39.287378241022658 ], [ -78.071172261466998, 39.287381117391028 ], [ -78.071217010930681, 39.287387432726412 ], [ -78.071260748286733, 39.287397126178412 ], [ -78.071261031120017, 39.287397212934351 ], [ -78.071299854663096, 39.287399676446263 ], [ -78.071344604156792, 39.287405991643418 ], [ -78.071388341544846, 39.287415685048458 ], [ -78.071404942619537, 39.287420777949869 ], [ -78.071422877205904, 39.287423308962317 ], [ -78.071435169562591, 39.287426033236876 ], [ -78.071436992409119, 39.287426148940334 ], [ -78.071481741931422, 39.287432464175758 ], [ -78.071494034288605, 39.287435188534211 ], [ -78.071495857023478, 39.287435304143855 ], [ -78.071540606558258, 39.287441619357026 ], [ -78.071548125188912, 39.287443285662341 ], [ -78.07157444978192, 39.287444956009317 ], [ -78.071619199219725, 39.287451271099819 ], [ -78.071662936795761, 39.287460964406904 ], [ -78.071691508600779, 39.287469729589674 ], [ -78.071705713253479, 39.287469545181345 ], [ -78.071962178190418, 39.287476000383961 ], [ -78.072007508863706, 39.287478876433198 ], [ -78.072052258484334, 39.28748519145217 ], [ -78.072059776902179, 39.287486857719166 ], [ -78.072086101650413, 39.287488527864291 ], [ -78.072130851286104, 39.287494842853484 ], [ -78.072174588971563, 39.287504535971685 ], [ -78.072184285810806, 39.287507510686098 ], [ -78.072218988798326, 39.28751240790119 ], [ -78.072224120236072, 39.287513545099792 ], [ -78.072262696127751, 39.287515992509249 ], [ -78.072307445800917, 39.287522307431708 ], [ -78.072313625031242, 39.287523676840543 ], [ -78.072293713463239, 39.287505452398335 ], [ -78.072271125314714, 39.287480109503896 ], [ -78.072255854481696, 39.287466132539542 ], [ -78.072229957803501, 39.287437077545924 ], [ -78.072207850705581, 39.287406189906029 ], [ -78.072189745911942, 39.28737376712315 ], [ -78.07217581785676, 39.287340121411539 ], [ -78.072166200604414, 39.287305576761263 ], [ -78.072160986815433, 39.287270465939244 ], [ -78.07216022672759, 39.287235127130486 ], [ -78.07216392760391, 39.287199900500809 ], [ -78.072172053845421, 39.287165125497175 ], [ -78.07218452716036, 39.287131136798095 ], [ -78.072201227360466, 39.287098261901427 ], [ -78.072221993676763, 39.287066817373969 ], [ -78.072246626037909, 39.287037106000916 ], [ -78.072274887390577, 39.287009413961727 ], [ -78.072278136094653, 39.287006803510522 ], [ -78.072274101195958, 39.287001165937681 ], [ -78.07225599646388, 39.286968743165943 ], [ -78.072242068444694, 39.286935097462063 ], [ -78.072238259458715, 39.286921415794325 ], [ -78.072228614626212, 39.286907940124514 ], [ -78.072210509936923, 39.286875517346935 ], [ -78.072196581955595, 39.286841871638643 ], [ -78.07218696474213, 39.286807327079678 ], [ -78.072181750964177, 39.286772216256985 ], [ -78.07218099085938, 39.28673687735553 ], [ -78.072183226964029, 39.286683219730058 ], [ -78.072186927782482, 39.286647993095201 ], [ -78.07219298353894, 39.286622077877915 ], [ -78.0721890981565, 39.286595912474823 ], [ -78.072188338040633, 39.286560573662406 ], [ -78.072192038846225, 39.286525347026405 ], [ -78.072200164978781, 39.286490571923835 ], [ -78.072212638136349, 39.286456583303284 ], [ -78.072229338143387, 39.286423708392718 ], [ -78.072250104229042, 39.286392263849081 ], [ -78.072274736324204, 39.28636255245771 ], [ -78.072302997378074, 39.286334860398249 ], [ -78.072334615103372, 39.286309454315699 ], [ -78.072369284976304, 39.286286578873806 ], [ -78.072406673117186, 39.286266454395175 ], [ -78.072446419506875, 39.286249274780467 ], [ -78.072488141322964, 39.286235205340191 ], [ -78.072531436817172, 39.286224381541182 ], [ -78.072575889073377, 39.28621690784 ], [ -78.072621069787814, 39.286212855976451 ], [ -78.072666544132659, 39.286212265096019 ], [ -78.072711873923367, 39.2862151408386 ], [ -78.072756622825835, 39.286221455559691 ], [ -78.072800359833792, 39.286231148327701 ], [ -78.072842663627696, 39.286244126024592 ], [ -78.072883126859182, 39.28626026345357 ], [ -78.072921359897251, 39.286279405234964 ], [ -78.07295699448126, 39.286301367159282 ], [ -78.072989687486029, 39.286325937633045 ], [ -78.073008776515323, 39.2863417647132 ], [ -78.073038213113662, 39.286368707085884 ], [ -78.073050119813075, 39.286382065822117 ], [ -78.073050357, 39.286381706672557 ], [ -78.073074988878886, 39.286351995101612 ], [ -78.073103249624737, 39.286324302835517 ], [ -78.073134866953225, 39.286298896521309 ], [ -78.07314505026298, 39.286291479314528 ], [ -78.073155233458536, 39.286284062013877 ], [ -78.073165416648209, 39.286276644802221 ], [ -78.073200086249031, 39.286253769101627 ], [ -78.073237474146609, 39.286233644436088 ], [ -78.073237990491648, 39.286233421221588 ], [ -78.073240499752174, 39.286231765604946 ], [ -78.073277887630624, 39.286211640835454 ], [ -78.073307513510457, 39.286198835367841 ], [ -78.073309801679471, 39.286192599819692 ], [ -78.073326501112064, 39.28615972472852 ], [ -78.073347266633093, 39.286128279966206 ], [ -78.073371898294653, 39.286098568323148 ], [ -78.073377284834834, 39.28609329004324 ], [ -78.073388957243978, 39.286075614748292 ], [ -78.073391622568636, 39.286072399708189 ], [ -78.073399459681596, 39.286060532142443 ], [ -78.073424091296204, 39.28603082048631 ], [ -78.073452351772474, 39.286003128123973 ], [ -78.07348396882864, 39.285977721703397 ], [ -78.073518638177916, 39.285954845897329 ], [ -78.07355124807836, 39.285937292874415 ], [ -78.073569234509918, 39.285925424937751 ], [ -78.073606622244171, 39.28590530014484 ], [ -78.073615575801313, 39.285901429982658 ], [ -78.073624826280991, 39.285892365383702 ], [ -78.073656443341093, 39.28586695891449 ], [ -78.073666626417321, 39.285859541654204 ], [ -78.073701295649698, 39.285836665788814 ], [ -78.073727889858105, 39.285822350690509 ], [ -78.073737588866649, 39.285815286004627 ], [ -78.073747771926875, 39.285807868736562 ], [ -78.073782441107781, 39.285784992844839 ], [ -78.073819828592093, 39.285764867974926 ], [ -78.073835726836336, 39.285757995961745 ], [ -78.073850058588093, 39.285750281432065 ], [ -78.073889804355275, 39.285733101298256 ], [ -78.073931269642799, 39.285719117666922 ], [ -78.073940429023494, 39.28571418730305 ], [ -78.073980174749479, 39.28569700713664 ], [ -78.074021896073234, 39.285682937123767 ], [ -78.074065191020722, 39.285672112730943 ], [ -78.074109642681051, 39.285664638420471 ], [ -78.074134134448002, 39.285662441641975 ], [ -78.074159280918721, 39.285658213316722 ], [ -78.074159470464835, 39.285658196283002 ], [ -78.074199055365639, 39.285651540215305 ], [ -78.074244235775666, 39.285647487706299 ], [ -78.074289709664114, 39.285646896173688 ], [ -78.074319301118393, 39.285647640349353 ], [ -78.074347695030212, 39.285649441285109 ], [ -78.074357195389055, 39.285647843803368 ], [ -78.074357385050888, 39.285647826772248 ], [ -78.074359320120678, 39.285647501399495 ], [ -78.074382428725784, 39.2856417238335 ], [ -78.074426880456258, 39.285634249402612 ], [ -78.074472060731651, 39.285630196801229 ], [ -78.074473888765098, 39.285630173044254 ], [ -78.07448638243001, 39.285628072203991 ], [ -78.074500056172425, 39.285626845680405 ], [ -78.074509457030373, 39.285601225966253 ], [ -78.074518369759218, 39.285583679253904 ], [ -78.07452027833159, 39.285578477866672 ], [ -78.074536977044232, 39.285545602571773 ], [ -78.074557741837822, 39.285514157563121 ], [ -78.074582372771445, 39.285484445633479 ], [ -78.074610632462992, 39.285456752868953 ], [ -78.074642248977085, 39.285431346109164 ], [ -78.074652431888495, 39.285423928755741 ], [ -78.074687100590296, 39.285401052664703 ], [ -78.074724487741662, 39.285380927398158 ], [ -78.074725003836846, 39.285380704350771 ], [ -78.074727513155892, 39.285379048522266 ], [ -78.07476490016856, 39.285358923238874 ], [ -78.074804645503846, 39.285341742774527 ], [ -78.074846366465252, 39.285327672450869 ], [ -78.074889661082267, 39.285316847737398 ], [ -78.074934112447181, 39.285309373099523 ], [ -78.074979292611161, 39.285305320294754 ], [ -78.07502476628953, 39.285304728466016 ], [ -78.075044493881165, 39.285305224456806 ], [ -78.075089823243744, 39.285308099254223 ], [ -78.075134571844075, 39.285314413047139 ], [ -78.075177446525728, 39.285323913876709 ], [ -78.075270722170458, 39.285326258859605 ], [ -78.07531605167712, 39.285329133572581 ], [ -78.075360800316531, 39.285335447279664 ], [ -78.075404537081155, 39.285345139149072 ], [ -78.075446840895552, 39.28535811580808 ], [ -78.075487304284138, 39.285374252336119 ], [ -78.075525537614368, 39.28539339336217 ], [ -78.075561172749829, 39.285415354417808 ], [ -78.075593866318314, 39.285439924181269 ], [ -78.075603411024517, 39.285447837515449 ], [ -78.075609882501766, 39.285453760357491 ], [ -78.075637849563847, 39.285470995886349 ], [ -78.075670543188949, 39.285495565540039 ], [ -78.075680087907614, 39.285503478958468 ], [ -78.075699177474647, 39.285519305616113 ], [ -78.075708722203473, 39.285527218942427 ], [ -78.075738159558455, 39.285554160660865 ], [ -78.075764056975416, 39.285583214906779 ], [ -78.075786165271737, 39.28561410191903 ], [ -78.075804271354244, 39.285646524285767 ], [ -78.075818200889955, 39.285680169623951 ], [ -78.075827819788984, 39.285714713949758 ], [ -78.075833035354933, 39.285749824680131 ], [ -78.075833797323455, 39.285785163541675 ], [ -78.075832840215924, 39.285808159797 ], [ -78.0758291412901, 39.28584338662283 ], [ -78.075821017037839, 39.285878161962863 ], [ -78.075808896659268, 39.28591119477624 ], [ -78.075810523180309, 39.285911843377448 ], [ -78.075848756888902, 39.285930984309985 ], [ -78.075862416787118, 39.285939402480949 ], [ -78.075877710325472, 39.285947058868125 ], [ -78.075913345728495, 39.285969019915782 ], [ -78.075946039672161, 39.285993589592501 ], [ -78.07595558460703, 39.286001502904348 ], [ -78.075985022132343, 39.286028444566512 ], [ -78.07601091993341, 39.286057498768692 ], [ -78.076021564418113, 39.286072369821582 ], [ -78.076039972750735, 39.286081585482293 ], [ -78.076046787410974, 39.286085785119091 ], [ -78.076058002342833, 39.28608922521147 ], [ -78.076064695663547, 39.286090708327023 ], [ -78.076107000051834, 39.28610368485586 ], [ -78.076132564489612, 39.286113879505486 ], [ -78.076138048817512, 39.286114653255929 ], [ -78.076181786186368, 39.286124344854095 ], [ -78.07622409062256, 39.286137321251815 ], [ -78.076264554644538, 39.28615345753105 ], [ -78.076272829657796, 39.286157600166604 ], [ -78.076303372253733, 39.286169779976426 ], [ -78.076307509366458, 39.286171851057802 ], [ -78.0763227811251, 39.286177941150967 ], [ -78.076361015124235, 39.286197081924975 ], [ -78.076396650813436, 39.286219042744136 ], [ -78.076429345045682, 39.286243612294733 ], [ -78.076438889953934, 39.286251525567032 ], [ -78.076448434864332, 39.28625943883862 ], [ -78.076457979773124, 39.286267352199495 ], [ -78.07648741772006, 39.286294293747702 ], [ -78.076513315827214, 39.286323347848324 ], [ -78.07651479886502, 39.286325419701207 ], [ -78.076519210654197, 39.286316733610391 ], [ -78.076519253092869, 39.286316669274647 ], [ -78.076523142012476, 39.286300022505671 ], [ -78.076535613066483, 39.286266033340326 ], [ -78.076544525270066, 39.2862484866356 ], [ -78.076546433842594, 39.286243284943588 ], [ -78.076563131802104, 39.286210409331211 ], [ -78.076563835638169, 39.286209343467341 ], [ -78.076566710332187, 39.286201508525039 ], [ -78.076566744179587, 39.286201363707043 ], [ -78.07657921508023, 39.286167374442172 ], [ -78.07658576769947, 39.286154473525123 ], [ -78.076589023594479, 39.286140536118133 ], [ -78.076601494583912, 39.286106546942655 ], [ -78.076618192481632, 39.286073671319507 ], [ -78.07663895654089, 39.286042225822428 ], [ -78.07663935929908, 39.286041740021382 ], [ -78.076650016824345, 39.286020756974231 ], [ -78.07665914773915, 39.286006928906893 ], [ -78.076671339261779, 39.285982925634734 ], [ -78.076680470167105, 39.285969097565285 ], [ -78.076692661675196, 39.285945094290227 ], [ -78.076693365752988, 39.285944028071214 ], [ -78.076697605313086, 39.285932473190378 ], [ -78.076714303120198, 39.28589959754931 ], [ -78.076735067077379, 39.285868152120706 ], [ -78.07673546971057, 39.285867666496308 ], [ -78.076746127305029, 39.285846683170675 ], [ -78.076766891231202, 39.285815237734987 ], [ -78.076767293863838, 39.285814752110468 ], [ -78.076777951320409, 39.28579376886816 ], [ -78.076778655272008, 39.285792702825574 ], [ -78.076782894815068, 39.285781147760517 ], [ -78.076799592658389, 39.285748272106517 ], [ -78.076800296482133, 39.285747206330825 ], [ -78.076804536149226, 39.285735650907597 ], [ -78.076813448334605, 39.28571810399874 ], [ -78.076815356743566, 39.285712902567667 ], [ -78.076832054437958, 39.285680026904558 ], [ -78.07685281827267, 39.285648581449443 ], [ -78.076855483183394, 39.285645366587318 ], [ -78.076863319919795, 39.285633498409346 ], [ -78.076887451514239, 39.285604387186645 ], [ -78.076889187322081, 39.285599656259066 ], [ -78.076905885068129, 39.285566780585405 ], [ -78.076926648833947, 39.285535335114069 ], [ -78.076951278688512, 39.285505622642312 ], [ -78.076979537606391, 39.285477929270115 ], [ -78.077011153313379, 39.285452521834308 ], [ -78.077021335990636, 39.28544510426412 ], [ -78.077056003979209, 39.285422227348107 ], [ -78.077093390391084, 39.28540210138177 ], [ -78.077133135234988, 39.285384920010969 ], [ -78.077174855692178, 39.285370848832287 ], [ -78.077206465906642, 39.285362944854754 ], [ -78.077224812395698, 39.285356757092586 ], [ -78.077268106715607, 39.285345931570291 ], [ -78.077312558022086, 39.285338455927103 ], [ -78.077357738009326, 39.285334402190664 ], [ -78.077367973858088, 39.28533426872346 ], [ -78.077396156020882, 39.285315671613702 ], [ -78.077425422748334, 39.285299916560511 ], [ -78.07741605195595, 39.28527728368492 ], [ -78.077406432317602, 39.285242739371157 ], [ -78.077401216098096, 39.285207628683445 ], [ -78.077400453212363, 39.285172289796797 ], [ -78.077402685213698, 39.285118631816481 ], [ -78.07740638340438, 39.285083404998566 ], [ -78.077414506649745, 39.285048629417709 ], [ -78.077426977018206, 39.285014640125816 ], [ -78.077443674245274, 39.284981764354441 ], [ -78.077452237503294, 39.284968795520136 ], [ -78.077458425550077, 39.284942304699314 ], [ -78.077470895875493, 39.284908315400635 ], [ -78.077487593053988, 39.284875439620706 ], [ -78.077508356342008, 39.284843994024733 ], [ -78.077532985813136, 39.284814281411208 ], [ -78.077561244099357, 39.284786587872752 ], [ -78.077592859278809, 39.284761180256503 ], [ -78.077603041792969, 39.284753762628526 ], [ -78.077637709243675, 39.284730885606706 ], [ -78.077675095239513, 39.284710759344023 ], [ -78.077714839551575, 39.28469357775252 ], [ -78.077756559485749, 39.284679506343799 ], [ -78.077799853311902, 39.284668680603609 ], [ -78.077844304025348, 39.284661204735201 ], [ -78.077889483672323, 39.284657150777072 ], [ -78.077934956976875, 39.284656557793262 ], [ -78.078023730266111, 39.284658787468899 ], [ -78.07806905952306, 39.284661661096749 ], [ -78.078113808054312, 39.284667973738117 ], [ -78.078123713866134, 39.284670168557462 ], [ -78.078137786588471, 39.284671060709513 ], [ -78.078182535137216, 39.284677373234885 ], [ -78.078226271953156, 39.28468706404292 ], [ -78.078231210118815, 39.284688578715141 ], [ -78.078235786069541, 39.284688868763745 ], [ -78.078280534636946, 39.284695181342123 ], [ -78.078324271595449, 39.284704872117103 ], [ -78.07836657563719, 39.284717847720707 ], [ -78.078407039400204, 39.284733983245388 ], [ -78.078411176721787, 39.28473605443731 ], [ -78.078426448035614, 39.284742144061852 ], [ -78.078427073163468, 39.284742457043379 ], [ -78.078443637793626, 39.284747537753326 ], [ -78.078450556468852, 39.284747976350609 ], [ -78.078495305098059, 39.284754288848404 ], [ -78.07853425363119, 39.284762918622384 ], [ -78.078534441135318, 39.284762945041592 ], [ -78.078578178176429, 39.284772635723854 ], [ -78.078620482310896, 39.284785611238227 ], [ -78.078660946172107, 39.284801746768032 ], [ -78.078668289560468, 39.284805422888063 ], [ -78.07871863508862, 39.284806687083993 ], [ -78.078731017433412, 39.284807471947197 ], [ -78.078732124390768, 39.284807195163118 ], [ -78.07873892711747, 39.284806050998391 ], [ -78.078762034313257, 39.284800272786768 ], [ -78.078806485031322, 39.284792796549908 ], [ -78.078807662775262, 39.284792690813596 ], [ -78.078831717728391, 39.284786675587405 ], [ -78.078876168544056, 39.284779199416178 ], [ -78.078921348232754, 39.284775145057736 ], [ -78.078948842106612, 39.284774786333962 ], [ -78.078950719835248, 39.284774316748539 ], [ -78.078995170521097, 39.284766840438138 ], [ -78.079040350197801, 39.284762786032879 ], [ -78.079085823704915, 39.284762192604035 ], [ -78.079312689242215, 39.284767888296855 ], [ -78.079358018653366, 39.284770761426721 ], [ -78.079402767400268, 39.284777073578823 ], [ -78.079412673274405, 39.284779268290393 ], [ -78.079426746044618, 39.284780160287823 ], [ -78.079471494809027, 39.284786472323923 ], [ -78.079475310433835, 39.284787317713587 ], [ -78.07963755500748, 39.284791390532305 ], [ -78.079682884454911, 39.284794263536561 ], [ -78.079727633137864, 39.284800575562343 ], [ -78.079739925646422, 39.284803299050516 ], [ -78.079741748219064, 39.284803414525953 ], [ -78.079786497030284, 39.284809726532387 ], [ -78.079830234186446, 39.284819416748221 ], [ -78.079872538608271, 39.28483239181665 ], [ -78.079890332672363, 39.284839487139166 ], [ -78.079921220140591, 39.284848960552665 ], [ -78.079961684368229, 39.284865095552206 ], [ -78.079962309620299, 39.284865408528688 ], [ -78.079989310677675, 39.28487368992559 ], [ -78.080029774936335, 39.284889824902493 ], [ -78.080044727158594, 39.284897309753219 ], [ -78.080047537423781, 39.284898171690699 ], [ -78.080088001710834, 39.284914306648318 ], [ -78.080126236150534, 39.284933446110358 ], [ -78.080139896406223, 39.284941863791943 ], [ -78.080155190347597, 39.284949519719824 ], [ -78.080168850609979, 39.284957937398246 ], [ -78.080184144446051, 39.284965593229657 ], [ -78.080188999497054, 39.284968585031443 ], [ -78.080194273103999, 39.284970687831532 ], [ -78.080198410043792, 39.284972758680674 ], [ -78.080213682145228, 39.284978848362492 ], [ -78.080214307627344, 39.284979161433498 ], [ -78.080241308417328, 39.284987442675778 ], [ -78.080242679986085, 39.284987989596004 ], [ -78.080257549281512, 39.284991283891586 ], [ -78.080299853893564, 39.28500425881105 ], [ -78.080299936681797, 39.285004291788162 ], [ -78.080321357697272, 39.285007313225087 ], [ -78.080325172886418, 39.285008158486029 ], [ -78.080349325791943, 39.285008764633936 ], [ -78.080394655425536, 39.285011637366942 ], [ -78.080439404326839, 39.285017949126157 ], [ -78.080483141832104, 39.285027639107213 ], [ -78.080505721114335, 39.28503456416535 ], [ -78.08051241467362, 39.285036047120634 ], [ -78.080554719364997, 39.285049021950037 ], [ -78.080554802153401, 39.285049054926979 ], [ -78.080576223080527, 39.28505207631494 ], [ -78.080619960628823, 39.285061766245981 ], [ -78.080636561337684, 39.285066857640643 ], [ -78.080654496324684, 39.285069387324249 ], [ -78.080698233780467, 39.285079077223727 ], [ -78.080721739446432, 39.285086286374522 ], [ -78.080722905733481, 39.285086450858863 ], [ -78.080726721048336, 39.285087296109879 ], [ -78.080760737747582, 39.285088149683652 ], [ -78.080806067343218, 39.285091022255862 ], [ -78.0808508164573, 39.285097333862829 ], [ -78.080889765632492, 39.285105962868144 ], [ -78.080889953138666, 39.285105989283636 ], [ -78.080933690654931, 39.285115679096542 ], [ -78.080975995480756, 39.285128653777214 ], [ -78.081016460246602, 39.285144788427012 ], [ -78.081054695076247, 39.28516392768725 ], [ -78.081080372715505, 39.285179750309553 ], [ -78.081093778237985, 39.285185095510563 ], [ -78.081132013111528, 39.285204234746871 ], [ -78.081167649899385, 39.285226194143966 ], [ -78.081184611888375, 39.28523893983386 ], [ -78.081207378888053, 39.285252968855488 ], [ -78.081208007444104, 39.285253283439694 ], [ -78.081238550821041, 39.285265462067791 ], [ -78.081276785779423, 39.285284601259384 ], [ -78.08128164101683, 39.285287593020897 ], [ -78.081286914567144, 39.285289695770537 ], [ -78.081291051559802, 39.285291766582617 ], [ -78.081306323832592, 39.285297856126782 ], [ -78.081310461166254, 39.285299927126893 ], [ -78.081325732986897, 39.285306016477016 ], [ -78.081340685443536, 39.285313501169107 ], [ -78.081343495742928, 39.285314363076438 ], [ -78.081383960589761, 39.285330497602153 ], [ -78.081384585396947, 39.28533081037974 ], [ -78.081411587277643, 39.285339091560374 ], [ -78.081429382204931, 39.285346186941936 ], [ -78.081460269553375, 39.285355659767475 ], [ -78.081500734452774, 39.285371794254353 ], [ -78.081538969544098, 39.285390933364276 ], [ -78.08156629070146, 39.285407768505124 ], [ -78.081573596048671, 39.285411425202035 ], [ -78.081576406582997, 39.285412287199783 ], [ -78.081616871543432, 39.285428421648312 ], [ -78.081621009346378, 39.285430492919581 ], [ -78.081636280884254, 39.285436582042159 ], [ -78.081655768673457, 39.285446336846825 ], [ -78.081665683795748, 39.285447735241782 ], [ -78.081709421762966, 39.28545742477727 ], [ -78.08175172695168, 39.285470399188114 ], [ -78.081792191988853, 39.285486533578265 ], [ -78.08183042722986, 39.28550567250732 ], [ -78.08185334997583, 39.2855197972887 ], [ -78.081877728363622, 39.285527273762959 ], [ -78.081886464689489, 39.285530757154696 ], [ -78.081887745334896, 39.285530789277146 ], [ -78.081892669372778, 39.285531101246178 ], [ -78.081897609164898, 39.285531036691303 ], [ -78.081907472995027, 39.285531284104636 ], [ -78.081952803066144, 39.285534156244914 ], [ -78.081997552474917, 39.285540467421647 ], [ -78.082041290552667, 39.285550156836045 ], [ -78.082063870400091, 39.285557081698876 ], [ -78.082065775094875, 39.285557503597673 ], [ -78.082065962830654, 39.285557530107134 ], [ -78.082069313787457, 39.2855582725009 ], [ -78.082112416284346, 39.285551021803137 ], [ -78.082157596363771, 39.285546966199121 ], [ -78.082203070312815, 39.285546371566205 ], [ -78.082301708899536, 39.28554884540975 ], [ -78.082347039007644, 39.285551717397361 ], [ -78.082391788588168, 39.285558028426962 ], [ -78.082430738009023, 39.285566656836309 ], [ -78.082430925745001, 39.285566683345181 ], [ -78.082474663793008, 39.285576372596438 ], [ -78.082516969210744, 39.285589346736579 ], [ -78.082529192398312, 39.285594220252989 ], [ -78.082562483703299, 39.285601595248608 ], [ -78.082604789154161, 39.285614569357911 ], [ -78.082622583713686, 39.285621664279205 ], [ -78.082653471933213, 39.285631136992436 ], [ -78.082671267070012, 39.285638232191104 ], [ -78.082702154732516, 39.285647704697382 ], [ -78.082703526334839, 39.285648251589727 ], [ -78.082718395903186, 39.285651545579832 ], [ -78.082760701415907, 39.285664519634516 ], [ -78.082801166815884, 39.285680653685894 ], [ -78.082805304330847, 39.285682724728105 ], [ -78.082820576374544, 39.285688813889486 ], [ -78.082828851294835, 39.285692955879554 ], [ -78.082859395397506, 39.285705134104553 ], [ -78.082863532803657, 39.285707205051899 ], [ -78.082878804858069, 39.285713294206005 ], [ -78.082887080240596, 39.285717436383734 ], [ -78.082917623905232, 39.285729614492567 ], [ -78.082921761426689, 39.285731685530841 ], [ -78.08293703337975, 39.285737774584781 ], [ -78.082975269088806, 39.285756913153421 ], [ -78.082998192158001, 39.285771037720252 ], [ -78.083022570768193, 39.285778513962022 ], [ -78.08304036564229, 39.285785608918125 ], [ -78.083071253764246, 39.28579508151914 ], [ -78.083111719315667, 39.285811215467611 ], [ -78.083112344247326, 39.285811528329241 ], [ -78.083138401974409, 39.285819519416862 ], [ -78.083180015577113, 39.285805481856301 ], [ -78.083182891563695, 39.285804762559145 ], [ -78.083198434032084, 39.285798042666947 ], [ -78.083240153659574, 39.285783969276082 ], [ -78.0832717634826, 39.285776063631225 ], [ -78.083290109606779, 39.285769874896253 ], [ -78.083301195120981, 39.285767102425439 ], [ -78.083328574124636, 39.285755264840951 ], [ -78.083370293702998, 39.285741191401371 ], [ -78.083413587458324, 39.285730363564433 ], [ -78.083426282305211, 39.285728227885386 ], [ -78.083450159533044, 39.285720173289249 ], [ -78.083493453264722, 39.285709345421587 ], [ -78.083537904172942, 39.285701867379373 ], [ -78.083562396360392, 39.285699668618555 ], [ -78.083587541820776, 39.285695438308636 ], [ -78.083632721944028, 39.285691382131724 ], [ -78.083634550448124, 39.285691358242275 ], [ -78.083647043328369, 39.285689256483138 ], [ -78.083692223445624, 39.285685200282828 ], [ -78.083718631521293, 39.285684854654662 ], [ -78.083726272678007, 39.285683569150621 ], [ -78.083771452788923, 39.285679512919202 ], [ -78.083810150302853, 39.285679006339983 ], [ -78.083815365889365, 39.285678128926079 ], [ -78.083839857947638, 39.28567593010326 ], [ -78.083865003502225, 39.285671699735282 ], [ -78.083910183481251, 39.285667643536449 ], [ -78.083924301538858, 39.285667458700388 ], [ -78.083934368840801, 39.28566576500841 ], [ -78.083945794502455, 39.285664739206979 ], [ -78.083952497746012, 39.28565153822224 ], [ -78.083973258461398, 39.285620091375286 ], [ -78.083997885458587, 39.285590377300245 ], [ -78.084026141735876, 39.285562682202539 ], [ -78.084057755051973, 39.285537272756478 ], [ -78.084067937035968, 39.285529854541728 ], [ -78.084078119021555, 39.285522436235986 ], [ -78.084088301001259, 39.285515018019275 ], [ -78.084098483094621, 39.285507599804475 ], [ -78.084108665070033, 39.285500181585796 ], [ -78.084143330908901, 39.285477302470866 ], [ -78.084180715461059, 39.285457174150395 ], [ -78.084220458753137, 39.285439990292886 ], [ -78.084236203881744, 39.285434678785272 ], [ -78.084240504542905, 39.285432819277766 ], [ -78.084256250023401, 39.285427507596033 ], [ -78.084260550444554, 39.285425648261928 ], [ -78.08430226966064, 39.285411574382856 ], [ -78.084345563087368, 39.285400746185303 ], [ -78.084390013727642, 39.285393267806199 ], [ -78.084435193624628, 39.285389211398211 ], [ -78.084480667623268, 39.285388615872741 ], [ -78.084490531456126, 39.285388863066508 ], [ -78.08449545561831, 39.28538917492827 ], [ -78.084500395289112, 39.28538911025943 ], [ -78.084539850738054, 39.28539009902569 ], [ -78.084585180889832, 39.285392970140272 ], [ -78.084629930512662, 39.285399280219387 ], [ -78.084673668928474, 39.285408968653961 ], [ -78.084715974703286, 39.285421942005676 ], [ -78.084729068457307, 39.285427162407153 ], [ -78.084731866525232, 39.285427339634623 ], [ -78.084776616182737, 39.285433649748548 ], [ -78.084820354643327, 39.285443338129447 ], [ -78.084862660468886, 39.285456311429492 ], [ -78.084903126280267, 39.285472444763364 ], [ -78.08494136242166, 39.28549158279084 ], [ -78.084977000609996, 39.285513541159425 ], [ -78.085009697685337, 39.285538108309922 ], [ -78.085019243513457, 39.285546020911262 ], [ -78.085028789455791, 39.285553933604788 ], [ -78.08505823042853, 39.285580873094844 ], [ -78.085084131956251, 39.285609925412437 ], [ -78.085106244470495, 39.285640810806278 ], [ -78.085124354957003, 39.285673231793041 ], [ -78.085138289032898, 39.285706876182132 ], [ -78.085139761823811, 39.285712162744133 ], [ -78.085147198857342, 39.285730119768601 ], [ -78.085156822399682, 39.285764663494703 ], [ -78.085162042659121, 39.28579977398141 ], [ -78.085162809326079, 39.285835112957699 ], [ -78.085158039026993, 39.285950095099345 ], [ -78.085155473675428, 39.285974557589675 ], [ -78.085165659996349, 39.285999152643974 ], [ -78.085175283460714, 39.286033696365969 ], [ -78.085177375629797, 39.286047767939877 ], [ -78.08518284369471, 39.286060970717713 ], [ -78.085186115391053, 39.286072714478486 ], [ -78.085186729284203, 39.286073813411619 ], [ -78.085200663458053, 39.286107457795303 ], [ -78.085202932444645, 39.28611560218819 ], [ -78.085211519753031, 39.286119900298715 ], [ -78.085225180425525, 39.286128317131237 ], [ -78.085240475669096, 39.286135972610829 ], [ -78.085276114271252, 39.286157930901382 ], [ -78.085308811742578, 39.286182497980548 ], [ -78.085338253191551, 39.28620943741398 ], [ -78.085364154935249, 39.286238489766554 ], [ -78.085386267756775, 39.286269375116262 ], [ -78.085404378519414, 39.286301796067285 ], [ -78.085418312837646, 39.28633544042934 ], [ -78.085427936579237, 39.286369984137963 ], [ -78.085433157001219, 39.286405094616093 ], [ -78.085433923788727, 39.286440433682742 ], [ -78.085433605793341, 39.286448099135995 ], [ -78.085433204537424, 39.286451925748366 ] ], [ [ -78.084264607065563, 39.286361600465852 ], [ -78.084244258059599, 39.286365023879483 ], [ -78.084199077520992, 39.286369080278725 ], [ -78.084197248998876, 39.286369104176394 ], [ -78.084184756009194, 39.286371205990513 ], [ -78.084160263709592, 39.286373404967073 ], [ -78.084135117918592, 39.286377635299736 ], [ -78.084089937368162, 39.286381691655983 ], [ -78.084088109424812, 39.286381715566442 ], [ -78.084075615847567, 39.286383817444111 ], [ -78.084040578356721, 39.286386963020036 ], [ -78.084030654903515, 39.286389444972635 ], [ -78.083986203596226, 39.286396923188114 ], [ -78.083941023028302, 39.286400979485713 ], [ -78.083914614449426, 39.286401325148489 ], [ -78.083906973448052, 39.286402610667764 ], [ -78.083861792873776, 39.286406666934262 ], [ -78.083816318340823, 39.286407262195539 ], [ -78.083796621546696, 39.286406014535004 ], [ -78.083795928530321, 39.286406023558492 ], [ -78.08378828741094, 39.286407309066973 ], [ -78.083759939720821, 39.286409854088028 ], [ -78.083763277827273, 39.28643230867894 ], [ -78.083764043776753, 39.286467647634964 ], [ -78.08376118016534, 39.286536636790785 ], [ -78.083757485140779, 39.286571864012849 ], [ -78.083749364670723, 39.28660664013735 ], [ -78.083745860579612, 39.286616193010509 ], [ -78.083745712058686, 39.286617609489987 ], [ -78.083737591576153, 39.286652385612996 ], [ -78.083725123880541, 39.286686375677185 ], [ -78.083708429083757, 39.286719252437507 ], [ -78.083702157919205, 39.286728751259886 ], [ -78.083692668155663, 39.286754623027534 ], [ -78.083675973209949, 39.286787499778782 ], [ -78.08365661377313, 39.286816823323882 ], [ -78.083650724482894, 39.286842043938073 ], [ -78.083647220357335, 39.286851596986985 ], [ -78.083647071841099, 39.286853013286184 ], [ -78.083644554375681, 39.286863794344498 ], [ -78.083659697072164, 39.286871373688399 ], [ -78.083695335624625, 39.286893332459478 ], [ -78.083728032841719, 39.28691789997265 ], [ -78.083737578696812, 39.286925812679193 ], [ -78.083767019812186, 39.286952752496617 ], [ -78.083792921139079, 39.286981805181924 ], [ -78.08381503346466, 39.287012690809917 ], [ -78.083818699679313, 39.287019254112145 ], [ -78.08382024601147, 39.28701263193053 ], [ -78.08383134878946, 39.2869823630501 ], [ -78.083831382775642, 39.286982217332437 ], [ -78.083838435444918, 39.286962989819976 ], [ -78.083842837703941, 39.286944137291066 ], [ -78.08385505965596, 39.286910817059074 ], [ -78.083855523040029, 39.286899653172142 ], [ -78.08385921804306, 39.286864425947499 ], [ -78.083867338493192, 39.286829649905748 ], [ -78.083879806038581, 39.286795659732519 ], [ -78.083888716890627, 39.286778111778574 ], [ -78.083890624681857, 39.286772910660652 ], [ -78.083907319409278, 39.286740033871716 ], [ -78.083928080500272, 39.286708586960806 ], [ -78.083928483090432, 39.286708101309884 ], [ -78.083931354489039, 39.286702446439485 ], [ -78.083933262401743, 39.286697245053553 ], [ -78.083949957208915, 39.286664368169589 ], [ -78.083970718253084, 39.286632921339141 ], [ -78.083995345633198, 39.286603207282496 ], [ -78.084023602343905, 39.286575512204934 ], [ -78.084055216139689, 39.286550102780581 ], [ -78.08406539827746, 39.286542684572687 ], [ -78.084075580413099, 39.286535266363813 ], [ -78.08408576255033, 39.286527848063969 ], [ -78.084120428920713, 39.286504969068709 ], [ -78.084157814048211, 39.286484840689475 ], [ -78.0841662318321, 39.28648120113219 ], [ -78.084175555504871, 39.286462839936533 ], [ -78.084196316385288, 39.28643139305882 ], [ -78.084220943712694, 39.28640167895017 ], [ -78.084249200135957, 39.286373983807657 ], [ -78.084264607065563, 39.286361600465852 ] ], [ [ -78.07826174253151, 39.285979134148882 ], [ -78.078243807651191, 39.285976604186793 ], [ -78.078239991979984, 39.285975758754994 ], [ -78.078225703111016, 39.285975399896309 ], [ -78.078180372999014, 39.285972526297989 ], [ -78.078135623636015, 39.28596621365201 ], [ -78.078091886045129, 39.285956522872233 ], [ -78.07804958133201, 39.285943547054956 ], [ -78.078039865404534, 39.285939672754253 ], [ -78.078004098291501, 39.285937405291627 ], [ -78.077961106592554, 39.285931340499062 ], [ -78.077949359493701, 39.285934277903074 ], [ -78.077942875427681, 39.285939488744958 ], [ -78.077922510102027, 39.285954324136597 ], [ -78.077912327322068, 39.285961741783048 ], [ -78.077902144655752, 39.28596915943141 ], [ -78.077891961987291, 39.285976577078806 ], [ -78.077881779312946, 39.28598399481519 ], [ -78.077847111293082, 39.286006871885242 ], [ -78.077809724745606, 39.286026998178151 ], [ -78.077769979679616, 39.286044179771153 ], [ -78.0777282588041, 39.286058251148546 ], [ -78.077684964098367, 39.286069076827182 ], [ -78.077642574203921, 39.286076205849874 ], [ -78.077642043834032, 39.286077009063924 ], [ -78.077637804409534, 39.286088564164451 ], [ -78.077621106860349, 39.286121439948886 ], [ -78.077600343208175, 39.28615288554667 ], [ -78.077576211693696, 39.286181997008967 ], [ -78.077574475914673, 39.286186727947594 ], [ -78.077557778425998, 39.286219603723374 ], [ -78.077557074604556, 39.286220669593817 ], [ -78.077552835032833, 39.28623222486722 ], [ -78.07753613752206, 39.286265100638886 ], [ -78.077515373786298, 39.286296546217763 ], [ -78.077510043118224, 39.286302976941549 ], [ -78.077506003395342, 39.28630909488637 ], [ -78.077501597663286, 39.286317769277098 ], [ -78.077499689158188, 39.286322970987328 ], [ -78.077490411519918, 39.286341237651484 ], [ -78.077490199817674, 39.286342144000521 ], [ -78.077477729319412, 39.286376133287646 ], [ -78.077470906751103, 39.286389566187452 ], [ -78.077477039038925, 39.286386265000999 ], [ -78.077516784369223, 39.286369083519006 ], [ -78.077558505355199, 39.286355012223787 ], [ -78.077601800256559, 39.286344186600047 ], [ -78.077646252174091, 39.286336710852815 ], [ -78.077691432792363, 39.286332657100715 ], [ -78.077736907299396, 39.286332064148297 ], [ -78.077805954758801, 39.286333798523607 ], [ -78.077851285074985, 39.286336672365955 ], [ -78.077896034643388, 39.286342985038956 ], [ -78.077905940680324, 39.286345179884933 ], [ -78.07792001373268, 39.286346072075631 ], [ -78.077964763311101, 39.286352384812631 ], [ -78.078008501124685, 39.286362075648235 ], [ -78.078050806076646, 39.286375051488854 ], [ -78.078091270807462, 39.28639118715553 ], [ -78.078129505441197, 39.286410327279789 ], [ -78.078165141817664, 39.286432287671012 ], [ -78.078197836794402, 39.286456856750476 ], [ -78.078227275511352, 39.286483797885445 ], [ -78.078244688936977, 39.286503332665298 ], [ -78.078246966167455, 39.286504240626272 ], [ -78.078268317303923, 39.286500649751822 ], [ -78.07827740788791, 39.286497583711487 ], [ -78.078281708640489, 39.286495724520165 ], [ -78.078323429567064, 39.286481652947778 ], [ -78.07836672444752, 39.286470827037881 ], [ -78.078378665175208, 39.286468818824829 ], [ -78.078381623276144, 39.286467540025455 ], [ -78.078387180098773, 39.286465665799994 ], [ -78.078405362333569, 39.28645366743546 ], [ -78.078442748953279, 39.28643354104441 ], [ -78.078458646939879, 39.286426668388408 ], [ -78.078472978360182, 39.286418953275628 ], [ -78.078512723483215, 39.286401771534742 ], [ -78.078554444311649, 39.286387699875405 ], [ -78.078597739106741, 39.286376873785819 ], [ -78.078642190843269, 39.286369397741694 ], [ -78.078687371568819, 39.286365343514099 ], [ -78.078732846109133, 39.286364750262578 ], [ -78.078742710028351, 39.286364997948375 ], [ -78.078788040313611, 39.28636787133474 ], [ -78.078832790004654, 39.286374183741046 ], [ -78.078876528087562, 39.286383874257979 ], [ -78.078918833232493, 39.286396849789192 ], [ -78.078959298078047, 39.286412985158748 ], [ -78.078997532977695, 39.28643212500679 ], [ -78.07903316965286, 39.286454085142481 ], [ -78.079065864958224, 39.286478653989541 ], [ -78.079095304030574, 39.286505594917479 ], [ -78.079121203209795, 39.286534648476788 ], [ -78.079143313296328, 39.286565534912953 ], [ -78.079161421183485, 39.286597956729693 ], [ -78.079166937859995, 39.286611279819986 ], [ -78.079173549660439, 39.286598261234779 ], [ -78.079194312769587, 39.286566815336592 ], [ -78.079218942199176, 39.286537102369444 ], [ -78.079247200577811, 39.2865094085194 ], [ -78.07927881599025, 39.286484000457442 ], [ -78.07928851468786, 39.286476935114507 ], [ -78.079308615012863, 39.286457236308372 ], [ -78.079340230379444, 39.286431828227812 ], [ -78.079350412971792, 39.286424410450813 ], [ -78.079360595562008, 39.28641699267282 ], [ -78.079395263331364, 39.286394115051955 ], [ -78.079432649773864, 39.286373988243433 ], [ -78.079472394656307, 39.286356806164562 ], [ -78.079514115286528, 39.286342734152534 ], [ -78.079557409927716, 39.286331907698859 ], [ -78.079601861556128, 39.286324431282843 ], [ -78.079647042220358, 39.286320376679093 ], [ -78.079669344013766, 39.28632008555671 ], [ -78.079691204142463, 39.28630251715245 ], [ -78.079725871747627, 39.286279639516415 ], [ -78.079752738068024, 39.286265175989378 ], [ -78.079786648525996, 39.286242797952589 ], [ -78.079824034665066, 39.286222671007614 ], [ -78.079827064620048, 39.286221361093219 ], [ -78.079819040935718, 39.286220852589167 ], [ -78.079774291229285, 39.286214540562689 ], [ -78.079730553109229, 39.286204850292592 ], [ -78.079713951638652, 39.28619975856725 ], [ -78.079696016983618, 39.28619722883392 ], [ -78.079671274695855, 39.286191747174861 ], [ -78.079647015971986, 39.286188325387883 ], [ -78.079622274382871, 39.286182843826069 ], [ -78.07959801497401, 39.286179421921645 ], [ -78.079554277019795, 39.286169731589794 ], [ -78.079537675915375, 39.286164639938775 ], [ -78.079519740814064, 39.28616211016719 ], [ -78.0795074477372, 39.28615938654896 ], [ -78.079505625593328, 39.286159271080187 ], [ -78.079460875961473, 39.286152958935553 ], [ -78.079457060607339, 39.286152113641535 ], [ -78.079423043548786, 39.286151259670582 ], [ -78.079377713245634, 39.286148386533078 ], [ -78.079332963751028, 39.286142074342784 ], [ -78.079289225746734, 39.28613238391052 ], [ -78.079284287911563, 39.286130869470476 ], [ -78.079279711400858, 39.286130579357916 ], [ -78.079234961812858, 39.28612426712774 ], [ -78.079225055758073, 39.286122072394548 ], [ -78.079210982724035, 39.286121180362869 ], [ -78.07916623314604, 39.286114868196691 ], [ -78.079161697709921, 39.286113863379654 ], [ -78.079157992433267, 39.286113911697235 ], [ -78.079112662287216, 39.286111038460604 ], [ -78.079067912730565, 39.286104726167125 ], [ -78.079043170532316, 39.286099244377375 ], [ -78.07901891187889, 39.28609582246164 ], [ -78.07900795987878, 39.286093395963114 ], [ -78.078971215517427, 39.286093875387301 ], [ -78.078951487751155, 39.286093380056442 ], [ -78.078906157515959, 39.286090506737168 ], [ -78.078861408111592, 39.2860841943683 ], [ -78.078817670218996, 39.286074503762336 ], [ -78.078795090567738, 39.286067578275308 ], [ -78.078788397297544, 39.286066095317757 ], [ -78.078785010796636, 39.286065056635984 ], [ -78.078769019102353, 39.286064042953832 ], [ -78.07872426961454, 39.286057730530331 ], [ -78.078680531756575, 39.286048039964044 ], [ -78.078638226867241, 39.286035064354998 ], [ -78.0786260044719, 39.286030190631614 ], [ -78.078602176091962, 39.286024911056273 ], [ -78.078565181398687, 39.2860282306846 ], [ -78.078519707194999, 39.28602882388163 ], [ -78.078474377029465, 39.286025950396194 ], [ -78.078429627711301, 39.286019637954062 ], [ -78.078385889928072, 39.286009947189307 ], [ -78.078363310113389, 39.286003021614931 ], [ -78.078356617091544, 39.286001538638892 ], [ -78.078340016011566, 39.285996446728589 ], [ -78.078322081123304, 39.285993916778303 ], [ -78.078278343489032, 39.28598422597711 ], [ -78.07826174253151, 39.285979134148882 ] ], [ [ -78.075574099566097, 39.28689926412325 ], [ -78.075580456560573, 39.286899423922769 ], [ -78.075625787099156, 39.286902298552967 ], [ -78.075670536767717, 39.286908612178102 ], [ -78.075714274548872, 39.286918303967177 ], [ -78.075756579357346, 39.286931280548231 ], [ -78.075774373485018, 39.28693837650286 ], [ -78.075791528576801, 39.286943638643734 ], [ -78.075805733143412, 39.286943453730011 ], [ -78.075840797565093, 39.28694433509105 ], [ -78.075818213825926, 39.286930417555347 ], [ -78.075785519509637, 39.286905847921396 ], [ -78.075775974594009, 39.286897934595665 ], [ -78.075746536692606, 39.286870992870469 ], [ -78.07572063884507, 39.286841938518684 ], [ -78.075698530225338, 39.28681105148619 ], [ -78.075691696706215, 39.286798814993283 ], [ -78.075689304393876, 39.286795472767921 ], [ -78.075680844333647, 39.286780323547966 ], [ -78.075677840339395, 39.28678623765272 ], [ -78.07565707561956, 39.286817682950165 ], [ -78.075632444739483, 39.286847395103983 ], [ -78.075604184729542, 39.286875088012351 ], [ -78.075574099566097, 39.28689926412325 ] ], [ [ -78.076269930971421, 39.287000852965733 ], [ -78.076286683323985, 39.287005991494702 ], [ -78.076327147849938, 39.28702212776939 ], [ -78.076365382299514, 39.287041268466893 ], [ -78.076401018514275, 39.287063229390995 ], [ -78.076410754367132, 39.287070545782491 ], [ -78.076429484741681, 39.287042180782286 ], [ -78.076429887384151, 39.287041695159381 ], [ -78.076440545148714, 39.287020711962654 ], [ -78.076449676369364, 39.28700688374321 ], [ -78.076461868149664, 39.286982880685798 ], [ -78.076482632567703, 39.286951435323672 ], [ -78.076497852050295, 39.28693307582212 ], [ -78.0764979986307, 39.286932676192087 ], [ -78.076506911188815, 39.286915129051394 ], [ -78.076507454325778, 39.28691364898971 ], [ -78.076507488326996, 39.286913503274768 ], [ -78.076519959519686, 39.286879514028612 ], [ -78.076536657661237, 39.286846638429331 ], [ -78.076550204043883, 39.286826123826813 ], [ -78.076549193952218, 39.286825286411769 ], [ -78.076540029772858, 39.286816899405828 ], [ -78.076525106267795, 39.286839499296889 ], [ -78.076500475735386, 39.286869211648046 ], [ -78.076472216045389, 39.286896904779866 ], [ -78.076440599585311, 39.28692231203474 ], [ -78.07640593064022, 39.286945188636729 ], [ -78.076368543076242, 39.286965314426098 ], [ -78.076328797142736, 39.286982495490754 ], [ -78.076287075557076, 39.286996566320035 ], [ -78.076269930971421, 39.287000852965733 ] ], [ [ -78.0818588482054, 39.287055753676725 ], [ -78.081847539665759, 39.287072881612374 ], [ -78.081844874798733, 39.287076096681893 ], [ -78.08183703882689, 39.287087965131569 ], [ -78.081836635970092, 39.287088451218736 ], [ -78.081825979910505, 39.287109434523046 ], [ -78.081812862626208, 39.287129302085766 ], [ -78.081811867294931, 39.287133563849459 ], [ -78.081799398579903, 39.287167553666478 ], [ -78.081782702770099, 39.287200430109742 ], [ -78.081768607550813, 39.28722177873928 ], [ -78.081768692901292, 39.287222085009745 ], [ -78.081773911523712, 39.287257195491414 ], [ -78.081774676450465, 39.287292534508914 ], [ -78.08177435804653, 39.287300199936034 ], [ -78.081774149675951, 39.287302185514186 ], [ -78.081795015932641, 39.287277011246879 ], [ -78.081823273765792, 39.287249316749673 ], [ -78.081854888523509, 39.287223907964574 ], [ -78.081865070987703, 39.287216489872549 ], [ -78.08187525356179, 39.287209071872439 ], [ -78.081885436017942, 39.287201653868429 ], [ -78.081895618471947, 39.28719423586346 ], [ -78.081905800923806, 39.287186817857489 ], [ -78.081915983377257, 39.287179399760561 ], [ -78.081926165940644, 39.287171981755542 ], [ -78.081960833305885, 39.287149103444804 ], [ -78.081990720740436, 39.287133012826814 ], [ -78.081968332963243, 39.287124086552787 ], [ -78.08193009683157, 39.287104947549238 ], [ -78.081894458877343, 39.287082988257303 ], [ -78.08186176226063, 39.28705842025024 ], [ -78.0818588482054, 39.287055753676725 ] ], [ [ -78.081972314735339, 39.28781140449469 ], [ -78.081940314910469, 39.287798645848753 ], [ -78.081902078431071, 39.287779506824435 ], [ -78.081866440153092, 39.287757547603611 ], [ -78.081833743250925, 39.287732979489732 ], [ -78.081804302715028, 39.287706039204345 ], [ -78.081778401870494, 39.287676986187059 ], [ -78.081756290273887, 39.287646100200547 ], [ -78.081738180923011, 39.287613678737955 ], [ -78.081732663684022, 39.287600355750399 ], [ -78.08172605224317, 39.287613374493475 ], [ -78.081705289901237, 39.287644820869836 ], [ -78.081680661189239, 39.287674534386625 ], [ -78.081653932535033, 39.287700729981744 ], [ -78.081648239436859, 39.287716249024747 ], [ -78.081641687559042, 39.28772915043357 ], [ -78.081638432572504, 39.287743087833654 ], [ -78.081637344909112, 39.287746052746947 ], [ -78.081636883622437, 39.287757157305457 ], [ -78.08163318743388, 39.287792384411169 ], [ -78.081625065742031, 39.287827160336128 ], [ -78.081622111783048, 39.287835212778653 ], [ -78.081633937772096, 39.287848478004378 ], [ -78.081656049255827, 39.287879364010699 ], [ -78.081674158740938, 39.287911785578849 ], [ -78.081688091515403, 39.287945430324804 ], [ -78.081697713573902, 39.287979974273298 ], [ -78.081700020973585, 39.287995498795176 ], [ -78.081709475944308, 39.288012426068335 ], [ -78.081714993206361, 39.288025749057219 ], [ -78.081721604692817, 39.288012730317107 ], [ -78.08174236714666, 39.287981283943374 ], [ -78.081745032544561, 39.287978068259783 ], [ -78.081752868262939, 39.287966200533425 ], [ -78.081777497055313, 39.287936487005325 ], [ -78.081805755180469, 39.287908792435346 ], [ -78.081837370256039, 39.287883383668905 ], [ -78.081847552934022, 39.28787596567571 ], [ -78.081882220685316, 39.287853087404827 ], [ -78.081919607151718, 39.287832959800426 ], [ -78.081959352330216, 39.287815776793259 ], [ -78.081972314735339, 39.28781140449469 ] ], [ [ -78.080003721810883, 39.287299874095027 ], [ -78.080014181482852, 39.28727927863001 ], [ -78.080034944448926, 39.287247832488326 ], [ -78.080059573790649, 39.28721811934173 ], [ -78.080087832141217, 39.287190425288017 ], [ -78.080119447585631, 39.287165017000127 ], [ -78.080129630211076, 39.2871575991566 ], [ -78.080132132980737, 39.287155775937435 ], [ -78.080133900666283, 39.287113243447543 ], [ -78.080137597543484, 39.287078016502832 ], [ -78.080140607143846, 39.287065130684709 ], [ -78.08010509377894, 39.287077109180245 ], [ -78.080061798742832, 39.287087935822562 ], [ -78.080017346548189, 39.287095412394379 ], [ -78.079972165510654, 39.287099467126545 ], [ -78.079926690474394, 39.287100060845304 ], [ -78.07988135964402, 39.28709718788371 ], [ -78.079836609376812, 39.287090875860876 ], [ -78.079826703624988, 39.287088681275051 ], [ -78.079812629806767, 39.287087789294233 ], [ -78.07976787955333, 39.28708147724538 ], [ -78.079766760638194, 39.287081229349731 ], [ -78.079759214705817, 39.287083774486931 ], [ -78.079742070278698, 39.287088061651801 ], [ -78.079758822936924, 39.28709319969068 ], [ -78.079799288385118, 39.287109334788497 ], [ -78.079837523898362, 39.287128474381142 ], [ -78.079873161192211, 39.287150434280186 ], [ -78.079905857115378, 39.28717500291166 ], [ -78.079935296798652, 39.287201943647155 ], [ -78.079961196576093, 39.287230997039003 ], [ -78.079983307242358, 39.287261883334303 ], [ -78.08000141568516, 39.287294305038131 ], [ -78.080003721810883, 39.287299874095027 ] ], [ [ -78.07942143860393, 39.287080012790042 ], [ -78.079404685976499, 39.287074874703563 ], [ -78.079364220646923, 39.287058739472478 ], [ -78.079325985312906, 39.287039599640252 ], [ -78.079290348254759, 39.287017639581649 ], [ -78.07925765262388, 39.286993070877315 ], [ -78.079228213293916, 39.286966129982432 ], [ -78.07920231392086, 39.286937076441205 ], [ -78.07918020370083, 39.286906190012616 ], [ -78.079162095737914, 39.286873768107 ], [ -78.079156579044806, 39.286860445016238 ], [ -78.079149967213553, 39.286873463598937 ], [ -78.079129203982063, 39.2869049095736 ], [ -78.079104574376984, 39.286934622513826 ], [ -78.079076315762649, 39.286962316318892 ], [ -78.079044700054197, 39.286987724313121 ], [ -78.079010031875711, 39.28701060172213 ], [ -78.078972645085926, 39.287030728378433 ], [ -78.078956746765726, 39.28703760127501 ], [ -78.078953208626089, 39.287039505944144 ], [ -78.078943510058053, 39.287046570990157 ], [ -78.078908841814481, 39.287069448456464 ], [ -78.078899068577286, 39.287074709729467 ], [ -78.078931251867417, 39.287087542726148 ], [ -78.078969487114762, 39.287106682595024 ], [ -78.079005124109898, 39.287128642749607 ], [ -78.079037819704425, 39.287153211613507 ], [ -78.079067259032314, 39.287180152556047 ], [ -78.079093158431021, 39.287209206127585 ], [ -78.079115268698871, 39.287240092573469 ], [ -78.079117775812563, 39.287244581430826 ], [ -78.079130060313744, 39.287248349150332 ], [ -78.079136753819355, 39.287249832095362 ], [ -78.079149858347662, 39.287253851380974 ], [ -78.079160031358242, 39.287241578843954 ], [ -78.079170863481977, 39.287230963314911 ], [ -78.079180715512095, 39.287219077833122 ], [ -78.079208974312266, 39.287191384008985 ], [ -78.079240590060351, 39.287165975972066 ], [ -78.079250772773989, 39.287158558209001 ], [ -78.079285440958316, 39.287135680638521 ], [ -78.079322827722422, 39.287115553880668 ], [ -78.079362573060493, 39.287098371858036 ], [ -78.079404294160199, 39.287084299904336 ], [ -78.07942143860393, 39.287080012790042 ] ], [ [ -78.079836028232734, 39.287793771745953 ], [ -78.07983963332768, 39.287783945242019 ], [ -78.079847314923541, 39.287768820153381 ], [ -78.079843503928515, 39.287774591956321 ], [ -78.079833872217492, 39.287786211686026 ], [ -78.07983276291057, 39.287788395805798 ], [ -78.07983118420141, 39.287790786781073 ], [ -78.079836028232734, 39.287793771745953 ] ], [ [ -78.081422099057676, 39.2884807451317 ], [ -78.081438852179915, 39.288485882944506 ], [ -78.081479318833416, 39.288502017498807 ], [ -78.081517555570201, 39.288521156670555 ], [ -78.081553194105211, 39.288543116006281 ], [ -78.081585891263998, 39.288567684206541 ], [ -78.081615332169235, 39.288594624557092 ], [ -78.081641233258978, 39.288623677616862 ], [ -78.081663344968973, 39.288654563627489 ], [ -78.081681454523206, 39.288686985105464 ], [ -78.081681866790831, 39.288687980624907 ], [ -78.081685565624269, 39.288685286068684 ], [ -78.081695748323227, 39.288677868091732 ], [ -78.081703562242296, 39.288672175741475 ], [ -78.081714346072118, 39.288655843003916 ], [ -78.081738975256187, 39.288626129499647 ], [ -78.081767233686719, 39.288598435042886 ], [ -78.081798849101673, 39.288573026301719 ], [ -78.081830804610277, 39.288551938036264 ], [ -78.081859945212599, 39.288528518271541 ], [ -78.081869643473425, 39.288521453244627 ], [ -78.081889744324414, 39.288501753467621 ], [ -78.081920965435344, 39.28847666163233 ], [ -78.08191229591695, 39.288473205049584 ], [ -78.081874059089785, 39.288454066004483 ], [ -78.081838420491778, 39.288432106764759 ], [ -78.081805723300391, 39.288407538634075 ], [ -78.081776282508912, 39.288380598334101 ], [ -78.081750381444834, 39.288351545304614 ], [ -78.081728269666854, 39.288320659308376 ], [ -78.081710160174552, 39.28828823783865 ], [ -78.0817046428959, 39.288274914849332 ], [ -78.081698031378636, 39.288287933586908 ], [ -78.081677268806203, 39.288319379947126 ], [ -78.081652639828334, 39.288349093445653 ], [ -78.081624381460799, 39.288376787877681 ], [ -78.081592765962654, 39.288402196570175 ], [ -78.081558097836364, 39.288425074829135 ], [ -78.081520710951423, 39.288445202209772 ], [ -78.081480965308927, 39.288462385047943 ], [ -78.081439243742992, 39.288476457728891 ], [ -78.081422099057676, 39.2884807451317 ] ], [ [ -78.082787696327046, 39.289183631376225 ], [ -78.082752340337336, 39.289169535154684 ], [ -78.082714102892766, 39.289150396455049 ], [ -78.082678463563951, 39.289128437359125 ], [ -78.082645765754719, 39.289103869444055 ], [ -78.08261632435223, 39.289076929336588 ], [ -78.082590422689861, 39.289047876474619 ], [ -78.082568310332093, 39.289016990619274 ], [ -78.082561302863738, 39.28900444548443 ], [ -78.082554998602475, 39.28900951208994 ], [ -78.082552258288914, 39.289011508404137 ], [ -78.082548943686461, 39.28904310231048 ], [ -78.082540822261095, 39.289077878304496 ], [ -78.082528353490318, 39.289111868190083 ], [ -78.082511657496397, 39.289144744723927 ], [ -78.082490895002152, 39.289176191229579 ], [ -78.082466265918995, 39.28920590489539 ], [ -78.082438007606328, 39.289233599613652 ], [ -78.082414725873619, 39.289252310744295 ], [ -78.082413994058314, 39.289254305627061 ], [ -78.082416387254611, 39.289256103760515 ], [ -78.082425933372548, 39.289264016581299 ], [ -78.082455374772991, 39.28929095673643 ], [ -78.082481276461039, 39.28932000962871 ], [ -78.082503241376401, 39.289350689650128 ], [ -78.082509013766767, 39.289343725566432 ], [ -78.082537272095777, 39.289316030922002 ], [ -78.082568887700148, 39.289290621978736 ], [ -78.08257907040236, 39.289283203924867 ], [ -78.082589253106164, 39.289275785780035 ], [ -78.082623921349111, 39.289252907309638 ], [ -78.082661308503901, 39.289232779493837 ], [ -78.082701054330428, 39.289215596259616 ], [ -78.082742776120028, 39.289201523134388 ], [ -78.082783823186318, 39.289191258025198 ], [ -78.082787696327046, 39.289183631376225 ] ], [ [ -78.081005264074562, 39.289145975233822 ], [ -78.081000661792359, 39.289144955656504 ], [ -78.080995359241058, 39.289143329437856 ], [ -78.080990635435512, 39.289152630724082 ], [ -78.080976734277328, 39.28917368430826 ], [ -78.081003843351652, 39.289147117006436 ], [ -78.081005264074562, 39.289145975233822 ] ], [ [ -78.07923108771773, 39.288366813245467 ], [ -78.079216218348847, 39.28836351889975 ], [ -78.079173911975971, 39.288350543523983 ], [ -78.079152784425702, 39.28834211913609 ], [ -78.079132997406617, 39.288339328128274 ], [ -78.079089258196632, 39.288329637666479 ], [ -78.079046951873863, 39.288316662156113 ], [ -78.079024159654693, 39.28830757399701 ], [ -78.079020223549264, 39.288311431371937 ], [ -78.078988607183533, 39.288336839322191 ], [ -78.078978424264974, 39.288344257053517 ], [ -78.078968241344256, 39.288351674783868 ], [ -78.078933572437322, 39.288374552229172 ], [ -78.07889618476068, 39.288394678825732 ], [ -78.078895668654837, 39.288394901891202 ], [ -78.078893159316294, 39.288396557808575 ], [ -78.078860973996584, 39.288413883812709 ], [ -78.078865665049165, 39.288416232034578 ], [ -78.078901302652866, 39.288438192150437 ], [ -78.078903668970923, 39.288439970311735 ], [ -78.078904165809547, 39.288440218991646 ], [ -78.078939803433997, 39.288462179186524 ], [ -78.078972499596546, 39.288486748086356 ], [ -78.078982045093696, 39.28849466116943 ], [ -78.079011484929808, 39.288521602141003 ], [ -78.079037384765016, 39.288550655736842 ], [ -78.079059495393437, 39.288581542202088 ], [ -78.079077603703169, 39.288613964040159 ], [ -78.079084725907848, 39.288631164193497 ], [ -78.079089413815339, 39.288621933973999 ], [ -78.079110177616144, 39.288590488124264 ], [ -78.079134807843459, 39.288560775211955 ], [ -78.07916306711823, 39.288533081422614 ], [ -78.079194683516576, 39.288507673426601 ], [ -78.079229352411701, 39.28848479590318 ], [ -78.079266739929565, 39.288464669285013 ], [ -78.079306486068234, 39.288447487224239 ], [ -78.079348207996532, 39.288433415324064 ], [ -78.079365352777742, 39.288429128231392 ], [ -78.079348599839136, 39.288423990125942 ], [ -78.079308133765309, 39.288407854849851 ], [ -78.079269897735841, 39.288388714976037 ], [ -78.079237999882238, 39.288369059476416 ], [ -78.079232459913797, 39.28836736037406 ], [ -78.07923108771773, 39.288366813245467 ] ], [ [ -78.075896774453, 39.287674100724885 ], [ -78.075864225278096, 39.287673282597687 ], [ -78.075818894228135, 39.287670408041706 ], [ -78.075814995719242, 39.287669858000314 ], [ -78.075811059502399, 39.287670211110573 ], [ -78.075765584278116, 39.287670803189279 ], [ -78.075716263782667, 39.287669563453797 ], [ -78.075691642721878, 39.287668002177249 ], [ -78.075666943290287, 39.287668323697453 ], [ -78.075657079215333, 39.28766807574425 ], [ -78.075611748182226, 39.287665201107941 ], [ -78.075566998038582, 39.287658887532935 ], [ -78.075523259826184, 39.287649195672948 ], [ -78.075496612120105, 39.287641021750758 ], [ -78.075460754451754, 39.287640120340349 ], [ -78.075424929259682, 39.287637848451602 ], [ -78.075390962420784, 39.287649303495257 ], [ -78.075388854640678, 39.287649830478443 ], [ -78.075411944785785, 39.287659038449313 ], [ -78.075450179299395, 39.287678179539633 ], [ -78.075485815405486, 39.287700140740668 ], [ -78.075518509964226, 39.287724710465938 ], [ -78.075528054952372, 39.287732623904965 ], [ -78.075537599946415, 39.287740537253278 ], [ -78.075567038108161, 39.287767479038571 ], [ -78.075592936327141, 39.287796533343922 ], [ -78.075615045066698, 39.287827420398941 ], [ -78.075633151579439, 39.287859842710084 ], [ -78.075638667660201, 39.28787316594385 ], [ -78.075645280235818, 39.287860147590841 ], [ -78.075666045294469, 39.287828702402209 ], [ -78.07569067664673, 39.287798990260946 ], [ -78.075718937018479, 39.287771297348087 ], [ -78.075750554128959, 39.287745890316927 ], [ -78.075785223690843, 39.287723013846026 ], [ -78.075822611711601, 39.287702888265095 ], [ -78.075862358173268, 39.287685707485331 ], [ -78.075896774453, 39.287674100724885 ] ], [ [ -78.075019057870875, 39.287633461629625 ], [ -78.074995967674553, 39.287624253580006 ], [ -78.074957733322535, 39.287605112345929 ], [ -78.074922097434353, 39.287583151080725 ], [ -78.074889403161393, 39.28755858110754 ], [ -78.074859965352985, 39.287531639162886 ], [ -78.074834067654223, 39.287502584711106 ], [ -78.074828655223598, 39.287495023131576 ], [ -78.074823648799835, 39.287492516736314 ], [ -78.074789517206312, 39.287484953356348 ], [ -78.074757140326909, 39.287475021865241 ], [ -78.074736327821483, 39.287500127090432 ], [ -78.074708067192844, 39.28752781975507 ], [ -78.074676449710054, 39.287553226490154 ], [ -78.074641779894762, 39.287576102620527 ], [ -78.07462413996798, 39.28758559774711 ], [ -78.074644460842734, 39.287593701509778 ], [ -78.074682695096911, 39.28761284284348 ], [ -78.07471833092012, 39.287634804179724 ], [ -78.074751025164062, 39.287659374199826 ], [ -78.074755547561779, 39.287663513211037 ], [ -78.074760570057094, 39.287667287608365 ], [ -78.074770114948535, 39.287675201106182 ], [ -78.074779659961663, 39.287683114516199 ], [ -78.074809097682092, 39.2877100564789 ], [ -78.07482146810834, 39.287723934601097 ], [ -78.074823328323248, 39.287722579642313 ], [ -78.074857998158066, 39.287699703458813 ], [ -78.074895386413218, 39.287679578185525 ], [ -78.074935133068507, 39.287662397730749 ], [ -78.074950879333926, 39.28765708743763 ], [ -78.074955180355687, 39.287655228378583 ], [ -78.074970926143649, 39.287649918340961 ], [ -78.074975227758486, 39.28764805893573 ], [ -78.075016949973076, 39.287633988603069 ], [ -78.075019057870875, 39.287633461629625 ] ], [ [ -78.075528862342466, 39.288239598267893 ], [ -78.075528438557996, 39.288240432708086 ], [ -78.075507673190174, 39.288271877860396 ], [ -78.075505840161171, 39.288274089056735 ], [ -78.075502489815079, 39.28828321942386 ], [ -78.075485790814909, 39.288316094836475 ], [ -78.075465025519748, 39.288347539982162 ], [ -78.075446545346452, 39.288369831763553 ], [ -78.075467279656607, 39.288382609422008 ], [ -78.07549997450775, 39.288407179251699 ], [ -78.075509519585452, 39.288415092604858 ], [ -78.075538958002738, 39.288442034404767 ], [ -78.075564856441147, 39.288471088722353 ], [ -78.075586965361978, 39.288501975787106 ], [ -78.075604017120952, 39.288532509067302 ], [ -78.075618477144403, 39.288504041459916 ], [ -78.075639242426931, 39.288472596196733 ], [ -78.075654427932946, 39.288454278572594 ], [ -78.075664384561037, 39.288427143990809 ], [ -78.075664418419123, 39.288426998993266 ], [ -78.075676890325113, 39.288393009960721 ], [ -78.075685803042333, 39.288375463345638 ], [ -78.075687711745232, 39.288370261673933 ], [ -78.075696624456569, 39.288352715057755 ], [ -78.075698533157947, 39.288347513385808 ], [ -78.075715232068802, 39.28831463793933 ], [ -78.075724363612935, 39.288300809791224 ], [ -78.075736555888739, 39.288276806832314 ], [ -78.075737259763443, 39.288275740885048 ], [ -78.075741317623041, 39.288264682174983 ], [ -78.07573890935349, 39.28826287235669 ], [ -78.075729364268383, 39.288254959021998 ], [ -78.075699925964813, 39.288228017272672 ], [ -78.075674027552026, 39.288198962985383 ], [ -78.075651918563182, 39.288168075935005 ], [ -78.075633811970974, 39.28813565362497 ], [ -78.075628295873614, 39.28812233039077 ], [ -78.075621683267173, 39.288135348741257 ], [ -78.075600918089876, 39.288166793916353 ], [ -78.075576286677887, 39.288196506033593 ], [ -78.075548026070422, 39.288224198901446 ], [ -78.075528862342466, 39.288239598267893 ] ], [ [ -78.078311081123431, 39.28900847964092 ], [ -78.078310567200504, 39.289008365748003 ], [ -78.078268260634331, 39.288995390035602 ], [ -78.078263739665402, 39.288993587295899 ], [ -78.078256620128428, 39.288992583034727 ], [ -78.078212880546459, 39.28898289214051 ], [ -78.078196278555026, 39.288977800180028 ], [ -78.078178343265762, 39.288975270189013 ], [ -78.078134603707085, 39.28896557926614 ], [ -78.07812553687188, 39.28896279842575 ], [ -78.078124116969732, 39.288964189810613 ], [ -78.07809249998617, 39.288989597491437 ], [ -78.078057830482123, 39.289012474650818 ], [ -78.078020442336594, 39.289032600944545 ], [ -78.07798069557407, 39.289049782449851 ], [ -78.077953738467627, 39.28905887397746 ], [ -78.077970587755104, 39.289061250786055 ], [ -78.078014327346096, 39.289070941771911 ], [ -78.078036908090056, 39.289077867446672 ], [ -78.078043601393261, 39.28907935045121 ], [ -78.078085908074513, 39.289092326338448 ], [ -78.078126374225718, 39.28910846204257 ], [ -78.078141326876192, 39.289115946973709 ], [ -78.078144137508687, 39.28911680905793 ], [ -78.07814422030053, 39.289116842036705 ], [ -78.078165642442357, 39.289119863912617 ], [ -78.078199476240655, 39.289127360097609 ], [ -78.078203581793801, 39.289125975445259 ], [ -78.078214667901065, 39.289123203485417 ], [ -78.078242049028205, 39.289111367276163 ], [ -78.078283771664715, 39.289097295785147 ], [ -78.078327068192309, 39.289086469865111 ], [ -78.078333870760346, 39.289085325816082 ], [ -78.078356979881846, 39.289079547664507 ], [ -78.078401433487045, 39.289072071693639 ], [ -78.078433535503777, 39.289069191311896 ], [ -78.078412028438194, 39.289060615552692 ], [ -78.078373792323191, 39.289041475471826 ], [ -78.078348114088612, 39.289025652233633 ], [ -78.078334707851823, 39.289020306603582 ], [ -78.078311081123431, 39.28900847964092 ] ], [ [ -78.074805143492739, 39.288907972108625 ], [ -78.074789654658588, 39.28890453991535 ], [ -78.074747348884387, 39.288891562948265 ], [ -78.074706883589215, 39.288875426098414 ], [ -78.074698607909212, 39.288871283152872 ], [ -78.074669498901585, 39.28885967488177 ], [ -78.074651890036236, 39.288876929411941 ], [ -78.074637798696997, 39.288888252509871 ], [ -78.074655800690834, 39.288899346460546 ], [ -78.074685786964935, 39.288921881028031 ], [ -78.074707291892139, 39.288930456877338 ], [ -78.074745526870046, 39.288949598214565 ], [ -78.074781163366637, 39.288971559553424 ], [ -78.07480664409421, 39.288990708258886 ], [ -78.074837674054763, 39.288992676179184 ], [ -78.074882424954311, 39.288998990153175 ], [ -78.074892477936089, 39.289001217781255 ], [ -78.074924203776945, 39.288993286100073 ], [ -78.074967184408479, 39.288986059173077 ], [ -78.074950987547027, 39.288981090895916 ], [ -78.074910522266109, 39.288964954116381 ], [ -78.074872287231727, 39.288945812831443 ], [ -78.074844966905445, 39.288928976416571 ], [ -78.074814378244099, 39.288913663140491 ], [ -78.074805143492739, 39.288907972108625 ] ], [ [ -78.07532635981093, 39.289000523584505 ], [ -78.07536391768312, 39.289015500786242 ], [ -78.075366262642859, 39.289012672133325 ], [ -78.075370538502952, 39.289004254464132 ], [ -78.075379670088154, 39.288990426527519 ], [ -78.075384515204902, 39.28898088808976 ], [ -78.075376521094512, 39.28898434351612 ], [ -78.075334798124558, 39.288998413947517 ], [ -78.07532635981093, 39.289000523584505 ] ], [ [ -78.07878988820238, 39.289089941207841 ], [ -78.078806641250992, 39.28909507939774 ], [ -78.078847107585005, 39.289111214857265 ], [ -78.078885343871804, 39.289130354878523 ], [ -78.078920981830677, 39.28915231499986 ], [ -78.07895367829272, 39.28917688391428 ], [ -78.078983118387313, 39.289203824900603 ], [ -78.079009018444523, 39.28923287850882 ], [ -78.079031129256336, 39.2892637649839 ], [ -78.07904295041206, 39.289284929870206 ], [ -78.079052777209753, 39.28926558206566 ], [ -78.079073541238586, 39.289234136143278 ], [ -78.079076206559492, 39.289230920882005 ], [ -78.079084043001643, 39.289219053002896 ], [ -78.079086708201913, 39.289215837828415 ], [ -78.079094544760039, 39.289203969861354 ], [ -78.079119175225159, 39.289174256963427 ], [ -78.079130007798241, 39.289163641185603 ], [ -78.0791398599996, 39.289151755988236 ], [ -78.079152380981483, 39.289139485745622 ], [ -78.079157157552132, 39.289130081092331 ], [ -78.079172178630387, 39.289107332511314 ], [ -78.079172183576802, 39.289107213542231 ], [ -78.079175881101918, 39.28907198666068 ], [ -78.079184004178728, 39.289037210964295 ], [ -78.079187624473519, 39.289027343516388 ], [ -78.079173518018294, 39.289016743630981 ], [ -78.07914407792164, 39.288989802692313 ], [ -78.079118177890066, 39.288960749114402 ], [ -78.079096067126088, 39.288929862656623 ], [ -78.079077958735255, 39.288897440819568 ], [ -78.07907244192323, 39.288884117723491 ], [ -78.079065829862742, 39.288897136289705 ], [ -78.079045065943333, 39.288928582125912 ], [ -78.079020435540471, 39.288958295011312 ], [ -78.078992176029985, 39.288985988755691 ], [ -78.078960559335584, 39.289011396683932 ], [ -78.07892589008712, 39.28903427411236 ], [ -78.078888502161107, 39.289054400694098 ], [ -78.078848755579898, 39.289071582503659 ], [ -78.078807033175423, 39.289085654205252 ], [ -78.07878988820238, 39.289089941207841 ] ], [ [ -78.082299089317132, 39.290493086623684 ], [ -78.082264970685785, 39.290507836551441 ], [ -78.08222324801838, 39.290521909469724 ], [ -78.082192158983602, 39.290529683991338 ], [ -78.082222538136435, 39.290539000204518 ], [ -78.082263006141233, 39.290555134532212 ], [ -78.082274914774644, 39.290561095005366 ], [ -78.082277205810271, 39.29055762506934 ], [ -78.08230183536493, 39.290527911467478 ], [ -78.082316421149983, 39.290513617002681 ], [ -78.082303051924427, 39.290498621419204 ], [ -78.082299089317132, 39.290493086623684 ] ], [ [ -78.081894205032057, 39.290520837732032 ], [ -78.081868701289068, 39.290513016544814 ], [ -78.081828233291304, 39.290496882081172 ], [ -78.081812150721902, 39.290488832363422 ], [ -78.081819512678422, 39.290515261705288 ], [ -78.081822010902954, 39.290532068873674 ], [ -78.081822047911501, 39.290532135204217 ], [ -78.081825643049854, 39.290540816320203 ], [ -78.081858126674305, 39.290529859828489 ], [ -78.081894205032057, 39.290520837732032 ] ], [ [ -78.07882217178485, 39.28978733088956 ], [ -78.078828894300912, 39.289769008166807 ], [ -78.078845592153314, 39.289736132235298 ], [ -78.078846285604044, 39.289735082042476 ], [ -78.078820705657492, 39.289746139695907 ], [ -78.078804958587256, 39.289751450670366 ], [ -78.078800657997405, 39.289753309701901 ], [ -78.07876479465564, 39.28976540527556 ], [ -78.078778590901109, 39.289769636561893 ], [ -78.078819057607262, 39.289785772043928 ], [ -78.07882217178485, 39.28978733088956 ] ], [ [ -78.079727792917296, 39.290410606113099 ], [ -78.079749558525847, 39.290411152481418 ], [ -78.079794891594943, 39.290414025576034 ], [ -78.079839643957229, 39.290420337691195 ], [ -78.079864387730197, 39.290425819367421 ], [ -78.079888647918949, 39.290429241162251 ], [ -78.079932388544421, 39.290438931463491 ], [ -78.079954969472936, 39.290445856686283 ], [ -78.07996166352747, 39.290447339691021 ], [ -78.079966602016796, 39.290448854301964 ], [ -78.079971178468753, 39.290449144299281 ], [ -78.08001593076122, 39.290455456255081 ], [ -78.080058382672007, 39.290464861021725 ], [ -78.08010152713338, 39.29045760469149 ], [ -78.080102585814643, 39.290457509647908 ], [ -78.080092074409336, 39.290453318623712 ], [ -78.080053837066913, 39.290434179053726 ], [ -78.080018198109983, 39.290412219156153 ], [ -78.079985500708247, 39.290387650510105 ], [ -78.079956059741207, 39.290360709839277 ], [ -78.079939810400163, 39.290342482662901 ], [ -78.079938702961314, 39.290342041101951 ], [ -78.079900465726311, 39.290322901395044 ], [ -78.079864826874598, 39.290300941454028 ], [ -78.079858985057442, 39.290296551961312 ], [ -78.079857045156274, 39.290299489787849 ], [ -78.079832414569324, 39.290329202834009 ], [ -78.079804154777634, 39.290356896851371 ], [ -78.079772537718824, 39.290382304893107 ], [ -78.079737868015087, 39.290405182543473 ], [ -78.079727792917296, 39.290410606113099 ] ], [ [ -78.080630226087408, 39.291071880126601 ], [ -78.08062464255687, 39.291076367170135 ], [ -78.080642729087373, 39.291108747415358 ], [ -78.080656661899098, 39.291142392274075 ], [ -78.080666283781426, 39.291176936378768 ], [ -78.080671502020436, 39.291212046879465 ], [ -78.080672266311126, 39.291247385864054 ], [ -78.080671735025248, 39.29125244822955 ], [ -78.080680564545176, 39.291246016432957 ], [ -78.080715234391491, 39.291223138508371 ], [ -78.080752623024054, 39.291203011369376 ], [ -78.080792370419005, 39.291185828942183 ], [ -78.080834093860048, 39.291171756567337 ], [ -78.080850670488047, 39.291167611486095 ], [ -78.080808378512117, 39.291158242546736 ], [ -78.080766070156741, 39.291145267681557 ], [ -78.080725602196623, 39.291129132834328 ], [ -78.080687364311842, 39.291109993454349 ], [ -78.080651724814672, 39.291088033732919 ], [ -78.080630226087408, 39.291071880126601 ] ], [ [ -78.073023125564646, 39.289493178039223 ], [ -78.073032590309793, 39.289527172321677 ], [ -78.073037804634382, 39.289562283115437 ], [ -78.073038565112768, 39.289597622013723 ], [ -78.073038245730302, 39.289605287377981 ], [ -78.07303623581447, 39.28962442035342 ], [ -78.073036648812362, 39.289643614289155 ], [ -78.073036329429158, 39.289651279653356 ], [ -78.073032628782968, 39.289686506309486 ], [ -78.073024502594265, 39.289721281365217 ], [ -78.073016441144588, 39.289743247969369 ], [ -78.073030501615506, 39.289729470997628 ], [ -78.073062120695312, 39.289704064777787 ], [ -78.073083916821886, 39.289689684177723 ], [ -78.073083935034319, 39.289689605991221 ], [ -78.073096408438602, 39.289655617207416 ], [ -78.073113108894077, 39.289622742198709 ], [ -78.073130563008732, 39.289596313484914 ], [ -78.073135167094136, 39.289583767700528 ], [ -78.073101710216946, 39.289563148922319 ], [ -78.073069015734049, 39.289538578433728 ], [ -78.073039577870063, 39.289511636031158 ], [ -78.073023125564646, 39.289493178039223 ] ], [ [ -78.073745385213343, 39.290229428231463 ], [ -78.07373103736974, 39.290238894762439 ], [ -78.07369364728325, 39.290259019496766 ], [ -78.073677748334433, 39.290265891275752 ], [ -78.073663415373161, 39.29027360591774 ], [ -78.073638966273663, 39.290284173230134 ], [ -78.073642014182383, 39.290285108145206 ], [ -78.073682479886273, 39.290301245380768 ], [ -78.073720715290818, 39.290320386978706 ], [ -78.073756352112653, 39.290342348731322 ], [ -78.073789047204997, 39.290366919046768 ], [ -78.073798592333787, 39.290374832540856 ], [ -78.073816682021388, 39.29039138837539 ], [ -78.073836772982503, 39.290406486602969 ], [ -78.073846318122023, 39.290414400093482 ], [ -78.073855863379492, 39.290422313586227 ], [ -78.073869167366354, 39.290434489520997 ], [ -78.073870148774219, 39.290433527859165 ], [ -78.073901767897368, 39.290408121414131 ], [ -78.073936439396235, 39.290385245575848 ], [ -78.07397382937539, 39.290365120670799 ], [ -78.074013577798084, 39.290347940603723 ], [ -78.074052870834464, 39.290334690403888 ], [ -78.074016236668101, 39.290323453119491 ], [ -78.073975770751957, 39.2903073159939 ], [ -78.073937535283264, 39.290288174387449 ], [ -78.07391988899461, 39.290277299620996 ], [ -78.073878273867663, 39.290271427816911 ], [ -78.073834534322714, 39.290261735272892 ], [ -78.073792227944438, 39.290248757936723 ], [ -78.073751762242452, 39.290232620739431 ], [ -78.073745385213343, 39.290229428231463 ] ], [ [ -78.074664231768992, 39.289831939508012 ], [ -78.07467854547653, 39.289814674280159 ], [ -78.074706806977375, 39.289786981664328 ], [ -78.074738425506098, 39.289761574966938 ], [ -78.074748609068223, 39.289754157543143 ], [ -78.074754441069985, 39.289749909723895 ], [ -78.074731646884203, 39.289742917868217 ], [ -78.0747302747003, 39.289742370686938 ], [ -78.07471540529113, 39.289739075763208 ], [ -78.074688009216558, 39.289730672300664 ], [ -78.074682491386525, 39.289730744080671 ], [ -78.074637159090315, 39.28972786901663 ], [ -78.074592407870185, 39.289721555025174 ], [ -78.074548668431987, 39.289711862755311 ], [ -78.074537280398033, 39.289708369603254 ], [ -78.074552594999759, 39.28971780733157 ], [ -78.07458529011123, 39.289742377334932 ], [ -78.074614728684082, 39.289769319371111 ], [ -78.074640627182617, 39.289798373892864 ], [ -78.074662736067495, 39.289829261127686 ], [ -78.074664231768992, 39.289831939508012 ] ], [ [ -78.077254308914732, 39.29087787705641 ], [ -78.077249686813957, 39.290876034079822 ], [ -78.077245200162722, 39.29088486713156 ], [ -78.077224434800883, 39.290916312670475 ], [ -78.077199802901632, 39.290946025106102 ], [ -78.077171541735623, 39.290973718339693 ], [ -78.077139923588859, 39.290999125709746 ], [ -78.077105252758827, 39.291022002529189 ], [ -78.077067863141039, 39.29104212836711 ], [ -78.077028114993453, 39.291059309580021 ], [ -78.076986391058469, 39.291073380565905 ], [ -78.076969245497921, 39.291077667276291 ], [ -78.07698599886227, 39.291082805739833 ], [ -78.077026465855781, 39.291098941855637 ], [ -78.077064702661616, 39.291118082402079 ], [ -78.077100341098713, 39.291140043184413 ], [ -78.077133037774217, 39.291164612614416 ], [ -78.077162477811726, 39.291191554055956 ], [ -78.077188377888191, 39.291220608063277 ], [ -78.077210488449055, 39.29125149486886 ], [ -78.077228596498884, 39.291283916975786 ], [ -78.077232507758055, 39.291293363068313 ], [ -78.077241044706582, 39.29127655632157 ], [ -78.077261810174036, 39.291245110875103 ], [ -78.07728644204488, 39.291215398427688 ], [ -78.077314703270517, 39.291187705169129 ], [ -78.077345630343089, 39.291162853154894 ], [ -78.077365939882895, 39.291142951788693 ], [ -78.077397558135516, 39.291117544359984 ], [ -78.077407741633039, 39.291110126791608 ], [ -78.077417925128415, 39.291102709222251 ], [ -78.077428108621646, 39.291095291651885 ], [ -78.077438292116483, 39.291087873990584 ], [ -78.077463012022591, 39.291071563052853 ], [ -78.077459459934801, 39.291070146675352 ], [ -78.077421223042265, 39.291051006165581 ], [ -78.077385584654223, 39.291029045572152 ], [ -78.077352887946091, 39.291004476211725 ], [ -78.077323447790675, 39.290977534814942 ], [ -78.07729754773986, 39.290948480837912 ], [ -78.077275437342621, 39.29091759405253 ], [ -78.077257329358417, 39.290885171863884 ], [ -78.077254308914732, 39.29087787705641 ] ], [ [ -78.076382564591697, 39.290852333661121 ], [ -78.076377119012363, 39.290863054285808 ], [ -78.076356353162566, 39.290894499652481 ], [ -78.076331721031366, 39.290924211893667 ], [ -78.076303459545329, 39.290951904903778 ], [ -78.076271841109374, 39.290977312026357 ], [ -78.076237170023774, 39.29100018857676 ], [ -78.076199780186485, 39.291020314126627 ], [ -78.076160031857597, 39.291037495035269 ], [ -78.076118307781229, 39.291051565703569 ], [ -78.076101162181075, 39.291055852284153 ], [ -78.07611791546897, 39.291060990870236 ], [ -78.076158382231853, 39.291077127280289 ], [ -78.076196618771704, 39.291096268102962 ], [ -78.076232256909989, 39.291118229140878 ], [ -78.076264953256782, 39.291142798803307 ], [ -78.076294392938806, 39.291169740451913 ], [ -78.076320292636424, 39.291198794638923 ], [ -78.076331667249235, 39.291214684504567 ], [ -78.076337688526365, 39.291212081822799 ], [ -78.076341081693471, 39.291210937520518 ], [ -78.076371613353913, 39.291190792265461 ], [ -78.076409003127168, 39.291170666569499 ], [ -78.076448751474118, 39.291153485666598 ], [ -78.076454189141117, 39.291151651876774 ], [ -78.076459283190857, 39.291148909946408 ], [ -78.07649903151767, 39.291131728935348 ], [ -78.076506752725734, 39.291129125092851 ], [ -78.076512588854641, 39.29112527429713 ], [ -78.076549978670016, 39.291105148555708 ], [ -78.076589726947375, 39.291087967601754 ], [ -78.076631450961855, 39.291073896761596 ], [ -78.076648596538988, 39.291069610101765 ], [ -78.076631843205462, 39.29106447159063 ], [ -78.076591376330597, 39.291048335341529 ], [ -78.07655313970406, 39.291029194555506 ], [ -78.076517501498984, 39.291007233703596 ], [ -78.076484805119577, 39.290982664110736 ], [ -78.07645536543545, 39.290955722509807 ], [ -78.076429465763454, 39.290926668353094 ], [ -78.076407355648925, 39.290895781414221 ], [ -78.076400521545779, 39.290883544677989 ], [ -78.076398129180006, 39.290880202645639 ], [ -78.076382564591697, 39.290852333661121 ] ], [ [ -78.078122426191825, 39.290916639725282 ], [ -78.078120402033136, 39.290919081465574 ], [ -78.078112565224473, 39.290930949263483 ], [ -78.078106935198676, 39.290937740668397 ], [ -78.078133769119376, 39.290938414639754 ], [ -78.078124773775045, 39.290922309042124 ], [ -78.078122426191825, 39.290916639725282 ] ], [ [ -78.078928171725735, 39.291639757686134 ], [ -78.078907918470648, 39.291664189167093 ], [ -78.078879657761746, 39.291691882830314 ], [ -78.078848039748877, 39.291717290670363 ], [ -78.078824482494412, 39.291732834830555 ], [ -78.078859236136594, 39.291724145274024 ], [ -78.078903691276736, 39.291716669172061 ], [ -78.078948875454302, 39.291712614974799 ], [ -78.078994353465518, 39.291712021751472 ], [ -78.079016119346903, 39.291712568269034 ], [ -78.079006515720778, 39.291706650745773 ], [ -78.078973818116069, 39.291682081810578 ], [ -78.078964272208808, 39.29167416871438 ], [ -78.078934831144664, 39.291647227694611 ], [ -78.078928171725735, 39.291639757686134 ] ], [ [ -78.078023059060456, 39.29166907109434 ], [ -78.078009751349612, 39.291674823475226 ], [ -78.078004194216589, 39.291676697578218 ], [ -78.077999376240172, 39.291679876579607 ], [ -78.077979947077452, 39.291695489390705 ], [ -78.077945276147545, 39.291718366455662 ], [ -78.077907886486258, 39.291738492559659 ], [ -78.077868138121488, 39.291755674050933 ], [ -78.077826413797709, 39.2917697453247 ], [ -78.077809268108012, 39.291774032154059 ], [ -78.077826021704411, 39.291779170504576 ], [ -78.077866489416522, 39.291795306351524 ], [ -78.077904726832386, 39.291814446732509 ], [ -78.077909709401183, 39.291817516966198 ], [ -78.077922342700262, 39.291812056110501 ], [ -78.077927780500971, 39.291810222255293 ], [ -78.077932874430758, 39.291807480257354 ], [ -78.077972622807437, 39.291790298834613 ], [ -78.07801434700184, 39.291776227504855 ], [ -78.078057645242779, 39.291765401753153 ], [ -78.078102100587699, 39.291757926054835 ], [ -78.078147284703064, 39.291753872168989 ], [ -78.078164466455931, 39.291753648156657 ], [ -78.078162284257715, 39.29175255583187 ], [ -78.078126645284897, 39.291730595355858 ], [ -78.078109496667636, 39.291717709671353 ], [ -78.07810410677132, 39.291715560520821 ], [ -78.078065869349203, 39.29169642020512 ], [ -78.0780302304358, 39.291674459701547 ], [ -78.078023059060456, 39.29166907109434 ] ], [ [ -78.079609618661451, 39.291796983871407 ], [ -78.079623417263974, 39.291803890755297 ], [ -78.079659056885191, 39.291825850794105 ], [ -78.079691754809332, 39.29185041945756 ], [ -78.079701300821299, 39.291858332587793 ], [ -78.079710846839163, 39.291866245627318 ], [ -78.079740288300002, 39.291893186464307 ], [ -78.079766189604143, 39.291922239941151 ], [ -78.079788301531593, 39.291953126304087 ], [ -78.079806410957886, 39.291985548057561 ], [ -78.07982030358346, 39.292019096510529 ], [ -78.079837711598628, 39.291992733719738 ], [ -78.079862342810912, 39.291963020701694 ], [ -78.07986946521126, 39.291956041097777 ], [ -78.079861308291413, 39.291949912223025 ], [ -78.079851762248765, 39.2919419991049 ], [ -78.079842216088736, 39.291934086073148 ], [ -78.079832670046642, 39.291926173043592 ], [ -78.079823124006694, 39.291918260013333 ], [ -78.079813577968892, 39.291910346982341 ], [ -78.079784136471986, 39.291883406162647 ], [ -78.079758235061419, 39.291854352597014 ], [ -78.079736123291781, 39.291823466232451 ], [ -78.079718013935775, 39.291791044470024 ], [ -78.079704081355729, 39.291757399511255 ], [ -78.079702608779044, 39.291752112532883 ], [ -78.079701274460888, 39.291748890275315 ], [ -78.079681462943498, 39.291761963090856 ], [ -78.079644073721283, 39.291782089770962 ], [ -78.079609618661451, 39.291796983871407 ] ], [ [ -78.081569719377995, 39.291394523924431 ], [ -78.081576804470728, 39.291383793549322 ], [ -78.081563490930478, 39.29138295003095 ], [ -78.081569040952999, 39.291392885812783 ], [ -78.081569719377995, 39.291394523924431 ] ], [ [ -78.082553478645607, 39.29114962075171 ], [ -78.082546784461002, 39.291148137891803 ], [ -78.082504475750966, 39.291135163647425 ], [ -78.082464007359349, 39.291119029390565 ], [ -78.082425768974133, 39.291099890474797 ], [ -78.082400565955055, 39.291084361912837 ], [ -78.082380054774589, 39.29110446325523 ], [ -78.082349128344788, 39.29112931764066 ], [ -78.082342000834828, 39.291136302678574 ], [ -78.082334840468434, 39.291155821057927 ], [ -78.082318143840013, 39.291188697532256 ], [ -78.082297380599783, 39.291220143967799 ], [ -78.082273473794089, 39.291248985192816 ], [ -78.082308866128855, 39.291270791744886 ], [ -78.082341564776527, 39.29129535978015 ], [ -78.082348214488562, 39.291301444376025 ], [ -78.082383780839109, 39.291289448083752 ], [ -78.082396583988057, 39.291276900798898 ], [ -78.082428200568188, 39.291251491936407 ], [ -78.082438383581831, 39.291244073908267 ], [ -78.082473052883074, 39.291221195527918 ], [ -78.08251044104567, 39.291201067804622 ], [ -78.082550188050291, 39.291183884670254 ], [ -78.082591911061144, 39.291169811648317 ], [ -78.082605049896046, 39.291166526002499 ], [ -78.082596031335683, 39.291160969374303 ], [ -78.082576060088584, 39.291156545482927 ], [ -78.082553478645607, 39.29114962075171 ] ], [ [ -78.081292672866013, 39.291864584698345 ], [ -78.081297527174584, 39.291857232980355 ], [ -78.081281647910359, 39.291861203737227 ], [ -78.081292672866013, 39.291864584698345 ] ], [ [ -78.080700628774807, 39.292366360792897 ], [ -78.080698138959448, 39.292368361724755 ], [ -78.080685123789749, 39.29238406225776 ], [ -78.080656863331853, 39.292411756362569 ], [ -78.080625245707566, 39.292437164698114 ], [ -78.080615062215458, 39.292444582549514 ], [ -78.080580391710313, 39.292467460416155 ], [ -78.080543002335773, 39.292487587468813 ], [ -78.080503254128146, 39.29250476977743 ], [ -78.080461529935008, 39.292518842001428 ], [ -78.080418231537152, 39.292529668643738 ], [ -78.080373776005786, 39.292537145220692 ], [ -78.080328591342365, 39.292541199954442 ], [ -78.080283112772307, 39.292541793679902 ], [ -78.08023378866082, 39.29254055573039 ], [ -78.080188454310957, 39.292537682758514 ], [ -78.080143700570886, 39.292531370727779 ], [ -78.080099958621631, 39.292521680549029 ], [ -78.08005764961085, 39.292508705312741 ], [ -78.080017180946527, 39.292492570195897 ], [ -78.079978942549758, 39.29247343056619 ], [ -78.079943302621984, 39.292451470614395 ], [ -78.079910604342246, 39.292426901920102 ], [ -78.079901058228529, 39.292418988893921 ], [ -78.079871616495467, 39.292392048089177 ], [ -78.079845714984955, 39.29236299462972 ], [ -78.079823602913663, 39.292332108273797 ], [ -78.079805493399789, 39.292299686521034 ], [ -78.079799976220286, 39.292286363451048 ], [ -78.079793363932453, 39.292299382045037 ], [ -78.079772599229713, 39.292330827969614 ], [ -78.079747967841882, 39.292360540960736 ], [ -78.079719707154254, 39.292388234827207 ], [ -78.079688089101893, 39.292413642892711 ], [ -78.079653418327723, 39.292436520472236 ], [ -78.07961602872669, 39.292456647127494 ], [ -78.079576280326108, 39.292473829201384 ], [ -78.079534555986584, 39.292487901086453 ], [ -78.079491257490361, 39.29249872728888 ], [ -78.079446801782538, 39.292506203595529 ], [ -78.079401617223809, 39.29251025797064 ], [ -78.079356138688524, 39.292510851333915 ], [ -78.079310804299169, 39.292507978018946 ], [ -78.07926605079362, 39.292501665656893 ], [ -78.079262359856372, 39.292500847979888 ], [ -78.079250784884778, 39.292523636951444 ], [ -78.079238900681887, 39.292541633889165 ], [ -78.079235339003517, 39.292551341370284 ], [ -78.079218640462656, 39.292584217322705 ], [ -78.079217936595995, 39.292585283200744 ], [ -78.07921369684432, 39.292596838519515 ], [ -78.079196998397194, 39.292629714470742 ], [ -78.079176233326976, 39.292661160273511 ], [ -78.079174400047606, 39.292663371700471 ], [ -78.079171050050391, 39.292672502000286 ], [ -78.07915435156346, 39.292705377943577 ], [ -78.079133586450126, 39.292736823736831 ], [ -78.079108954647054, 39.292766536575257 ], [ -78.079080693543546, 39.292794230269081 ], [ -78.079049075078672, 39.292819638143698 ], [ -78.079038891482654, 39.292827055941146 ], [ -78.079028707888227, 39.29283447364763 ], [ -78.078994036694979, 39.292857351013176 ], [ -78.078956646686407, 39.292877477439575 ], [ -78.07891689789372, 39.292894659271909 ], [ -78.078875173065512, 39.292908730902163 ], [ -78.078831874219219, 39.292919556844758 ], [ -78.078787418303349, 39.292927032889025 ], [ -78.078754648892698, 39.292929973069036 ], [ -78.078715741308017, 39.292943094535374 ], [ -78.078672442419304, 39.292953920416835 ], [ -78.078627986468248, 39.292961396398624 ], [ -78.078582801471555, 39.292965450439524 ], [ -78.0785373226541, 39.29296604347109 ], [ -78.078522955576574, 39.292965682667528 ], [ -78.078517028497586, 39.29296667934787 ], [ -78.078493918319282, 39.292972457486144 ], [ -78.0784788047104, 39.29297499904574 ], [ -78.078477390416296, 39.292975476024786 ], [ -78.078434091476041, 39.292986301815276 ], [ -78.078389635484555, 39.292993777704176 ], [ -78.0783444504589, 39.292997831651114 ], [ -78.078298971624235, 39.292998424588561 ], [ -78.078160863444111, 39.292994955889739 ], [ -78.078115528937076, 39.292992082101847 ], [ -78.078070775145875, 39.292985769269627 ], [ -78.078058481531556, 39.292983045562721 ], [ -78.078056658636001, 39.292982930050258 ], [ -78.078011904857277, 39.292976617195784 ], [ -78.077987160254651, 39.292971135006113 ], [ -78.077962899424534, 39.292967712879154 ], [ -78.077919157447141, 39.292958021788657 ], [ -78.077876848627113, 39.292945045854772 ], [ -78.077836380385548, 39.29292890990213 ], [ -78.07783575541778, 39.292928597010977 ], [ -78.077808751374803, 39.292920315011202 ], [ -78.077768283160509, 39.292904179125898 ], [ -78.077755156757718, 39.292897608531383 ], [ -78.077719148111854, 39.29289252924508 ], [ -78.077675406220038, 39.292882838065765 ], [ -78.077633097495053, 39.292869862046423 ], [ -78.077592629353319, 39.292853726102464 ], [ -78.077585284981922, 39.292850049793621 ], [ -78.07754479879506, 39.292849032719481 ], [ -78.077499464422061, 39.292846158695752 ], [ -78.077454710793248, 39.292839845631796 ], [ -78.077410969088575, 39.292830154448431 ], [ -78.077394366501508, 39.292825062350168 ], [ -78.077376430042847, 39.292822532195224 ], [ -78.077332688249399, 39.292812840890285 ], [ -78.077290379636906, 39.292799864750037 ], [ -78.077249911620754, 39.292783728691084 ], [ -78.077211673885273, 39.292764588084353 ], [ -78.07717603473013, 39.292742627402092 ], [ -78.077143337338114, 39.292718057961814 ], [ -78.077133791397145, 39.292710144716075 ], [ -78.077126816595168, 39.29270376194323 ], [ -78.077126505228733, 39.292703666466771 ], [ -78.077125133083769, 39.292703119314034 ], [ -78.077110262692969, 39.29269982466446 ], [ -78.077067954193467, 39.292686848447147 ], [ -78.077027486296785, 39.292670712314859 ], [ -78.076989248686175, 39.292651571639247 ], [ -78.076984393268873, 39.292648579692425 ], [ -78.076979119204637, 39.292646476731086 ], [ -78.076940881617247, 39.292627336130472 ], [ -78.076934088557849, 39.292623150236359 ], [ -78.076911341575183, 39.292614080086452 ], [ -78.076873104028493, 39.292594939374816 ], [ -78.076837464956483, 39.292572978502527 ], [ -78.076804767760521, 39.292548409063791 ], [ -78.076795222000868, 39.292540495705268 ], [ -78.076785676239638, 39.292532582436031 ], [ -78.076781106850561, 39.292528400880897 ], [ -78.076752282879568, 39.292522014521978 ], [ -78.076709974559463, 39.292509038180555 ], [ -78.076669506737005, 39.292492901927254 ], [ -78.076654553449984, 39.292485416606574 ], [ -78.076651742817802, 39.292484554575282 ], [ -78.07661127513957, 39.292468418305596 ], [ -78.076573037757726, 39.292449277500921 ], [ -78.076537398968526, 39.292427316635354 ], [ -78.076504701951251, 39.292402747028198 ], [ -78.076495156242018, 39.292394833736871 ], [ -78.076485610534917, 39.292386920444841 ], [ -78.07645617017927, 39.292359978824713 ], [ -78.076435843215108, 39.292337176483464 ], [ -78.076428655157187, 39.292331775107968 ], [ -78.07639921496191, 39.292304833477829 ], [ -78.076373314850926, 39.292275779296617 ], [ -78.076351204373751, 39.292244892338267 ], [ -78.07633309651743, 39.292212470105255 ], [ -78.076327580009348, 39.292199146985318 ], [ -78.07632096721855, 39.292212165270996 ], [ -78.076300200911248, 39.292243610515349 ], [ -78.076275568248022, 39.292273322719943 ], [ -78.07624730616439, 39.292301015689553 ], [ -78.076215687070956, 39.29232642276812 ], [ -78.076181015274358, 39.292349299271415 ], [ -78.076143624679375, 39.292369424771529 ], [ -78.076103875553429, 39.292386605628273 ], [ -78.076062150648283, 39.292400676242998 ], [ -78.076018851751627, 39.292411501134154 ], [ -78.075974395928256, 39.292418976104088 ], [ -78.075929211193625, 39.292423029121245 ], [ -78.075883732770095, 39.292423621127114 ], [ -78.075838398779112, 39.292420746468338 ], [ -78.075793645608357, 39.292414432780326 ], [ -78.075749904437131, 39.292404740899912 ], [ -78.075707596394409, 39.292391764203089 ], [ -78.075667128890046, 39.292375627611769 ], [ -78.075628891833958, 39.292356486507842 ], [ -78.075593253403468, 39.292334525365405 ], [ -78.075560556774434, 39.292309955506397 ], [ -78.07553111693467, 39.292283013669177 ], [ -78.075505217202533, 39.292253959308297 ], [ -78.075483107123915, 39.292223072199349 ], [ -78.075464999681984, 39.292190649846304 ], [ -78.075464074160692, 39.292188414617542 ], [ -78.075458094359647, 39.292180060914042 ], [ -78.075452870280486, 39.292190344918836 ], [ -78.075432103716793, 39.292221789996745 ], [ -78.075407470705812, 39.292251502003971 ], [ -78.075379208302152, 39.292279194750087 ], [ -78.075347588803695, 39.292304601578259 ], [ -78.075312916751514, 39.292327477812478 ], [ -78.075275526052863, 39.292347603027437 ], [ -78.075235776745586, 39.292364783579892 ], [ -78.075194051699086, 39.292378853877025 ], [ -78.075150752702356, 39.292389678440351 ], [ -78.07510629682119, 39.292397153075385 ], [ -78.075061112071566, 39.292401205753791 ], [ -78.075015633676017, 39.292401797420304 ], [ -78.074970299755705, 39.292398922424844 ], [ -78.074925546697642, 39.292392608406082 ], [ -78.074881805680036, 39.292382916204026 ], [ -78.074839497830368, 39.292369939197748 ], [ -78.074799030556662, 39.292353802312164 ], [ -78.074760793766615, 39.292334660931992 ], [ -78.074725155634951, 39.292312699533987 ], [ -78.074692459334671, 39.292288129442532 ], [ -78.074685987343869, 39.292282206534722 ], [ -78.074679995177419, 39.292278513959623 ], [ -78.074664700215251, 39.292270857279355 ], [ -78.074651038836421, 39.292262438563085 ], [ -78.074635744560922, 39.292254782256684 ], [ -78.074600106393973, 39.292232820820153 ], [ -78.074567410175106, 39.292208250696312 ], [ -78.074561324006837, 39.292203205098239 ], [ -78.074553504270696, 39.292215045687932 ], [ -78.074528870786153, 39.292244757492192 ], [ -78.074500608164101, 39.292272450104697 ], [ -78.074480144625952, 39.292288892658256 ], [ -78.074467128367473, 39.292304592179406 ], [ -78.074438865700202, 39.292332284684832 ], [ -78.074427977027625, 39.292341033733322 ], [ -78.074425847706124, 39.292350146481454 ], [ -78.074418806253419, 39.292369333924285 ], [ -78.074435849575679, 39.292371738564412 ], [ -78.074479590518138, 39.292381430841701 ], [ -78.074518621688227, 39.29239340301126 ], [ -78.074540538804314, 39.292389718079434 ], [ -78.074585723563942, 39.292385665604201 ], [ -78.074631201826364, 39.292385074102711 ], [ -78.074641066554065, 39.292385322167561 ], [ -78.074686400559969, 39.292388197293491 ], [ -78.074731153588004, 39.292394511403408 ], [ -78.074774894588401, 39.292404203661626 ], [ -78.074789585547421, 39.292408709801393 ], [ -78.074811974342623, 39.292406701820575 ], [ -78.074857452738087, 39.292406110233941 ], [ -78.074877182203522, 39.292406606324704 ], [ -78.074922516238516, 39.292409481359407 ], [ -78.074967269310648, 39.292415795289742 ], [ -78.075011010362275, 39.292425487460797 ], [ -78.075053318280368, 39.292438464407013 ], [ -78.075093785546088, 39.292454601294985 ], [ -78.075132022500796, 39.292473742481157 ], [ -78.075145683756261, 39.292482160958535 ], [ -78.075160978479502, 39.292489817390269 ], [ -78.075196616842305, 39.292511778662615 ], [ -78.075198983192749, 39.29251355689987 ], [ -78.075199480045171, 39.292513805596052 ], [ -78.075213141540843, 39.292522224251869 ], [ -78.075228435940531, 39.292529880486555 ], [ -78.075235251151213, 39.292534080188588 ], [ -78.075247393352171, 39.292537804479522 ], [ -78.075248559745702, 39.292537969022753 ], [ -78.075292300921589, 39.292547661002132 ], [ -78.075314882573181, 39.292554587326876 ], [ -78.075321576136062, 39.292556070497653 ], [ -78.075363884195824, 39.292569047335697 ], [ -78.075404351616825, 39.29258518403077 ], [ -78.075442588731519, 39.29260432512028 ], [ -78.075478227239984, 39.292626286401386 ], [ -78.075495189288432, 39.292639032471151 ], [ -78.075526274615697, 39.292658187967007 ], [ -78.075558971386769, 39.292682757840012 ], [ -78.075577061847127, 39.29269931315708 ], [ -78.075597154059622, 39.292714411300089 ], [ -78.075606699700501, 39.292722324752589 ], [ -78.075616245347277, 39.292730238114373 ], [ -78.075645685513734, 39.292757179939436 ], [ -78.075671585478673, 39.292786234276001 ], [ -78.075684371110199, 39.292804095252102 ], [ -78.075708552677796, 39.292818996368347 ], [ -78.0757391426298, 39.292834309186986 ], [ -78.075774781464801, 39.292856270387212 ], [ -78.075807478299353, 39.292880840193419 ], [ -78.075817024106044, 39.292888753543117 ], [ -78.075826569799062, 39.292896666889192 ], [ -78.075856010115416, 39.292923608665959 ], [ -78.075874621898365, 39.292944487186958 ], [ -78.075903419651226, 39.292970840847069 ], [ -78.075921460597712, 39.292991078917446 ], [ -78.075924307707481, 39.292992833370384 ], [ -78.075939602853978, 39.293000489892265 ], [ -78.075975241724606, 39.293022450943141 ], [ -78.075977608336288, 39.293024229351602 ], [ -78.075978104855238, 39.293024477855958 ], [ -78.076013743862433, 39.293046438988746 ], [ -78.076046440985067, 39.293071008736426 ], [ -78.076055986728633, 39.293078922065362 ], [ -78.076085427208739, 39.293105863789471 ], [ -78.076111327365666, 39.293134918035321 ], [ -78.076133437990421, 39.293165805041745 ], [ -78.076151545971115, 39.293198227307002 ], [ -78.076155113013158, 39.293206842300137 ], [ -78.076170344848151, 39.293228120034357 ], [ -78.076176344025427, 39.29323886145739 ], [ -78.076195005942608, 39.293259795870398 ], [ -78.076217116641089, 39.293290682863201 ], [ -78.076234280947276, 39.293321415355408 ], [ -78.076242909374571, 39.293322632614291 ], [ -78.076286651305338, 39.293332324334834 ], [ -78.076328960024355, 39.293345300844429 ], [ -78.076369428124579, 39.293361437226842 ], [ -78.076373565762111, 39.293363508412547 ], [ -78.076388838824897, 39.293369598453687 ], [ -78.076427076638467, 39.293388739333274 ], [ -78.076462715860472, 39.293410700246547 ], [ -78.076495413309885, 39.293435269878891 ], [ -78.076504959269172, 39.29344318317721 ], [ -78.076534399956969, 39.293470124795448 ], [ -78.076560300543051, 39.293499179044623 ], [ -78.076582411359652, 39.293530065972803 ], [ -78.076596079777119, 39.293554538616945 ], [ -78.07659644331234, 39.293555046466423 ], [ -78.076616299690684, 39.29357732049462 ], [ -78.076638410670867, 39.293608207416547 ], [ -78.076652079118062, 39.293632680145123 ], [ -78.076656864370946, 39.293639364753204 ], [ -78.076670532501396, 39.293663837021278 ], [ -78.076670896366394, 39.29366434532924 ], [ -78.076690752797916, 39.293686619346396 ], [ -78.076712863731117, 39.293717506163276 ], [ -78.076730972107796, 39.293749928440995 ], [ -78.076744903576653, 39.29378357370738 ], [ -78.076746130552621, 39.293787979816884 ], [ -78.076751020430777, 39.293789479561418 ], [ -78.076780773371581, 39.293791365981832 ], [ -78.076825527528754, 39.293797679234871 ], [ -78.076864481921007, 39.293806309946532 ], [ -78.076864668293894, 39.293806336250213 ], [ -78.076908410626118, 39.293816027660647 ], [ -78.076915352232703, 39.293818156671705 ], [ -78.076930219603796, 39.293815656786933 ], [ -78.076930408006021, 39.293815639900401 ], [ -78.076969998516844, 39.293808982909489 ], [ -78.077015184113733, 39.293804929519894 ], [ -78.077060663335175, 39.293804337101868 ], [ -78.077119853142506, 39.293805824291042 ], [ -78.077134627117488, 39.293806760961061 ], [ -78.077149448105729, 39.293806567875819 ], [ -78.077188908019792, 39.293807559309521 ], [ -78.07723424299104, 39.293810433476786 ], [ -78.077278997208168, 39.293816746647209 ], [ -78.077322739613706, 39.293826437904116 ], [ -78.077324574639164, 39.293827000737885 ], [ -78.077351984834536, 39.293828738428417 ], [ -78.077396739076647, 39.293835051554318 ], [ -78.07744048139287, 39.293844742855043 ], [ -78.077463063120177, 39.293851668590264 ], [ -78.077469757433462, 39.293853151747953 ], [ -78.07751206670595, 39.293866127845966 ], [ -78.077552535396634, 39.293882263836764 ], [ -78.077590773821953, 39.293901404354528 ], [ -78.077626413680591, 39.293923364932809 ], [ -78.077650492688377, 39.293941457871838 ], [ -78.077692824887649, 39.293950836551737 ], [ -78.077735134260422, 39.293963812662135 ], [ -78.077775603177969, 39.293979948581985 ], [ -78.077782088967808, 39.293983195044461 ], [ -78.077802392398894, 39.293966880402927 ], [ -78.077812576291706, 39.293959462726193 ], [ -78.077822760178634, 39.29395204513844 ], [ -78.077857432294834, 39.293929168160631 ], [ -78.077880890125641, 39.293916541750477 ], [ -78.07788145841927, 39.293915681204062 ], [ -78.077906091043516, 39.293885968662622 ], [ -78.077934353174868, 39.293858275295698 ], [ -78.077965972515671, 39.293832867760941 ], [ -78.077976156368024, 39.29382545015833 ], [ -78.077986340221969, 39.293818032464749 ], [ -78.078020667587225, 39.293795382891226 ], [ -78.078024989469455, 39.293788838354189 ], [ -78.078027654660403, 39.293785623478684 ], [ -78.078035492197998, 39.293773755262876 ], [ -78.07806012482132, 39.293744042686754 ], [ -78.078088386717795, 39.293716349274455 ], [ -78.078104789758342, 39.293703168612552 ], [ -78.078129440987837, 39.293679013329353 ], [ -78.078161060176527, 39.293653605735187 ], [ -78.078171243982126, 39.293646188113527 ], [ -78.078205915833934, 39.293623311020781 ], [ -78.078243306457111, 39.293603184771115 ], [ -78.078283055808654, 39.293586003282179 ], [ -78.078324781037566, 39.29357193188256 ], [ -78.078368080362765, 39.293561106057936 ], [ -78.078412536831195, 39.2935536302844 ], [ -78.078457722214367, 39.293549576324629 ], [ -78.078503201293131, 39.293548983335569 ], [ -78.07854853629955, 39.293551856989055 ], [ -78.078593290387118, 39.293558169649067 ], [ -78.078632244790441, 39.293566799678956 ], [ -78.078632431395164, 39.293566825985607 ], [ -78.078676173861894, 39.293576516824785 ], [ -78.078696929078987, 39.293582882154325 ], [ -78.078716893825899, 39.293563318552913 ], [ -78.078733297194617, 39.293550137447909 ], [ -78.078757947680856, 39.293525982369083 ], [ -78.078789566580284, 39.293500574592258 ], [ -78.078799266334244, 39.293493509425801 ], [ -78.07881936892295, 39.293473810805615 ], [ -78.078850987776505, 39.293448403010146 ], [ -78.078861171481847, 39.293440985323969 ], [ -78.078871355185044, 39.293433567636818 ], [ -78.078883842963648, 39.293425327848198 ], [ -78.078890194785799, 39.293412822565067 ], [ -78.078910960224292, 39.293381376830077 ], [ -78.078935592340514, 39.293351664047606 ], [ -78.078963853737193, 39.293323970401929 ], [ -78.078995472470027, 39.2932985625621 ], [ -78.07903014388971, 39.293275685205813 ], [ -78.07906753410164, 39.293255558674147 ], [ -78.079107283066804, 39.293238376887537 ], [ -78.0791490079379, 39.293224305177368 ], [ -78.079192306933535, 39.293213479122372 ], [ -78.079236763115048, 39.293206002931683 ], [ -78.07928194812969, 39.293201948638227 ], [ -78.079310420384459, 39.293201577228892 ], [ -78.079325047108867, 39.293187244189184 ], [ -78.079356665536565, 39.293161836240458 ], [ -78.07936684914776, 39.293154418506099 ], [ -78.079401520379164, 39.293131541031329 ], [ -78.079438910528509, 39.293111414375815 ], [ -78.079478659326824, 39.293094232455353 ], [ -78.079520384044287, 39.293080160605584 ], [ -78.079563682904691, 39.293069334316542 ], [ -78.079608138843653, 39.293061858065848 ], [ -78.079653323868314, 39.293057803626567 ], [ -78.079698802763005, 39.293057210160292 ], [ -78.079757992080715, 39.29305869598484 ], [ -78.079803326737689, 39.29306156913632 ], [ -78.079848080774099, 39.293067881309135 ], [ -78.079891823134204, 39.293077571596257 ], [ -78.079934132446937, 39.293090546903507 ], [ -78.079974601310767, 39.293106682057122 ], [ -78.079978739160182, 39.293108753210916 ], [ -78.079994012399098, 39.293114842695402 ], [ -78.08003225113508, 39.29313398242158 ], [ -78.080067891429408, 39.293155942267937 ], [ -78.080100590090694, 39.293180510930121 ], [ -78.080110136441974, 39.293188423946638 ], [ -78.080119229233517, 39.293195961091669 ], [ -78.080144580189796, 39.293211581154083 ], [ -78.08017727890774, 39.293236149706487 ], [ -78.080186825155664, 39.293244062804312 ], [ -78.080194150685656, 39.293250135026398 ], [ -78.080208713591759, 39.293255941262196 ], [ -78.080227994611121, 39.293260212662588 ], [ -78.080233315473407, 39.293253794098966 ], [ -78.080261576335872, 39.293226100116705 ], [ -78.080293194574594, 39.293200691904246 ], [ -78.08030337809781, 39.293193274084388 ], [ -78.080338049061325, 39.293170396319702 ], [ -78.080375438862674, 39.293150269440872 ], [ -78.080415187477996, 39.293133087102511 ], [ -78.080444364568748, 39.293123246723397 ], [ -78.080446213936312, 39.293121015771 ], [ -78.080474474661287, 39.293093321731284 ], [ -78.080502317998864, 39.293070946857426 ], [ -78.080504006555572, 39.293068389721974 ], [ -78.080528637780787, 39.293038676658199 ], [ -78.080539471016948, 39.293028060685415 ], [ -78.080549323450626, 39.293016175473966 ], [ -78.08056015607859, 39.29300556002439 ], [ -78.08057000899116, 39.292993674282577 ], [ -78.080573859239664, 39.292989901277288 ], [ -78.080576565404769, 39.292985802998416 ], [ -78.080601196688633, 39.29295608982958 ], [ -78.080606583383911, 39.292950811132364 ], [ -78.080618255142355, 39.292933135281238 ], [ -78.080642886389256, 39.292903422101993 ], [ -78.08064673663246, 39.292899649003921 ], [ -78.080649442785869, 39.292895550813 ], [ -78.080659075000185, 39.292883931132948 ], [ -78.080660184372277, 39.292881747009005 ], [ -78.080680948865563, 39.292850300919696 ], [ -78.080705580055493, 39.292820587724691 ], [ -78.08070943016736, 39.292816814801292 ], [ -78.080712136440738, 39.29281271634153 ], [ -78.08073676760371, 39.292783003138759 ], [ -78.08076502807404, 39.292755309017579 ], [ -78.080767311844113, 39.292753473716488 ], [ -78.08077475103569, 39.292738826888133 ], [ -78.080795515432655, 39.292707380774161 ], [ -78.080805147595783, 39.292695761079806 ], [ -78.080806256960088, 39.292693576954136 ], [ -78.080827021332382, 39.292662130743302 ], [ -78.080851652391431, 39.292632417511712 ], [ -78.08086417350512, 39.292620147277368 ], [ -78.080868950239932, 39.292610742381861 ], [ -78.080880580669813, 39.292593128975412 ], [ -78.080865092524149, 39.292571495517173 ], [ -78.08084523479296, 39.292549221985638 ], [ -78.080823122216472, 39.292518335801986 ], [ -78.080805012188534, 39.292485914186692 ], [ -78.080798802589484, 39.292470919633544 ], [ -78.080788987724645, 39.292457210489239 ], [ -78.080788253874019, 39.292456602193226 ], [ -78.080778707540972, 39.292448689142411 ], [ -78.080769161322152, 39.292440776183767 ], [ -78.080739719233605, 39.29241383558611 ], [ -78.080713817344275, 39.292384782306392 ], [ -78.080700628774807, 39.292366360792897 ] ], [ [ -78.079397871377083, 39.294433771982241 ], [ -78.079400637179276, 39.29442958370332 ], [ -78.079425269490116, 39.294399870827796 ], [ -78.079453531148786, 39.294372177076035 ], [ -78.079485150208413, 39.294346769118064 ], [ -78.079495333990181, 39.294339351289715 ], [ -78.079530005787689, 39.294316473891087 ], [ -78.079544450947679, 39.294308698377741 ], [ -78.079555369141772, 39.294297999504735 ], [ -78.079586297737649, 39.294273146228058 ], [ -78.079606606780686, 39.294253245189189 ], [ -78.079638225731244, 39.294227837185062 ], [ -78.07964840947588, 39.294220419431895 ], [ -78.079658593218369, 39.294213001677754 ], [ -78.079668777074531, 39.294205583925553 ], [ -78.07967896081648, 39.294198166079468 ], [ -78.079689144552546, 39.294190748322386 ], [ -78.079698844559431, 39.294183682907629 ], [ -78.079718946991761, 39.294163984308923 ], [ -78.079750565745528, 39.294138576267962 ], [ -78.07976026525705, 39.29413151128584 ], [ -78.07978036814265, 39.294111812146845 ], [ -78.079811986966348, 39.294086404090159 ], [ -78.079822170672131, 39.294078986320159 ], [ -78.079832354375753, 39.294071568549192 ], [ -78.079852721776575, 39.294056733004297 ], [ -78.079862421389819, 39.294049667835687 ], [ -78.079875929513534, 39.294036431008756 ], [ -78.079895634899515, 39.294012660719993 ], [ -78.079923896330087, 39.293984966842352 ], [ -78.079943635797662, 39.293969104577691 ], [ -78.07992698550801, 39.293960770718314 ], [ -78.079901304943434, 39.293944947658346 ], [ -78.079887897888881, 39.293939602267457 ], [ -78.079885052107954, 39.293938177837205 ], [ -78.079873301613674, 39.293935574794716 ], [ -78.079831301814949, 39.293922694522962 ], [ -78.079820595639916, 39.293926305222215 ], [ -78.079811993628894, 39.293930023511997 ], [ -78.079770268447589, 39.293944095447877 ], [ -78.079726969069995, 39.293954921703403 ], [ -78.079682512449736, 39.293962398064856 ], [ -78.079653829602421, 39.293964971733473 ], [ -78.079643871468548, 39.293974729900988 ], [ -78.079612252639663, 39.294000137911986 ], [ -78.0796020689248, 39.294007555663278 ], [ -78.079567397304572, 39.294030433181071 ], [ -78.079530006687293, 39.294050559768145 ], [ -78.079490257456399, 39.294067741776743 ], [ -78.079454275329866, 39.294079876708786 ], [ -78.07944147125599, 39.294092423448312 ], [ -78.079409852417399, 39.294117831401977 ], [ -78.079399668664408, 39.29412524913397 ], [ -78.079389484793452, 39.294132666862062 ], [ -78.079379301032432, 39.294140084682063 ], [ -78.079344629279305, 39.294162962037781 ], [ -78.079312016059674, 39.294180517097544 ], [ -78.079294029058957, 39.294192385342569 ], [ -78.079256638391669, 39.294212511927945 ], [ -78.079216888893413, 39.294229693743809 ], [ -78.079190385299071, 39.294238632059702 ], [ -78.079183282228357, 39.294243318791686 ], [ -78.079145891507224, 39.294263445249094 ], [ -78.079106141950845, 39.294280627114823 ], [ -78.079074302659237, 39.294291364669867 ], [ -78.079045328280785, 39.294306960850932 ], [ -78.079029427804002, 39.294313833856684 ], [ -78.079015095488302, 39.2943215485382 ], [ -78.078975345868912, 39.294338730356621 ], [ -78.078933620290471, 39.294352801975911 ], [ -78.07889032054716, 39.294363627904822 ], [ -78.078845863596101, 39.294371103932825 ], [ -78.078800677813703, 39.294375157936834 ], [ -78.078755198078611, 39.294375751019302 ], [ -78.078717383411927, 39.294374801429122 ], [ -78.078713567331292, 39.294377319344363 ], [ -78.078676176411093, 39.294397445642545 ], [ -78.07865991580087, 39.294404474229658 ], [ -78.078659308410451, 39.294405394065372 ], [ -78.078634675783363, 39.294435106766336 ], [ -78.078606413667558, 39.294462800392772 ], [ -78.078574794365622, 39.294488208100269 ], [ -78.078564610356935, 39.29449562575045 ], [ -78.078529938170533, 39.294518502845399 ], [ -78.078492547119879, 39.294538629169274 ], [ -78.078452797257412, 39.294555810799046 ], [ -78.078411071454141, 39.294569882221538 ], [ -78.078367771506322, 39.294580707947425 ], [ -78.078360967817744, 39.294581852052936 ], [ -78.078352027824636, 39.294584087222567 ], [ -78.078333998300877, 39.294601753958545 ], [ -78.078331709613394, 39.294603592959966 ], [ -78.078331389809776, 39.294603978782327 ], [ -78.07830312751048, 39.29463167223728 ], [ -78.078271507908198, 39.29465707985176 ], [ -78.078261323955559, 39.294664497565954 ], [ -78.078251140004539, 39.294671915189177 ], [ -78.078216467631123, 39.294694792182916 ], [ -78.078179076399792, 39.294714918398533 ], [ -78.078139326364749, 39.294732099914029 ], [ -78.078097600398607, 39.294746171217348 ], [ -78.078054300299257, 39.294756996820283 ], [ -78.078009843027274, 39.294764472515382 ], [ -78.07799173285008, 39.294766097248477 ], [ -78.077974741540643, 39.294770345268844 ], [ -78.077930284369359, 39.294777820935785 ], [ -78.07788509817334, 39.294781874658952 ], [ -78.07783961818906, 39.294782467372983 ], [ -78.077794282552958, 39.294779593417708 ], [ -78.077749527668573, 39.294773280421772 ], [ -78.077742008438875, 39.294771614493065 ], [ -78.077715680524051, 39.294769945517004 ], [ -78.077670925654715, 39.294763632491296 ], [ -78.077646181265138, 39.294758150408207 ], [ -78.077621919040567, 39.294754727988057 ], [ -78.077578176135745, 39.294745036734703 ], [ -78.077535866329825, 39.294732060642097 ], [ -78.077512704725279, 39.294722825599962 ], [ -78.077500212096155, 39.294720057824243 ], [ -78.0774579023212, 39.294707081704317 ], [ -78.077417433190547, 39.294690945665536 ], [ -78.077379194399285, 39.294671805078636 ], [ -78.07734355425724, 39.294649844415645 ], [ -78.077334890137948, 39.294643334261579 ], [ -78.077319452971906, 39.294635607056769 ], [ -78.077296553709843, 39.294630533671146 ], [ -78.077254244030087, 39.294617557480379 ], [ -78.077213775000999, 39.294601421374168 ], [ -78.077175536316716, 39.29458228072393 ], [ -78.077139896170181, 39.294560319999412 ], [ -78.077122746747889, 39.294547433876936 ], [ -78.0771173571285, 39.29454528486616 ], [ -78.077107339496308, 39.294540270430964 ], [ -78.07707544542528, 39.294548244121536 ], [ -78.077030988321766, 39.2945557194465 ], [ -78.077012878069752, 39.294557344025385 ], [ -78.076995886761296, 39.2945615919025 ], [ -78.076951429642648, 39.294569067196392 ], [ -78.076906243548919, 39.294573120542132 ], [ -78.076860763831391, 39.294573712880897 ], [ -78.076831168552857, 39.29457296921067 ], [ -78.07678583300148, 39.294570094865755 ], [ -78.076741078480211, 39.29456378149272 ], [ -78.076702124725941, 39.294555150931622 ], [ -78.076701937196745, 39.294555124508527 ], [ -78.076658194563166, 39.294545432918142 ], [ -78.076615884950385, 39.294532456498317 ], [ -78.076584745145311, 39.294520040029049 ], [ -78.076582829885893, 39.294520518808689 ], [ -78.07653837264732, 39.294527993851077 ], [ -78.076493186682143, 39.294532047039304 ], [ -78.076479067108394, 39.29453223091074 ], [ -78.076468998150204, 39.294533923894491 ], [ -78.076423812066778, 39.294537976962538 ], [ -78.076378332379733, 39.294538569113271 ], [ -78.076332996880026, 39.294535694593272 ], [ -78.076288242312515, 39.294529381135298 ], [ -78.076249287838976, 39.294520750224869 ], [ -78.076249101117071, 39.294520723911432 ], [ -78.076205358574015, 39.294511032243747 ], [ -78.076163049195131, 39.294498055575879 ], [ -78.076122580507757, 39.294481919101543 ], [ -78.076118442926386, 39.294479847997941 ], [ -78.076103169425764, 39.294473757818281 ], [ -78.076099031621354, 39.294471686528233 ], [ -78.076083758464264, 39.294465596534856 ], [ -78.076079620772987, 39.294463525337058 ], [ -78.076064347507412, 39.294457435248347 ], [ -78.076026109236125, 39.294438294234347 ], [ -78.075990469545218, 39.294416333083213 ], [ -78.075957771842013, 39.2943917633919 ], [ -78.07593868004524, 39.294375936617755 ], [ -78.075909239121401, 39.294348994843695 ], [ -78.075883338634213, 39.294319940544398 ], [ -78.075861227790526, 39.29428905348621 ], [ -78.0758431196967, 39.294256631175514 ], [ -78.075829188702883, 39.294222985819069 ], [ -78.075819568897998, 39.294188441493539 ], [ -78.075814352974646, 39.294153330783615 ], [ -78.075814322287059, 39.294151909723041 ], [ -78.07581161870641, 39.294142201075573 ], [ -78.075811482784076, 39.294141285992893 ], [ -78.075803742340412, 39.294122591718825 ], [ -78.075794122558875, 39.294088047391654 ], [ -78.075788906768452, 39.294052936683727 ], [ -78.075788246619695, 39.294022316307597 ], [ -78.075761806513285, 39.29401645806562 ], [ -78.07571949751889, 39.294003481249646 ], [ -78.075679029221178, 39.293987344634253 ], [ -78.075670753807117, 39.29398320211952 ], [ -78.075640207556461, 39.2939710219324 ], [ -78.075636069907503, 39.293968950720242 ], [ -78.075620796788996, 39.293962860578297 ], [ -78.075582558908792, 39.29394371943166 ], [ -78.075546919722441, 39.293921758160486 ], [ -78.075544553201709, 39.293919979925661 ], [ -78.075544056454106, 39.293919731233501 ], [ -78.075539201017804, 39.293916739225885 ], [ -78.075533926908051, 39.293914636197407 ], [ -78.075495689075012, 39.293895495113929 ], [ -78.075460049941043, 39.293873533817909 ], [ -78.075427352673842, 39.293848963991913 ], [ -78.075417806908789, 39.293841050521017 ], [ -78.075408261026325, 39.293833137136488 ], [ -78.075398715261812, 39.293825223754162 ], [ -78.075369274887407, 39.293798281860504 ], [ -78.075343374704431, 39.293769227451648 ], [ -78.075321264263152, 39.293738340303676 ], [ -78.075314429995359, 39.293726103412617 ], [ -78.075312037706283, 39.293722761450546 ], [ -78.07529393000128, 39.293690339066558 ], [ -78.075279999370323, 39.293656693655578 ], [ -78.075270379898811, 39.293622149294748 ], [ -78.075265164276161, 39.293587038569129 ], [ -78.075264402757767, 39.293551699662743 ], [ -78.075264721942318, 39.293544034288416 ], [ -78.075266845102576, 39.293523819674753 ], [ -78.075244097786367, 39.293506726348788 ], [ -78.075234552083316, 39.293498812954965 ], [ -78.075205111787781, 39.293471871023023 ], [ -78.075186500073102, 39.293450992578713 ], [ -78.075157702422189, 39.293424638565611 ], [ -78.075131802457989, 39.293395584116475 ], [ -78.075130564415218, 39.293393854605597 ], [ -78.075121254786836, 39.293390142333273 ], [ -78.075083017355354, 39.293371001037521 ], [ -78.075069356617661, 39.293362583015103 ], [ -78.075054061041016, 39.293354926188101 ], [ -78.075018422317626, 39.293332964770421 ], [ -78.074985725456514, 39.293308394743498 ], [ -78.074976179809482, 39.293300481330334 ], [ -78.074946739695662, 39.293273539339019 ], [ -78.074920839989389, 39.293244484850518 ], [ -78.074911996037756, 39.293232130020243 ], [ -78.074908483167732, 39.293228189361791 ], [ -78.074866740339615, 39.293218939984911 ], [ -78.074824431998778, 39.29320596295593 ], [ -78.074783964374646, 39.29318982605205 ], [ -78.0747457271478, 39.293170684652331 ], [ -78.074717991912266, 39.293153593361133 ], [ -78.074707816178588, 39.29315372574969 ], [ -78.074662481794633, 39.293150850616719 ], [ -78.074617728292694, 39.293144536553164 ], [ -78.074573986862688, 39.293134844220347 ], [ -78.074567868569346, 39.29313296756515 ], [ -78.074566501234202, 39.293133090199397 ], [ -78.074521022487772, 39.293133681657281 ], [ -78.0745111575403, 39.29313343357542 ], [ -78.074476685468284, 39.293131247278374 ], [ -78.074442103606259, 39.293131696996447 ], [ -78.074432238775572, 39.29313144891082 ], [ -78.074386904308128, 39.293128573668426 ], [ -78.074342150855401, 39.293122259410239 ], [ -78.074298409483603, 39.293112566975651 ], [ -78.074256101323627, 39.293099589745985 ], [ -78.074238305840879, 39.293092493512539 ], [ -78.074227142454973, 39.293089069305012 ], [ -78.074220448521572, 39.293087586061546 ], [ -78.074178140396313, 39.293074608714569 ], [ -78.07417805794563, 39.293074575831618 ], [ -78.074156634593308, 39.293071553177917 ], [ -78.074128859247836, 39.293065398567677 ], [ -78.074100629949882, 39.293070144597294 ], [ -78.074082520510899, 39.293071768653562 ], [ -78.074065529062068, 39.293076016281404 ], [ -78.074052252865243, 39.293078248268941 ], [ -78.074051839946975, 39.293078873527001 ], [ -78.074048277409688, 39.293088580907501 ], [ -78.074031576458083, 39.293121456018937 ], [ -78.074010808856215, 39.293152900801338 ], [ -78.074010406159843, 39.293153386413486 ], [ -78.073999746637426, 39.293174369305781 ], [ -78.073999042686992, 39.293175435148918 ], [ -78.073994802046315, 39.293186990242688 ], [ -78.073978101043849, 39.293219865344142 ], [ -78.073960646381394, 39.293246293881893 ], [ -78.073951830019467, 39.293270317032857 ], [ -78.073935128974995, 39.293303192126217 ], [ -78.073925996001307, 39.293317020706866 ], [ -78.073921224238106, 39.293326413537379 ], [ -78.073921012328924, 39.293327320323471 ], [ -78.073908538558911, 39.293361309077568 ], [ -78.073891837470256, 39.293394184162679 ], [ -78.073871069834851, 39.293425628916346 ], [ -78.073870667008805, 39.293426114794954 ], [ -78.07386000740641, 39.293447097490478 ], [ -78.073850874894788, 39.293460925265386 ], [ -78.073838680968137, 39.29348492812975 ], [ -78.073829548323715, 39.29349875607965 ], [ -78.073825141389079, 39.293507430731751 ], [ -78.073823232648266, 39.293512631644333 ], [ -78.073806531480002, 39.293545506713585 ], [ -78.073785763758337, 39.293576951448195 ], [ -78.073761129560864, 39.293606663056416 ], [ -78.073732865949879, 39.293634355441682 ], [ -78.073716461665398, 39.29364753580488 ], [ -78.073714668087533, 39.293649293209512 ], [ -78.073702453367829, 39.293673336794136 ], [ -78.073701749407505, 39.293674402635034 ], [ -78.073697508683296, 39.293685957714132 ], [ -78.073685299500127, 39.293709990535604 ], [ -78.073685827742651, 39.293734530334284 ], [ -78.07368359222049, 39.29378818805678 ], [ -78.073679891554121, 39.29382341462572 ], [ -78.073671765072859, 39.293858189789191 ], [ -78.073659291069717, 39.293892178595726 ], [ -78.073642589724741, 39.293925053633281 ], [ -78.073621821808544, 39.29395649832982 ], [ -78.073597187284818, 39.293986209891088 ], [ -78.073568923569027, 39.29401390213966 ], [ -78.073547629948365, 39.294031010806933 ], [ -78.073545720694426, 39.294039181010753 ], [ -78.073533246597208, 39.294073169709357 ], [ -78.073516545145978, 39.29410604472406 ], [ -78.073495777112356, 39.294137489483084 ], [ -78.073495374156096, 39.294137975537154 ], [ -78.07348471444935, 39.294158957920679 ], [ -78.073475581764271, 39.294172785658375 ], [ -78.073463387572872, 39.294196788471332 ], [ -78.073442619490407, 39.294228233128536 ], [ -78.073432113239122, 39.294240904652291 ], [ -78.073427943537453, 39.294258747134656 ], [ -78.073415469454147, 39.294292735818814 ], [ -78.073398767774336, 39.294325610808563 ], [ -78.073386881890173, 39.29434360707819 ], [ -78.073383319190853, 39.29435331434059 ], [ -78.073366617595894, 39.294386189327234 ], [ -78.073345849409819, 39.294417633962503 ], [ -78.073337392691499, 39.294427833383082 ], [ -78.073330854080993, 39.294455813315281 ], [ -78.073318379790777, 39.294489802072 ], [ -78.073309465490667, 39.294507348795072 ], [ -78.073307556553289, 39.294512549963009 ], [ -78.07329085476519, 39.294545424932302 ], [ -78.073270086490695, 39.294576869640231 ], [ -78.073254899077313, 39.29459518677578 ], [ -78.073243574978122, 39.294626041557727 ], [ -78.073226873246114, 39.294658916518046 ], [ -78.073226169264188, 39.29465998244526 ], [ -78.073221928396862, 39.294671537410117 ], [ -78.073205226642742, 39.294704412366308 ], [ -78.073193340277541, 39.294722408962066 ], [ -78.073191143579336, 39.29472839446936 ], [ -78.073191109439435, 39.294728540449825 ], [ -78.073178635029549, 39.294762529095784 ], [ -78.073169720787078, 39.294780075447768 ], [ -78.073167811696266, 39.294785277059574 ], [ -78.073157067798078, 39.294806424669495 ], [ -78.07315370686257, 39.29483841469991 ], [ -78.073145579974053, 39.29487318980707 ], [ -78.073134471318923, 39.294903457143853 ], [ -78.073134437178794, 39.29490360312429 ], [ -78.073121962705429, 39.294937591761084 ], [ -78.073105260834311, 39.294970466697443 ], [ -78.073084492344861, 39.295001911272394 ], [ -78.073081826765346, 39.29500512611078 ], [ -78.073073988380017, 39.295016993866675 ], [ -78.073049353231411, 39.295046705284406 ], [ -78.073021088738841, 39.295074397368246 ], [ -78.072997121360288, 39.295093653764873 ], [ -78.072990994665261, 39.295105713133978 ], [ -78.072990952217623, 39.295105777468009 ], [ -78.07298706184973, 39.295122424047015 ], [ -78.072974587260504, 39.29515641266272 ], [ -78.072965672911835, 39.295173958994226 ], [ -78.072963763793567, 39.295179160601378 ], [ -78.072957209568045, 39.295192061420082 ], [ -78.072953952433949, 39.295205998483539 ], [ -78.072942843370299, 39.295236266599495 ], [ -78.072942809494975, 39.295236411775747 ], [ -78.072930334860899, 39.29527040038456 ], [ -78.072921054975225, 39.295288666216216 ], [ -78.072920843049502, 39.295289572909525 ], [ -78.072908368393882, 39.295323561514962 ], [ -78.072891666317759, 39.295356436501521 ], [ -78.07288253285121, 39.295370264978146 ], [ -78.07287033860851, 39.295394266907955 ], [ -78.072849569879182, 39.295425711430248 ], [ -78.072824934600106, 39.295455422792529 ], [ -78.072814099605239, 39.295466038158729 ], [ -78.072804245775714, 39.295477922383881 ], [ -78.072775981117957, 39.295505614489102 ], [ -78.072745620882287, 39.295530006812896 ], [ -78.072741261106245, 39.295541885595341 ], [ -78.072724558782951, 39.295574760459004 ], [ -78.072703789927729, 39.295606205039931 ], [ -78.072698458319095, 39.295612635136777 ], [ -78.072682781640736, 39.295636370052861 ], [ -78.072682378796827, 39.295636855836399 ], [ -78.072679505979437, 39.295642510460603 ], [ -78.07267759708698, 39.295647711347328 ], [ -78.072660894821993, 39.295680586202181 ], [ -78.072651761638639, 39.295694414035509 ], [ -78.07263956699741, 39.295718416558955 ], [ -78.072618798058528, 39.295749861120974 ], [ -78.072618395086423, 39.295750347171314 ], [ -78.07260773484758, 39.295771329450275 ], [ -78.072598601764412, 39.295785157101356 ], [ -78.072586406964334, 39.295809159794693 ], [ -78.072585702840726, 39.295810225804118 ], [ -78.072581461907674, 39.295821780649966 ], [ -78.072564759436176, 39.295854655483971 ], [ -78.0725556263329, 39.295868483130761 ], [ -78.072551219327153, 39.295877157275847 ], [ -78.072549310156219, 39.295882358873776 ], [ -78.072532607769588, 39.295915233704683 ], [ -78.072531903516946, 39.295916299980739 ], [ -78.072527662578906, 39.295927854553895 ], [ -78.072510960170177, 39.295960729380674 ], [ -78.072501827041449, 39.295974557022099 ], [ -78.072497054256843, 39.295983951021739 ], [ -78.072496842453845, 39.295984857356849 ], [ -78.072484367566972, 39.296018845903774 ], [ -78.072467664998229, 39.296051720719383 ], [ -78.072446895876311, 39.296083165242514 ], [ -78.072422260183956, 39.296112876501461 ], [ -78.072393994997867, 39.296140568402954 ], [ -78.072363063353123, 39.296165419368236 ], [ -78.072342751508799, 39.296185319211993 ], [ -78.072311129114809, 39.296210725091839 ], [ -78.072300944332866, 39.296218142159972 ], [ -78.072290759545027, 39.296225559317136 ], [ -78.072256084540484, 39.296248434425834 ], [ -78.072218690863934, 39.296268558624163 ], [ -78.072178938596878, 39.296285737919575 ], [ -78.072137210622245, 39.296299807090492 ], [ -78.072093908768423, 39.296310630400114 ], [ -78.072049450009175, 39.296318103753137 ], [ -78.072004262622485, 39.296322155049367 ], [ -78.071958781848792, 39.296322745425989 ], [ -78.071914458673035, 39.296319933385995 ], [ -78.071869994312266, 39.296320510574958 ], [ -78.071800937410572, 39.296318772312368 ], [ -78.07175560106424, 39.296315895971773 ], [ -78.071744145470888, 39.296314279479091 ], [ -78.071713033435444, 39.296327724777193 ], [ -78.071671305356077, 39.296341793686317 ], [ -78.071628003414929, 39.296352616818645 ], [ -78.071583544590297, 39.296360089990571 ], [ -78.071538357272885, 39.296364141196563 ], [ -78.071536528378715, 39.296364164972175 ], [ -78.071524033300832, 39.296366265251386 ], [ -78.071478845977438, 39.296370316433951 ], [ -78.07143336506509, 39.296370906600757 ], [ -78.07141859067373, 39.296369969189044 ], [ -78.071403769173514, 39.296370161522624 ], [ -78.071393903915165, 39.296369913162557 ], [ -78.071384054361431, 39.296369288189283 ], [ -78.071374173398851, 39.296369416439902 ], [ -78.071369747415517, 39.296369305013769 ], [ -78.071365869184646, 39.296369956888597 ], [ -78.071320681737731, 39.296374008006339 ], [ -78.071275200941344, 39.296374598114006 ], [ -78.071265335567702, 39.296374349740113 ], [ -78.071219999336392, 39.296371473193048 ], [ -78.071175244194933, 39.296365157651614 ], [ -78.07113150133786, 39.296355464060483 ], [ -78.071089191921587, 39.296342485542993 ], [ -78.071048723357961, 39.296326347307733 ], [ -78.071010485683004, 39.296307204755337 ], [ -78.070974846744789, 39.296285242095998 ], [ -78.070942150059182, 39.296260670944115 ], [ -78.070939803874367, 39.296258725839728 ], [ -78.070924526473192, 39.296258341166656 ], [ -78.070879190338786, 39.296255464489974 ], [ -78.070834435309507, 39.296249148821154 ], [ -78.070790692578811, 39.296239455106104 ], [ -78.070768110153494, 39.296232527785619 ], [ -78.07076141646948, 39.296231044436816 ], [ -78.070719107199849, 39.296218065879771 ], [ -78.070678638915155, 39.296201927524194 ], [ -78.070640401298576, 39.296182784853144 ], [ -78.070626739923867, 39.296174365844195 ], [ -78.070611444954579, 39.296166708808521 ], [ -78.070575806329529, 39.296144746126686 ], [ -78.07054310985302, 39.296120174869777 ], [ -78.070533564366983, 39.296112261099587 ], [ -78.070504124916539, 39.29608531801432 ], [ -78.070478226033956, 39.296056262485514 ], [ -78.070456117249492, 39.29602537447915 ], [ -78.070438011307075, 39.295992951412046 ], [ -78.070424082536178, 39.295959305498265 ], [ -78.070414465350609, 39.295924760828541 ], [ -78.0704092520714, 39.295889649982179 ], [ -78.070408493043502, 39.295854311237257 ], [ -78.070408812787463, 39.29584664580927 ], [ -78.070412515259093, 39.295811419420964 ], [ -78.070420643627514, 39.295776644564818 ], [ -78.070431753863915, 39.295746376736517 ], [ -78.07043178774471, 39.295746231561218 ], [ -78.070444263670993, 39.295712243271694 ], [ -78.070460966962884, 39.295679368774834 ], [ -78.070481736817911, 39.295647924723617 ], [ -78.070484402419481, 39.295644710037628 ], [ -78.070492241428099, 39.295632842389516 ], [ -78.070492644286674, 39.295632356614128 ], [ -78.070503305249119, 39.295611374284654 ], [ -78.070524075063631, 39.295579930224065 ], [ -78.070526740783876, 39.295576715359843 ], [ -78.070534129313913, 39.295565529752295 ], [ -78.070526989108231, 39.295559610057538 ], [ -78.070526255431886, 39.29555900179205 ], [ -78.070508775240697, 39.295550250668612 ], [ -78.070495113777014, 39.295541831462828 ], [ -78.070479819296651, 39.295534174603574 ], [ -78.070444181024143, 39.295512211892934 ], [ -78.070411484876914, 39.295487640609508 ], [ -78.070401939372161, 39.29547972682866 ], [ -78.070392393985358, 39.295471813050007 ], [ -78.07036295484464, 39.295444869938564 ], [ -78.070349141707993, 39.295429373024497 ], [ -78.070337381077266, 39.295425765301026 ], [ -78.070296913334118, 39.295409626831159 ], [ -78.070258676247661, 39.295390484052447 ], [ -78.070223038122521, 39.295368521188919 ], [ -78.07019034212037, 39.295343949848188 ], [ -78.070180796776029, 39.295336036053598 ], [ -78.070151357773582, 39.295309092893213 ], [ -78.070125459304577, 39.295280037388736 ], [ -78.070117877484478, 39.295269444713803 ], [ -78.070099268153243, 39.295257976220149 ], [ -78.070066572245679, 39.295233404847792 ], [ -78.070062049788007, 39.295229265743821 ], [ -78.070057026930186, 39.295225491043993 ], [ -78.070047481616839, 39.295217577239491 ], [ -78.070037936305638, 39.295209663434285 ], [ -78.070028390880765, 39.295201749625427 ], [ -78.070018845577607, 39.295193835728796 ], [ -78.070009300272829, 39.295185921921437 ], [ -78.069999754970226, 39.295178008113375 ], [ -78.069990209669754, 39.295170094304602 ], [ -78.06996490675796, 39.29514693634686 ], [ -78.069954350991253, 39.29515261692633 ], [ -78.069914598863591, 39.29516979554321 ], [ -78.069872871051103, 39.29518386381865 ], [ -78.069829569599946, 39.295194686299389 ], [ -78.069785111483725, 39.295202158808117 ], [ -78.069739924739977, 39.295206209336982 ], [ -78.069694444726252, 39.295206798854316 ], [ -78.069684579530445, 39.295206550352603 ], [ -78.069640257317815, 39.295203737477912 ], [ -78.069595793700344, 39.295204313823028 ], [ -78.069550458215062, 39.295201436652455 ], [ -78.06950570400349, 39.295195120500892 ], [ -78.069480960210043, 39.29518963669841 ], [ -78.069478666331662, 39.295189312889711 ], [ -78.069457577426959, 39.295196422854616 ], [ -78.069414275913559, 39.295207245177963 ], [ -78.069395508369922, 39.295210399583425 ], [ -78.069386518039863, 39.295234891195307 ], [ -78.069377237254827, 39.295253156709613 ], [ -78.06937702528009, 39.295254063484734 ], [ -78.069364548939404, 39.295288051645649 ], [ -78.069350520510611, 39.295315660759364 ], [ -78.069343591707295, 39.295345302058514 ], [ -78.069331115331664, 39.295379290214157 ], [ -78.069314411600857, 39.295412164532884 ], [ -78.069313707560227, 39.295413230253793 ], [ -78.069309465993157, 39.295424785318609 ], [ -78.069292762240266, 39.295457659633207 ], [ -78.069271991927423, 39.295489103454948 ], [ -78.069247355041398, 39.295518813998001 ], [ -78.069219088904632, 39.295546505091821 ], [ -78.069187465850973, 39.295571910095546 ], [ -78.06917728073708, 39.295579326878851 ], [ -78.069142605104361, 39.295602201124851 ], [ -78.069105210953424, 39.295622324302961 ], [ -78.06906545836658, 39.295639502520423 ], [ -78.069023730233567, 39.295653570476048 ], [ -78.068980428376904, 39.295664392623898 ], [ -78.068973097539541, 39.295665624690287 ], [ -78.068968040331214, 39.29567328065157 ], [ -78.068943403366831, 39.295702991125026 ], [ -78.068915137036043, 39.29573068213687 ], [ -78.068883513674564, 39.29575608704701 ], [ -78.068873328618096, 39.295763503804196 ], [ -78.068838652797226, 39.295786377951728 ], [ -78.068801258463807, 39.295806501024536 ], [ -78.068761505701914, 39.295823679130834 ], [ -78.06871977740299, 39.295837746970548 ], [ -78.068676475387349, 39.295848569088818 ], [ -78.068632016645267, 39.295856041042668 ], [ -78.068586829555429, 39.295860091107464 ], [ -78.068541349020265, 39.295860680154355 ], [ -78.068492023097903, 39.295859437143449 ], [ -78.068446687379065, 39.295856559531373 ], [ -78.068401932879269, 39.295850242943494 ], [ -78.068358190671034, 39.295840548331647 ], [ -78.068315882135067, 39.295827568834802 ], [ -78.068275414674744, 39.295811429670962 ], [ -78.068237177969081, 39.295792286240996 ], [ -78.068201540319038, 39.295770322775191 ], [ -78.068168844881697, 39.295745750887008 ], [ -78.068159299723831, 39.295737836933426 ], [ -78.068149754568111, 39.295729922979135 ], [ -78.068142391598045, 39.295723184054268 ], [ -78.068126226194167, 39.295719601212525 ], [ -78.068083917777869, 39.295706621635382 ], [ -78.068043450443952, 39.295690482395138 ], [ -78.068005213870151, 39.295671338893406 ], [ -78.068001910222833, 39.295669302845226 ], [ -78.067990383919806, 39.295668571183292 ], [ -78.067945629587101, 39.295662254515598 ], [ -78.067901887687739, 39.295652559651508 ], [ -78.067859579353907, 39.295639580085655 ], [ -78.067819111998318, 39.295623440767642 ], [ -78.067780875529465, 39.295604297105605 ], [ -78.067745238122725, 39.295582333508285 ], [ -78.067712542932867, 39.295557761590374 ], [ -78.06769345277911, 39.295541933522934 ], [ -78.067670186394693, 39.295520638566991 ], [ -78.067646604111488, 39.295508831728803 ], [ -78.067610966680121, 39.295486868090499 ], [ -78.067578271585759, 39.295462296047916 ], [ -78.067568726534091, 39.295454382049478 ], [ -78.067539288644682, 39.295427438266941 ], [ -78.067538914973696, 39.295427019048695 ], [ -78.067511748858038, 39.295416184398903 ], [ -78.067473512584954, 39.295397040732581 ], [ -78.067449329758574, 39.295382136533235 ], [ -78.067445042786773, 39.295383581715562 ], [ -78.067401740892564, 39.295394403272887 ], [ -78.067357282332168, 39.295401874835449 ], [ -78.067312095493719, 39.295405924413252 ], [ -78.067266615273553, 39.295406512972143 ], [ -78.067256750187013, 39.295406264266589 ], [ -78.067211414724639, 39.295403386182606 ], [ -78.067166660767953, 39.295397069136733 ], [ -78.067161528973543, 39.295395931700511 ], [ -78.067122948936017, 39.295393482441739 ], [ -78.067078194879869, 39.295387165359401 ], [ -78.06703445317396, 39.295377470176561 ], [ -78.066992145182923, 39.295364490306774 ], [ -78.066951678316144, 39.29534835070254 ], [ -78.066913442246886, 39.295329206768969 ], [ -78.066877805258756, 39.295307243010306 ], [ -78.066853078206989, 39.29528865903039 ], [ -78.066817302155727, 39.295287756961123 ], [ -78.066771966798328, 39.295284878709268 ], [ -78.06672721285085, 39.295278561495508 ], [ -78.066723397302795, 39.295277715774738 ], [ -78.06664005066952, 39.295275614135001 ], [ -78.066594715331519, 39.295272735814578 ], [ -78.066549961527727, 39.295266418536386 ], [ -78.066506219981434, 39.295256723160207 ], [ -78.066483638796868, 39.295249795225899 ], [ -78.066476944967548, 39.295248311538352 ], [ -78.066454364016764, 39.295241383694403 ], [ -78.06644766984526, 39.295239899906463 ], [ -78.066405362057424, 39.295226919830064 ], [ -78.066364895415674, 39.295210780029329 ], [ -78.066356619997251, 39.295206636675928 ], [ -78.066326075456047, 39.295194454186124 ], [ -78.066288613466625, 39.295175697479593 ], [ -78.066282524918975, 39.295174347958309 ], [ -78.066240217204182, 39.295161367824328 ], [ -78.066222422098747, 39.295154270376841 ], [ -78.066191532258586, 39.29514479323705 ], [ -78.066151065720589, 39.29512865327532 ], [ -78.066146928194556, 39.295126581640844 ], [ -78.066131655843677, 39.295120490367715 ], [ -78.06612338113024, 39.295116347376052 ], [ -78.066092835988044, 39.295104164540291 ], [ -78.066088698577332, 39.295102092996785 ], [ -78.066073426125115, 39.295096001623435 ], [ -78.066072800851344, 39.295095688571656 ], [ -78.06604579778076, 39.295087403868827 ], [ -78.066005331307949, 39.295071263948735 ], [ -78.066004706150537, 39.295070950899508 ], [ -78.065990809585983, 39.295066687367346 ], [ -78.065974739344313, 39.295077287693744 ], [ -78.065937344637788, 39.295097409830696 ], [ -78.065921442805433, 39.295104280987601 ], [ -78.065907108982998, 39.295111993991746 ], [ -78.065867355974788, 39.295129171188243 ], [ -78.065825627582257, 39.29514323798422 ], [ -78.065782325626628, 39.295154058934877 ], [ -78.065775521722713, 39.295155202293891 ], [ -78.065752410157174, 39.295160977746434 ], [ -78.065707951725827, 39.295168448680336 ], [ -78.065662764867582, 39.295172497616306 ], [ -78.065617284941084, 39.295173085538046 ], [ -78.065538364399288, 39.295171094756306 ], [ -78.065493029200553, 39.295168216010445 ], [ -78.065448275588494, 39.295161898314269 ], [ -78.065404534284511, 39.295152202531582 ], [ -78.06536222676516, 39.295139222084629 ], [ -78.065321760435282, 39.295123081931514 ], [ -78.065313485776699, 39.295118938794019 ], [ -78.065305611532224, 39.295115798138106 ], [ -78.065274722419218, 39.295106320954545 ], [ -78.065240182731515, 39.29509254467812 ], [ -78.065217009035962, 39.29511116012943 ], [ -78.065206823706191, 39.295118576644995 ], [ -78.065172147094202, 39.295141449578011 ], [ -78.065134752138377, 39.295161571446606 ], [ -78.065094998928785, 39.295178748370674 ], [ -78.065053270368679, 39.295192814882348 ], [ -78.065009968280876, 39.295203635539586 ], [ -78.064965509645134, 39.29521110618257 ], [ -78.06492032285405, 39.295215154740212 ], [ -78.064874842796016, 39.295215742367269 ], [ -78.064855112718902, 39.295215244552047 ], [ -78.06484095178152, 39.295214345297609 ], [ -78.064811706049014, 39.295221653356798 ], [ -78.064767247385362, 39.295229123922709 ], [ -78.064722060456432, 39.295233172489468 ], [ -78.064676580505704, 39.295233760041391 ], [ -78.064568064847492, 39.295231021824634 ], [ -78.064522729673655, 39.295228142700424 ], [ -78.064477976018594, 39.295221824629685 ], [ -78.06443423495044, 39.295212128488551 ], [ -78.0643919275972, 39.295199147693999 ], [ -78.06436876830692, 39.295189910287689 ], [ -78.064356275627034, 39.295187141011453 ], [ -78.064333694471131, 39.295180212662466 ], [ -78.064327000933162, 39.295178728858907 ], [ -78.064304419786907, 39.295171800414437 ], [ -78.064297726134654, 39.295170316606331 ], [ -78.064255418834463, 39.295157335763911 ], [ -78.064234291246166, 39.295148908663592 ], [ -78.06421450319273, 39.295146115072285 ], [ -78.064170762094136, 39.295136418922127 ], [ -78.064128454844138, 39.295123437945101 ], [ -78.064105295500369, 39.295114200485521 ], [ -78.064092803077571, 39.295111431187685 ], [ -78.064070222434253, 39.295104502891022 ], [ -78.064063528334614, 39.295103018968163 ], [ -78.06404002129976, 39.29509580639801 ], [ -78.06403885489739, 39.295095641741753 ], [ -78.063995113977796, 39.295085945440462 ], [ -78.063985416733047, 39.29508297002576 ], [ -78.063950710412385, 39.295078070320024 ], [ -78.06392596602069, 39.295072585053767 ], [ -78.063901705686902, 39.295069160000601 ], [ -78.063857964801983, 39.29505946373898 ], [ -78.063835383629552, 39.295052535203546 ], [ -78.063833478928487, 39.295052112914007 ], [ -78.063833291404137, 39.295052086470278 ], [ -78.063807976227523, 39.29504647470619 ], [ -78.063785037390204, 39.29507413415056 ], [ -78.063781186148859, 39.295077906650263 ], [ -78.063778478942965, 39.295082004406851 ], [ -78.063753839957855, 39.295111713705097 ], [ -78.063725571911121, 39.295139403389243 ], [ -78.063709165701596, 39.295152582168988 ], [ -78.063684509394008, 39.295176733918154 ], [ -78.063652884606043, 39.295202137348383 ], [ -78.063642699109494, 39.295209553630066 ], [ -78.063632513494994, 39.295216969907855 ], [ -78.063622327994167, 39.295224386187577 ], [ -78.06358765083715, 39.295247258716095 ], [ -78.063550255400642, 39.295267380055421 ], [ -78.063510501779348, 39.295284556330451 ], [ -78.063468772872994, 39.295298622258777 ], [ -78.063425470507752, 39.295309442403905 ], [ -78.063381011677237, 39.295316912341917 ], [ -78.063335824761012, 39.295320960367526 ], [ -78.063290344659833, 39.295321547371572 ], [ -78.063211424116105, 39.295319555006294 ], [ -78.063202500676567, 39.295318988215264 ], [ -78.063202061728646, 39.295320865503072 ], [ -78.063189582421387, 39.295354852977624 ], [ -78.063189470619022, 39.295355072936182 ], [ -78.063186296589805, 39.295385242207907 ], [ -78.063178164725997, 39.295420016426689 ], [ -78.063175338489103, 39.295427713766969 ], [ -78.063174187866977, 39.295438650358768 ], [ -78.06316605598937, 39.295473424575974 ], [ -78.063162548617854, 39.295482976693684 ], [ -78.063162399653294, 39.295484393128575 ], [ -78.063154267763167, 39.295519167344303 ], [ -78.063150760387416, 39.295528719461458 ], [ -78.063150611422458, 39.295530135896314 ], [ -78.063142479519826, 39.295564910110549 ], [ -78.063141390813286, 39.29556787517032 ], [ -78.063140605961863, 39.295586644458567 ], [ -78.06313689986996, 39.295621870569171 ], [ -78.063128768062938, 39.295656644784245 ], [ -78.063125941678692, 39.295664342479526 ], [ -78.06312479106154, 39.295675278620045 ], [ -78.063116659124901, 39.295710052830607 ], [ -78.063113151729169, 39.295719605035778 ], [ -78.063113002762819, 39.295721021470513 ], [ -78.063104870817455, 39.295755795589592 ], [ -78.06310204456058, 39.295763492836898 ], [ -78.063100893914537, 39.295774429516769 ], [ -78.063092761951623, 39.295809203724261 ], [ -78.063080282494312, 39.295843191089325 ], [ -78.063063575767757, 39.295876064392928 ], [ -78.063042802598133, 39.295907506989714 ], [ -78.063040136655644, 39.295910721491701 ], [ -78.06303229638435, 39.29592258858807 ], [ -78.063007656775909, 39.295952297701362 ], [ -78.062979388086816, 39.295979987176679 ], [ -78.062947762675506, 39.296005390388721 ], [ -78.062937576986428, 39.29601280660053 ], [ -78.0629273911794, 39.296020222808423 ], [ -78.062892713399421, 39.296043095103528 ], [ -78.062855317339341, 39.296063216193346 ], [ -78.062815563099875, 39.296080392205255 ], [ -78.062773833586689, 39.296094457859326 ], [ -78.062730530631796, 39.296105277721729 ], [ -78.062686071350328, 39.29611274737416 ], [ -78.062640883779807, 39.296116795105384 ], [ -78.062595403173688, 39.296117381817773 ], [ -78.062477021210455, 39.296114392495831 ], [ -78.062431685605034, 39.296111512538218 ], [ -78.062386931630229, 39.29610519364914 ], [ -78.062343190353488, 39.296095496802565 ], [ -78.062333492934755, 39.296092521244979 ], [ -78.062298786500833, 39.296087620948143 ], [ -78.062294251059257, 39.296086615468127 ], [ -78.062290544926526, 39.296086663308948 ], [ -78.062245209354899, 39.296083783189566 ], [ -78.062200455530956, 39.29607746432287 ], [ -78.062156714189342, 39.29606776731481 ], [ -78.062114406803275, 39.296054785689449 ], [ -78.062102183390962, 39.296049910018965 ], [ -78.062100337603638, 39.296049500809708 ], [ -78.062098514558585, 39.29604938495212 ], [ -78.062053760661072, 39.296043065937333 ], [ -78.062049945137929, 39.296042220063818 ], [ -78.062015923708117, 39.296041360824724 ], [ -78.061970588299445, 39.296038480602682 ], [ -78.061925834419654, 39.29603216162932 ], [ -78.061882093150302, 39.296022464520355 ], [ -78.061850222473979, 39.296012685254034 ], [ -78.061843303321552, 39.296012245643233 ], [ -78.06183449565448, 39.296011002066493 ], [ -78.061825602640795, 39.296011798567875 ], [ -78.061780122115906, 39.296012384963618 ], [ -78.061730796386243, 39.2960111390843 ], [ -78.061685461011891, 39.296008258842221 ], [ -78.061640707187493, 39.296001939670759 ], [ -78.061596965982829, 39.295992242456649 ], [ -78.0615546587577, 39.295979260633068 ], [ -78.061545922268223, 39.295975775707852 ], [ -78.061544641455853, 39.295975743354525 ], [ -78.06149930611646, 39.295972863040987 ], [ -78.06145455233569, 39.295966543799317 ], [ -78.061410811182881, 39.295956846516923 ], [ -78.061388230342274, 39.295949917604034 ], [ -78.061381536573151, 39.295948433624794 ], [ -78.061339229418664, 39.295935451725214 ], [ -78.061298763653923, 39.295919310191167 ], [ -78.061289878324402, 39.295914860907097 ], [ -78.061270662733776, 39.295915108591842 ], [ -78.061241067419601, 39.29591436094055 ], [ -78.061195732023748, 39.295911480507627 ], [ -78.061150978432238, 39.295905161154458 ], [ -78.061107237366258, 39.295895463760786 ], [ -78.061064930300063, 39.295882481764394 ], [ -78.061024464634144, 39.295866340138275 ], [ -78.060986230030238, 39.295847194306994 ], [ -78.060950594761565, 39.29582522870308 ], [ -78.060917901962242, 39.29580065496058 ], [ -78.060908357536348, 39.29579274043936 ], [ -78.060889268926402, 39.295776911310625 ], [ -78.060879724622751, 39.295768996790187 ], [ -78.06087018032126, 39.295761082269031 ], [ -78.060860635906096, 39.295753167744245 ], [ -78.060831200580054, 39.295726222356684 ], [ -78.060805305960002, 39.295697164827473 ], [ -78.060783898169035, 39.295667248458507 ], [ -78.060771261061078, 39.295664446771198 ], [ -78.060728954201267, 39.295651464659699 ], [ -78.060688488749818, 39.295635322924021 ], [ -78.060684351820242, 39.295633251381915 ], [ -78.060669079313058, 39.295627159120691 ], [ -78.060630844939638, 39.295608013180434 ], [ -78.060617185170884, 39.295599593229831 ], [ -78.06060960959185, 39.295595799749023 ], [ -78.060586711666147, 39.295590723112149 ], [ -78.060544404888276, 39.295577740936302 ], [ -78.060503939524736, 39.295561599139411 ], [ -78.060499802493169, 39.295559527498177 ], [ -78.060484530131234, 39.295553435306779 ], [ -78.060483904652457, 39.295553122129881 ], [ -78.060476628848363, 39.29555088946654 ], [ -78.060469934795677, 39.295549405338086 ], [ -78.060427628066492, 39.295536423121419 ], [ -78.060426256349942, 39.295535875963402 ], [ -78.060411386056842, 39.295532579090221 ], [ -78.060387879302382, 39.295525365790752 ], [ -78.060386712903821, 39.295525201097931 ], [ -78.060342972310764, 39.295515503431972 ], [ -78.060300665628006, 39.295502521170697 ], [ -78.060289587349672, 39.295498101975078 ], [ -78.060287022299505, 39.295498742792574 ], [ -78.060280218643641, 39.295499885744029 ], [ -78.06025710634357, 39.295505660166491 ], [ -78.060212647122299, 39.295513128965062 ], [ -78.060167459973343, 39.295517175747307 ], [ -78.060121979795994, 39.295517761505955 ], [ -78.060082519525281, 39.295516764252028 ], [ -78.060037184576885, 39.295513883381531 ], [ -78.059992431253079, 39.295507563592551 ], [ -78.059948690734629, 39.295497865780703 ], [ -78.059906384144213, 39.295484883379039 ], [ -78.059865918877691, 39.295468741364481 ], [ -78.059827684823503, 39.295449595171121 ], [ -78.059792050129971, 39.295427629322084 ], [ -78.059759357936954, 39.295403055184622 ], [ -78.059749813814747, 39.29539514057771 ], [ -78.059740269698452, 39.295387225880098 ], [ -78.059730725580536, 39.295379311271759 ], [ -78.059721181348934, 39.295371396659789 ], [ -78.05971163723531, 39.295363482050014 ], [ -78.059702093123818, 39.29535556743955 ], [ -78.059683004911051, 39.295339738126479 ], [ -78.059653570103436, 39.295312792459775 ], [ -78.05962767612543, 39.295283734780618 ], [ -78.059627388941323, 39.295283333398437 ], [ -78.059625258613195, 39.295281383255755 ], [ -78.059599364773888, 39.295252325573962 ], [ -78.059577261021957, 39.295221435682336 ], [ -78.059559160395438, 39.295189011114573 ], [ -78.059545237172614, 39.295155364099166 ], [ -78.059535625367502, 39.295120818728762 ], [ -78.059530417595695, 39.295085707598105 ], [ -78.059529664037015, 39.295050368895154 ], [ -78.059532231376011, 39.29498904669083 ], [ -78.059533439719601, 39.294977567124974 ], [ -78.059533194128463, 39.294966050807759 ], [ -78.05953511962629, 39.294920059131279 ], [ -78.059538827459676, 39.294884833198722 ], [ -78.05954696102836, 39.294850059387521 ], [ -78.059559441970066, 39.294816072364711 ], [ -78.059565552196233, 39.294804050701799 ], [ -78.059529684884168, 39.294804512479402 ], [ -78.059509955017162, 39.294804013762729 ], [ -78.059464620448992, 39.294801132683993 ], [ -78.059419867641012, 39.294794812693027 ], [ -78.059395124909102, 39.294789326778513 ], [ -78.05937086380203, 39.294785900582418 ], [ -78.059327123827629, 39.294776202555866 ], [ -78.059323687902364, 39.294775148183241 ], [ -78.059293888757622, 39.294775531765517 ], [ -78.059254428932917, 39.294774534246599 ], [ -78.059209094516248, 39.294771653072253 ], [ -78.059164341752293, 39.294765333074452 ], [ -78.059139597907176, 39.294759846807423 ], [ -78.059115337976635, 39.294756420768095 ], [ -78.059071598057898, 39.294746722737401 ], [ -78.059029292097563, 39.294733739948335 ], [ -78.059011497668266, 39.294726641332339 ], [ -78.058980609334171, 39.294717162415573 ], [ -78.058940144732333, 39.294701020101655 ], [ -78.058939519611997, 39.294700707015764 ], [ -78.058912517636173, 39.294692420693003 ], [ -78.058872053181219, 39.294676278359404 ], [ -78.058857101593105, 39.294668790988901 ], [ -78.058854291008601, 39.294667928439637 ], [ -78.058813826582067, 39.294651786086739 ], [ -78.058775593267654, 39.294632639572669 ], [ -78.0587399592103, 39.294610673333636 ], [ -78.058707267763069, 39.294586099015604 ], [ -78.058688179983307, 39.294570269553759 ], [ -78.058678636094754, 39.294562354866763 ], [ -78.058658578387224, 39.294543992721245 ], [ -78.058625111319543, 39.294523362162025 ], [ -78.058592419957066, 39.294498787724436 ], [ -78.058582876089019, 39.294490873030277 ], [ -78.058580467346317, 39.294488667914365 ], [ -78.058565726534979, 39.294484144237671 ], [ -78.058525262168587, 39.294468001787493 ], [ -78.058510310439161, 39.294460514189382 ], [ -78.058507500095487, 39.294459651728019 ], [ -78.058467035873349, 39.294443509261463 ], [ -78.058428802766798, 39.294424362730609 ], [ -78.058423948071237, 39.294421370034613 ], [ -78.058418674485921, 39.294419266247743 ], [ -78.058380441410108, 39.294400119611922 ], [ -78.058344807713326, 39.294378153263054 ], [ -78.058312116514614, 39.294353578842376 ], [ -78.058302572702118, 39.29434566403696 ], [ -78.058293529672312, 39.294337385337926 ], [ -78.058283484960199, 39.294329834601086 ], [ -78.058282751294939, 39.294329226169793 ], [ -78.058265273270109, 39.294320473368799 ], [ -78.058229639650463, 39.294298506987253 ], [ -78.058196948529442, 39.294273932536832 ], [ -78.058187404624974, 39.294266017719856 ], [ -78.058181114478259, 39.294260801262247 ], [ -78.0581487497697, 39.294256230384335 ], [ -78.058136456265544, 39.294253504487337 ], [ -78.058134633968493, 39.294253388677127 ], [ -78.058089881658518, 39.29424706819136 ], [ -78.058046142218657, 39.294237369791439 ], [ -78.0580038367725, 39.294224386646967 ], [ -78.057963372809425, 39.294208244014044 ], [ -78.057925139974785, 39.2941890973269 ], [ -78.05788950641643, 39.294167130844293 ], [ -78.05785681548258, 39.294142556214538 ], [ -78.057847271747193, 39.294134641464517 ], [ -78.057817838149901, 39.294107695373889 ], [ -78.057791945486684, 39.294078637329079 ], [ -78.05776984288903, 39.29404774713241 ], [ -78.05775718629323, 39.294025073165493 ], [ -78.057754315667111, 39.294023635588474 ], [ -78.057749460912916, 39.294020642863337 ], [ -78.05774418749489, 39.294018539050583 ], [ -78.057740050523222, 39.294016467314229 ], [ -78.057724778866728, 39.294010374783539 ], [ -78.057686546206497, 39.293991228023899 ], [ -78.057650912939792, 39.293969261477066 ], [ -78.057618222181489, 39.293944686786141 ], [ -78.057608678499747, 39.293936772018327 ], [ -78.057599134820151, 39.29392885724981 ], [ -78.057589591142701, 39.29392094248059 ], [ -78.057560157732908, 39.293893996330986 ], [ -78.057534265141214, 39.293864938141937 ], [ -78.057512162837256, 39.293834047905065 ], [ -78.057511633443141, 39.29383309951919 ], [ -78.057495993379021, 39.293825266921864 ], [ -78.057460360252847, 39.293803300411483 ], [ -78.057427669638287, 39.293778725671821 ], [ -78.057418126000414, 39.293770810889832 ], [ -78.057408582368438, 39.293762896017157 ], [ -78.057399038619039, 39.293754981230826 ], [ -78.057369605466832, 39.293728035040644 ], [ -78.057343713009828, 39.29369897690372 ], [ -78.057321610839693, 39.293668086634987 ], [ -78.057303511517091, 39.293635661760092 ], [ -78.057294625796757, 39.293614186046973 ], [ -78.057294264480703, 39.293613681167741 ], [ -78.057280603257254, 39.293589206876959 ], [ -78.057275819462106, 39.293582520989418 ], [ -78.057269823107703, 39.293571778426845 ], [ -78.057251167056322, 39.293550841369765 ], [ -78.057249929463566, 39.293549111685053 ], [ -78.057240620850408, 39.293545398015851 ], [ -78.057202388581345, 39.293526251020211 ], [ -78.057166755698617, 39.293504284428096 ], [ -78.057134065324746, 39.293479709613912 ], [ -78.057124521644212, 39.293471794807338 ], [ -78.057095088713709, 39.293444848554969 ], [ -78.057069196471318, 39.29341579036393 ], [ -78.057047094506615, 39.293384900049645 ], [ -78.057040263847369, 39.293372662754038 ], [ -78.05703787202232, 39.293369319897415 ], [ -78.057031279264223, 39.293357508687471 ], [ -78.057022024018295, 39.293352873607652 ], [ -78.056986391283885, 39.293330906875148 ], [ -78.056953701053288, 39.293306332015042 ], [ -78.056944157532186, 39.293298417198059 ], [ -78.056934613897425, 39.293290502377424 ], [ -78.056905181114473, 39.293263556081875 ], [ -78.056882676156178, 39.293238299204425 ], [ -78.056858878197701, 39.293228804893154 ], [ -78.056820646207655, 39.293209657781532 ], [ -78.056785013494235, 39.293187690989036 ], [ -78.056752323397475, 39.293163116166973 ], [ -78.056733236445609, 39.293147286412072 ], [ -78.056703803683973, 39.293120340067233 ], [ -78.056677911836132, 39.293091281801225 ], [ -78.056669071420416, 39.29307892598073 ], [ -78.05665914600857, 39.293067786875291 ], [ -78.056637044329207, 39.29303689649241 ], [ -78.056618945593598, 39.293004471438948 ], [ -78.056615469209632, 39.292996069238896 ], [ -78.056574541305039, 39.292983508165605 ], [ -78.056534078399352, 39.292967365071654 ], [ -78.056495846642548, 39.292948217861223 ], [ -78.056482187782137, 39.292939797456803 ], [ -78.056466895043201, 39.292932138548458 ], [ -78.056431262698538, 39.292910171659067 ], [ -78.056409249254301, 39.292893622790992 ], [ -78.05639873522658, 39.292892137712769 ], [ -78.056354996780868, 39.292882438622428 ], [ -78.056312692483274, 39.292869454992605 ], [ -78.056272229707645, 39.292853311812017 ], [ -78.056268092737184, 39.292851239934258 ], [ -78.056252821695622, 39.292845147319404 ], [ -78.05621459008583, 39.292826000021527 ], [ -78.056178957757183, 39.292804033146552 ], [ -78.056173455149775, 39.292799896455243 ], [ -78.056165967359121, 39.292796909102634 ], [ -78.056151016245195, 39.29278942122221 ], [ -78.056148205999705, 39.292788558707223 ], [ -78.056107743310946, 39.292772415472371 ], [ -78.056103606690229, 39.292770343777875 ], [ -78.056094789700538, 39.292766826053416 ], [ -78.05606387613112, 39.292759970820072 ], [ -78.056021571966426, 39.292746987088904 ], [ -78.055981109332919, 39.292730843811896 ], [ -78.055942877863146, 39.292711696429485 ], [ -78.055907245796362, 39.292689729479193 ], [ -78.055899921230491, 39.292684223132241 ], [ -78.055866629433766, 39.292674005312769 ], [ -78.055826166880294, 39.292657861984601 ], [ -78.055787935494493, 39.292638714554137 ], [ -78.055752303398975, 39.292616747556409 ], [ -78.055719613939146, 39.292592172375585 ], [ -78.055710070655621, 39.292584257465364 ], [ -78.055700527374228, 39.292576342554447 ], [ -78.05569098409498, 39.292568427642813 ], [ -78.055681440821644, 39.292560512640478 ], [ -78.055671897430884, 39.292552597724487 ], [ -78.055642465444421, 39.292525651136316 ], [ -78.055635469916226, 39.292517799893631 ], [ -78.055597167628306, 39.292506044175425 ], [ -78.055556705237095, 39.292489900759058 ], [ -78.055553859816314, 39.292488475657926 ], [ -78.05554211084926, 39.292485870204636 ], [ -78.055499806955012, 39.29247288629297 ], [ -78.055487584769779, 39.292468009968253 ], [ -78.055454293463782, 39.292460627298333 ], [ -78.055411989606455, 39.292447643265852 ], [ -78.05537152729471, 39.292431499787781 ], [ -78.05533329615794, 39.292412352306506 ], [ -78.055297664443501, 39.292390385091359 ], [ -78.055272887871666, 39.292371758338156 ], [ -78.055257369752496, 39.292366995484642 ], [ -78.055216907525008, 39.292350851955661 ], [ -78.05517867647616, 39.292331704426566 ], [ -78.055143044736624, 39.29230973716421 ], [ -78.055110355637098, 39.292285161824424 ], [ -78.055100812464971, 39.292277246868018 ], [ -78.055071380699843, 39.292250300143891 ], [ -78.055045489848965, 39.292221241548241 ], [ -78.055023389026402, 39.292190350888681 ], [ -78.055018008200548, 39.292180710314483 ], [ -78.054987549537699, 39.292168557860379 ], [ -78.054949318656099, 39.292149410171454 ], [ -78.054944464153479, 39.292146417337776 ], [ -78.054939190964802, 39.292144313405686 ], [ -78.054912854124751, 39.292131122729792 ], [ -78.054902022159908, 39.292127798125314 ], [ -78.054861560156326, 39.292111654480379 ], [ -78.054846609789152, 39.292104166633912 ], [ -78.054843799129117, 39.292103303987247 ], [ -78.05480333715775, 39.292087160233038 ], [ -78.054765106369373, 39.292068012576884 ], [ -78.054737790449138, 39.29205117177267 ], [ -78.054707204735763, 39.29203585304581 ], [ -78.054684285629193, 39.292021722958793 ], [ -78.05465990851043, 39.292014240909452 ], [ -78.054643221160347, 39.292007582886249 ], [ -78.054609131918156, 39.292002767203414 ], [ -78.054605316600828, 39.292001921093814 ], [ -78.054591026462532, 39.292001559279861 ], [ -78.054545694019367, 39.291998676357778 ], [ -78.054500943544042, 39.291992354554907 ], [ -78.054457206074019, 39.29198265478329 ], [ -78.054414902702661, 39.291969670494922 ], [ -78.054374440910621, 39.291953526687749 ], [ -78.054373816175783, 39.291953213767641 ], [ -78.054346815382615, 39.29194492633966 ], [ -78.054306353621641, 39.291928782509864 ], [ -78.054291402900219, 39.291921294403799 ], [ -78.054288592714485, 39.291920431845938 ], [ -78.054270799733374, 39.291913332642288 ], [ -78.054239913104851, 39.291903852437116 ], [ -78.05419945139765, 39.291887708481866 ], [ -78.054161220891686, 39.2918685606369 ], [ -78.054133904747943, 39.291851719417004 ], [ -78.054103319828229, 39.291836400823733 ], [ -78.054077646641431, 39.291820572585316 ], [ -78.054064241679924, 39.291815224112504 ], [ -78.05402601125563, 39.291796076135768 ], [ -78.054012353492965, 39.291787655744031 ], [ -78.053997060719311, 39.291779996244536 ], [ -78.053961429757351, 39.291758028645724 ], [ -78.053928741337188, 39.291733452997043 ], [ -78.053919198375482, 39.291725537950867 ], [ -78.053911875261022, 39.291719464070738 ], [ -78.053890860299532, 39.291711079223717 ], [ -78.053886723469887, 39.291709007266064 ], [ -78.053871452896928, 39.291702914354588 ], [ -78.05386731629622, 39.291700842492133 ], [ -78.053852045383195, 39.291694749479426 ], [ -78.053840034131284, 39.291688733522498 ], [ -78.053805012758957, 39.291677984046373 ], [ -78.053771005567029, 39.291664415262872 ], [ -78.053740092742103, 39.291657559437418 ], [ -78.053697789711904, 39.291644574899905 ], [ -78.053657328167361, 39.291628430852754 ], [ -78.053619097961018, 39.291609282749725 ], [ -78.053614243554506, 39.291606289863793 ], [ -78.053608970449034, 39.291604185874256 ], [ -78.053570740265897, 39.291585037846239 ], [ -78.05353510954069, 39.291563070124923 ], [ -78.053502421363802, 39.291538494364723 ], [ -78.053492878477513, 39.291530579286153 ], [ -78.053484334756689, 39.291522756537738 ], [ -78.053473954699115, 39.291521290085605 ], [ -78.053430217684706, 39.291511589943411 ], [ -78.053407639359534, 39.29150465965553 ], [ -78.053400945862364, 39.291503175139397 ], [ -78.053378367315247, 39.291496244750192 ], [ -78.053371674163245, 39.291494760331219 ], [ -78.053329371305836, 39.291481775665616 ], [ -78.053288910061383, 39.291465631499541 ], [ -78.053250680049004, 39.291446483282044 ], [ -78.053237021882737, 39.291438062520236 ], [ -78.053234266708458, 39.291436682529763 ], [ -78.053216444313477, 39.291435548857656 ], [ -78.053171694345792, 39.291429226560666 ], [ -78.053127957436857, 39.291419526308381 ], [ -78.053085654674561, 39.291406541557365 ], [ -78.053045193417944, 39.291390397307126 ], [ -78.053030242952303, 39.291382909047705 ], [ -78.053027432805123, 39.291382046460669 ], [ -78.052986971692761, 39.291365902194087 ], [ -78.052978698018492, 39.291361758124737 ], [ -78.052948157191452, 39.291349572162346 ], [ -78.052944020412383, 39.291347500172904 ], [ -78.052928750005705, 39.291341407143321 ], [ -78.052890520164567, 39.291322258813317 ], [ -78.052854889793537, 39.291300290895762 ], [ -78.052822201979637, 39.291275715046986 ], [ -78.052812659207419, 39.291267799916518 ], [ -78.052803116325293, 39.291259884692415 ], [ -78.052793573557352, 39.291251969560506 ], [ -78.052784030791571, 39.291244054427914 ], [ -78.05275460036097, 39.291217107163163 ], [ -78.052752630268884, 39.291214895926068 ], [ -78.052749918999893, 39.291213224259586 ], [ -78.052729475424385, 39.291197853968242 ], [ -78.052712792565828, 39.291194153824229 ], [ -78.052689288696641, 39.291186939242955 ], [ -78.05268812181717, 39.291186774371532 ], [ -78.052663380268143, 39.291181286891735 ], [ -78.05263912150113, 39.291177859546131 ], [ -78.052595384716994, 39.291168159098902 ], [ -78.052553082213947, 39.291155174163073 ], [ -78.052544346799266, 39.291151688598497 ], [ -78.05254306608515, 39.291151656149459 ], [ -78.052497734438731, 39.291148772455301 ], [ -78.052452984734359, 39.291142449890764 ], [ -78.052449169149909, 39.291141603614257 ], [ -78.052425015205088, 39.291140991611393 ], [ -78.052410242315489, 39.291140051834404 ], [ -78.052395422020339, 39.291140241784419 ], [ -78.052380649131536, 39.291139302003707 ], [ -78.052365828836685, 39.291139491949963 ], [ -78.052355964480981, 39.291139242004441 ], [ -78.052310632854812, 39.291136358237914 ], [ -78.052265883175863, 39.291130035692262 ], [ -78.052222146481512, 39.291120335107614 ], [ -78.052198642121752, 39.291113120235266 ], [ -78.052197475820222, 39.291112955463653 ], [ -78.052153739263233, 39.291103254856957 ], [ -78.052111436890328, 39.291090269764851 ], [ -78.052106916525346, 39.29108846602881 ], [ -78.052099797136577, 39.291087460169251 ], [ -78.052075055216463, 39.291081972465506 ], [ -78.052050796983139, 39.29107854501121 ], [ -78.052007060467261, 39.291068844440829 ], [ -78.051980414679946, 39.291060665189853 ], [ -78.051895234090082, 39.291058506553604 ], [ -78.051875072800129, 39.291057223859347 ], [ -78.051867201763812, 39.291058545657201 ], [ -78.051822017221042, 39.291062589288543 ], [ -78.05177654006755, 39.291063171889242 ], [ -78.051658167766973, 39.291060171887871 ], [ -78.051612836121592, 39.291057287849284 ], [ -78.051568086576111, 39.291050964949243 ], [ -78.051524350159056, 39.291041264110419 ], [ -78.051497704329407, 39.291033084748356 ], [ -78.051461845703429, 39.291032175882108 ], [ -78.0514519971791, 39.291031549254583 ], [ -78.051442117038334, 39.291031675838198 ], [ -78.051396785425467, 39.291028791716386 ], [ -78.051372474932805, 39.291025356670538 ], [ -78.051345034171746, 39.291029964720472 ], [ -78.051299849633921, 39.291034008058446 ], [ -78.051297042611012, 39.291034044019078 ], [ -78.051283540145377, 39.29103859402391 ], [ -78.051240238855726, 39.291049409665341 ], [ -78.051195781747495, 39.291056875000983 ], [ -78.051150597183522, 39.291060918369929 ], [ -78.051105120042024, 39.291061500707784 ], [ -78.050967019036051, 39.291057999896317 ], [ -78.050921687553199, 39.291055115592286 ], [ -78.050876938088038, 39.291048792428597 ], [ -78.050837989058209, 39.291040153277024 ], [ -78.050837802473353, 39.29104012692639 ], [ -78.050794066181155, 39.291030425816871 ], [ -78.050790680026495, 39.291029386329932 ], [ -78.050774687619921, 39.291028368764287 ], [ -78.050729938300492, 39.29102204563808 ], [ -78.050721733695568, 39.291020225737746 ], [ -78.050713393880542, 39.291021626198216 ], [ -78.050668209211338, 39.291025669286562 ], [ -78.050622732212574, 39.291026251529352 ], [ -78.050514224420226, 39.29102350045909 ], [ -78.050468892877234, 39.291020615887092 ], [ -78.050444582209579, 39.291017180733157 ], [ -78.050417141639983, 39.291021788477742 ], [ -78.05041695231138, 39.291021805387864 ], [ -78.050377362368167, 39.291028453236279 ], [ -78.050332177679635, 39.291032496283094 ], [ -78.050290878973129, 39.291033024798331 ], [ -78.050263024283126, 39.291039981967835 ], [ -78.050218567212497, 39.291047447018983 ], [ -78.050194071958302, 39.291049638808367 ], [ -78.050168923587123, 39.291053861577893 ], [ -78.050167745712614, 39.291053967018385 ], [ -78.050143686494266, 39.291059976133504 ], [ -78.050099229288989, 39.291067441045108 ], [ -78.050054044681787, 39.291071483985171 ], [ -78.050040212325413, 39.2910716609411 ], [ -78.050027870787858, 39.291075819629995 ], [ -78.050024994293679, 39.291076538085314 ], [ -78.050009447727646, 39.291083253372648 ], [ -78.049967718854546, 39.291097314452578 ], [ -78.049930201280915, 39.291106684915491 ], [ -78.049898661215764, 39.291123651232709 ], [ -78.049863123910228, 39.291139001389631 ], [ -78.049856230705629, 39.291157765730063 ], [ -78.049847311259498, 39.291175310099632 ], [ -78.049845400579159, 39.291180511269474 ], [ -78.049828689020188, 39.29121338250107 ], [ -78.049807911581155, 39.291244822582364 ], [ -78.049783268317412, 39.291274528763537 ], [ -78.049754996612847, 39.291302214916044 ], [ -78.049723368854927, 39.291327614446651 ], [ -78.049713182435298, 39.291335029474737 ], [ -78.049702996125546, 39.291342444594775 ], [ -78.049692809817444, 39.291349859623843 ], [ -78.04965813037542, 39.291372727910918 ], [ -78.049620733364648, 39.291392844617846 ], [ -78.049580978883697, 39.291410016183313 ], [ -78.049565229468513, 39.29141532309783 ], [ -78.049560928067464, 39.291417181014033 ], [ -78.049519199027728, 39.291431241924279 ], [ -78.049475897265268, 39.291442056798388 ], [ -78.049469094453244, 39.291443199050718 ], [ -78.04944598216882, 39.291448971509453 ], [ -78.049401524657128, 39.291456436141615 ], [ -78.049356339659155, 39.291460478796289 ], [ -78.049310862403601, 39.291461060424751 ], [ -78.049300998029935, 39.291460810218716 ], [ -78.049255666281454, 39.291457925254953 ], [ -78.049210916752145, 39.291451601446276 ], [ -78.049167180466654, 39.29144189981406 ], [ -78.049124878518143, 39.291428913559038 ], [ -78.049084418362341, 39.29141276796728 ], [ -78.049046189607893, 39.291393618501502 ], [ -78.049041335538504, 39.291390625435419 ], [ -78.049036062483111, 39.291388521241267 ], [ -78.048997833759429, 39.291369371670513 ], [ -78.048962204658636, 39.291347402605311 ], [ -78.048929518255505, 39.291322825712982 ], [ -78.048919975824191, 39.2913149101865 ], [ -78.048910433507061, 39.291306994752247 ], [ -78.048900891192062, 39.291299079317248 ], [ -78.048871462292212, 39.291272131125332 ], [ -78.048845574430118, 39.291243071255607 ], [ -78.048823476691027, 39.291212179528003 ], [ -78.04880981835349, 39.291187703538114 ], [ -78.048805036197209, 39.291181018163932 ], [ -78.048798207300123, 39.291168780715516 ], [ -78.048795815838488, 39.291165437523034 ], [ -78.048794317342413, 39.291162752174685 ], [ -78.048779575240346, 39.291162940673658 ], [ -78.048771932869272, 39.291164223829924 ], [ -78.048726748039584, 39.291168266245805 ], [ -78.048681270867945, 39.291168847632029 ], [ -78.04865167788715, 39.291168096856047 ], [ -78.048606346369539, 39.291165211647147 ], [ -78.048561597215212, 39.291158887600481 ], [ -78.048517861102624, 39.29114918564094 ], [ -78.048475559458296, 39.291136199250317 ], [ -78.048435099630538, 39.291120053443912 ], [ -78.048427757305333, 39.291116375452603 ], [ -78.048426730329581, 39.291116349396056 ], [ -78.048381398979615, 39.291113464013975 ], [ -78.048336649764082, 39.291107139969746 ], [ -78.048332834239659, 39.291106293560063 ], [ -78.048279087336525, 39.291104929831128 ], [ -78.048233755883984, 39.29110204447904 ], [ -78.048196044420649, 39.291096714856373 ], [ -78.048191832385442, 39.291098534180698 ], [ -78.048170159081238, 39.29110583687099 ], [ -78.048162342177775, 39.291111527028995 ], [ -78.048152155750444, 39.291118941918427 ], [ -78.048117475957966, 39.291141809641971 ], [ -78.048080078544388, 39.291161925928925 ], [ -78.048064176388024, 39.291168794443536 ], [ -78.048049841333167, 39.291176505380506 ], [ -78.048010086627571, 39.291193676399381 ], [ -78.047968357447829, 39.291207736746635 ], [ -78.047925055622784, 39.291218551039606 ], [ -78.047880598129595, 39.291226015179753 ], [ -78.047835413230359, 39.291230057245713 ], [ -78.047789936149002, 39.291230638284361 ], [ -78.047780071821208, 39.291230387950691 ], [ -78.04773474032072, 39.291227502401767 ], [ -78.047689991110843, 39.291221178018169 ], [ -78.047684859987086, 39.291220039744985 ], [ -78.047646283321114, 39.291217584133634 ], [ -78.047601534243398, 39.291211259719447 ], [ -78.047557798254033, 39.291201557402573 ], [ -78.047526906997518, 39.291192073686432 ], [ -78.047514597413226, 39.291196221205766 ], [ -78.047471295536113, 39.291207035327346 ], [ -78.047426838128771, 39.29121449929535 ], [ -78.047381653221933, 39.291218541184229 ], [ -78.047336176039636, 39.291219122042577 ], [ -78.047207939629814, 39.291215867134945 ], [ -78.047162608176222, 39.291212981364168 ], [ -78.047117859040895, 39.291206656762611 ], [ -78.04707412324845, 39.291196954269338 ], [ -78.047050620029566, 39.291189738569969 ], [ -78.047049453166849, 39.291189573642441 ], [ -78.047045637656183, 39.291188727190956 ], [ -78.046991890752452, 39.291187362865458 ], [ -78.046946559447179, 39.291184477014369 ], [ -78.046901810350789, 39.291178152421054 ], [ -78.046858074610839, 39.291168449848264 ], [ -78.046815773300182, 39.291155462864914 ], [ -78.046797644075966, 39.29114822787178 ], [ -78.046782184120786, 39.29114961070978 ], [ -78.046736707104998, 39.291150191428052 ], [ -78.046598606468933, 39.291146685428679 ], [ -78.046553275103619, 39.2911437993329 ], [ -78.046508526193691, 39.291137474593427 ], [ -78.046469577632976, 39.291128833903933 ], [ -78.046469391165786, 39.291128807549292 ], [ -78.046425655406551, 39.291119104904233 ], [ -78.046383354218761, 39.2911061176776 ], [ -78.046342894934938, 39.291089971161881 ], [ -78.046304667155354, 39.291070820828693 ], [ -78.046269039095051, 39.291048850974825 ], [ -78.046236353818713, 39.291024273275241 ], [ -78.046226811855504, 39.291016357633332 ], [ -78.046217269894441, 39.291008441990719 ], [ -78.046207727819706, 39.29100052634444 ], [ -78.046205676577202, 39.290998824711963 ], [ -78.046203610960518, 39.290998366429861 ], [ -78.046203327919969, 39.290998279517765 ], [ -78.046164504029591, 39.290995807679728 ], [ -78.046119755145583, 39.290989482702436 ], [ -78.046109850201518, 39.290987285266986 ], [ -78.046095776289491, 39.290986389191488 ], [ -78.046051027419296, 39.29098006418819 ], [ -78.046007291938764, 39.290970361304176 ], [ -78.046006210362862, 39.290970029261956 ], [ -78.045993787585502, 39.290970187748293 ], [ -78.045948456485434, 39.29096730151479 ], [ -78.045903707644143, 39.290960976455736 ], [ -78.045864759610836, 39.290952335668742 ], [ -78.045864572796972, 39.290952309304316 ], [ -78.045820837363678, 39.29094260635177 ], [ -78.045820554667529, 39.29094251953758 ], [ -78.045781730481977, 39.290940047564554 ], [ -78.045736981676953, 39.290933722442524 ], [ -78.045693246275746, 39.290924019443032 ], [ -78.045650945351738, 39.290911032049124 ], [ -78.045610486362051, 39.290894885288665 ], [ -78.045607247245854, 39.290893262571267 ], [ -78.045573762689983, 39.290898883805831 ], [ -78.045549267404468, 39.290901074613011 ], [ -78.04552411887083, 39.290905296369232 ], [ -78.045506009843535, 39.290906915976372 ], [ -78.045489017228405, 39.290911159377195 ], [ -78.045473902910814, 39.2909136966123 ], [ -78.045472488575854, 39.290914173185961 ], [ -78.0454291866087, 39.290924986541981 ], [ -78.045384729213865, 39.290932449727876 ], [ -78.0453845395336, 39.29093246671092 ], [ -78.045382604212591, 39.290932791590492 ], [ -78.045359491813898, 39.290938563230789 ], [ -78.045315034292614, 39.290946026296488 ], [ -78.045269849605418, 39.290950067369543 ], [ -78.045224372631694, 39.290950647407712 ], [ -78.04521994744097, 39.29095053500923 ], [ -78.045216068973389, 39.290951186095491 ], [ -78.045170884283365, 39.290955227039767 ], [ -78.045125407307907, 39.290955807039047 ], [ -78.044987307254573, 39.290952299142944 ], [ -78.044977458833699, 39.290951671969538 ], [ -78.044967578727125, 39.290951798002844 ], [ -78.044957714463592, 39.290951547431547 ], [ -78.044912383327727, 39.290948660793163 ], [ -78.044867634612885, 39.290942335429229 ], [ -78.044823899347136, 39.290932632107051 ], [ -78.044781598598775, 39.290919644402734 ], [ -78.044741139827053, 39.290903497257162 ], [ -78.044702912615961, 39.290884346417172 ], [ -78.044694274350107, 39.290879019503464 ], [ -78.044672928874434, 39.290876002147762 ], [ -78.044663023655573, 39.29087380449252 ], [ -78.044648950027295, 39.290872908249298 ], [ -78.044604201506246, 39.290866582789583 ], [ -78.044591909203547, 39.290863855501328 ], [ -78.044590086914042, 39.290863739479981 ], [ -78.044545338289694, 39.290857413995063 ], [ -78.044535432846487, 39.290855216323315 ], [ -78.044521359571945, 39.290854320073677 ], [ -78.044476610965205, 39.290847994472777 ], [ -78.044432875816938, 39.290838291097629 ], [ -78.044401010184757, 39.290828507131422 ], [ -78.044394091600097, 39.290828066502314 ], [ -78.044349343020713, 39.290821740943464 ], [ -78.044305607912975, 39.290812037431706 ], [ -78.044289008260975, 39.29080694070722 ], [ -78.044271074059182, 39.290804405514351 ], [ -78.04422733885896, 39.290794701970995 ], [ -78.044185038316172, 39.290781714056664 ], [ -78.044161883243419, 39.290772472771899 ], [ -78.044149392504139, 39.290769701388292 ], [ -78.044125889191946, 39.290762484919291 ], [ -78.044124722920216, 39.290762320067635 ], [ -78.044080987769561, 39.290752616470918 ], [ -78.04405748504233, 39.290745400183248 ], [ -78.044056318195857, 39.290745235226211 ], [ -78.044012583182564, 39.290735531607432 ], [ -78.043990006147084, 39.290728599534432 ], [ -78.043988100091624, 39.290728176617257 ], [ -78.043987913626665, 39.290728150258715 ], [ -78.043975621719554, 39.290725423005888 ], [ -78.043973799087823, 39.29072530696623 ], [ -78.043929050625209, 39.290718981159436 ], [ -78.043885315648652, 39.290709277494024 ], [ -78.043868716626235, 39.290704180906225 ], [ -78.043850781894491, 39.290701645545347 ], [ -78.043838489654547, 39.290698918179586 ], [ -78.043836667371309, 39.290698802146636 ], [ -78.043822952645698, 39.290696863360708 ], [ -78.043809104097676, 39.290698101717062 ], [ -78.043763627311222, 39.290698681189525 ], [ -78.043735232966753, 39.290696872746359 ], [ -78.043725731026669, 39.290698467753188 ], [ -78.043701235778286, 39.290700658171495 ], [ -78.043676087231233, 39.290704879526558 ], [ -78.043630902530083, 39.290708919962078 ], [ -78.043585425855341, 39.290709499367459 ], [ -78.043575577372593, 39.290708872074113 ], [ -78.043565697305212, 39.290708997989469 ], [ -78.04355583308822, 39.290708747300684 ], [ -78.043536136351833, 39.290707492804003 ], [ -78.043516376105714, 39.290707744534267 ], [ -78.043496647673123, 39.290707243147516 ], [ -78.043451316790339, 39.290704355947554 ], [ -78.043406568516502, 39.290698029944863 ], [ -78.043394276868867, 39.290695302727478 ], [ -78.043392454011652, 39.290695186582894 ], [ -78.043347705634531, 39.290688860555015 ], [ -78.043303970770623, 39.290679156674628 ], [ -78.043261670488107, 39.290666168433219 ], [ -78.043243878810529, 39.290659067499035 ], [ -78.043212994628476, 39.290649584445731 ], [ -78.043172536399908, 39.29063343686321 ], [ -78.04317191173017, 39.290633123885151 ], [ -78.04314491292125, 39.290624833923239 ], [ -78.043104454723732, 39.290608686318102 ], [ -78.043080490650638, 39.290596680355073 ], [ -78.043041213583265, 39.290594178571027 ], [ -78.042996465310125, 39.290587852411484 ], [ -78.042952730445549, 39.290578148490098 ], [ -78.042930152778041, 39.290571215926406 ], [ -78.042924749123415, 39.290570016916064 ], [ -78.042881601616187, 39.290577259300427 ], [ -78.042881413217984, 39.290577276131792 ], [ -78.042841822045759, 39.290583921463167 ], [ -78.042796637511103, 39.290587961578595 ], [ -78.042751160812657, 39.290588540657374 ], [ -78.042751007833644, 39.29058853676851 ], [ -78.042720819672624, 39.290598706944529 ], [ -78.042677517539985, 39.290609519357332 ], [ -78.04263306000874, 39.290616981394777 ], [ -78.042587875329957, 39.290621021424819 ], [ -78.042542398729296, 39.290621600424011 ], [ -78.042522670222425, 39.290621098870204 ], [ -78.042501680223722, 39.29061976177325 ], [ -78.042499461923143, 39.290640789970432 ], [ -78.042491320598899, 39.290675562398462 ], [ -78.04247883248982, 39.290709547236801 ], [ -78.042462117558031, 39.290742417281898 ], [ -78.042441337055052, 39.290773855928649 ], [ -78.042416691065753, 39.29080356044102 ], [ -78.042388416765988, 39.290831244790674 ], [ -78.04235678657578, 39.290856642222629 ], [ -78.042346599605892, 39.29086405658169 ], [ -78.042336412633844, 39.290871470939791 ], [ -78.042301731179492, 39.290894336951787 ], [ -78.042264332472939, 39.290914451223173 ], [ -78.042224576629067, 39.290931620216 ], [ -78.042198358832493, 39.290940452632803 ], [ -78.042174711483241, 39.290959440197867 ], [ -78.042164524479503, 39.29096685453959 ], [ -78.04212984292711, 39.290989720406088 ], [ -78.042092444002634, 39.2910098347051 ], [ -78.042052688064928, 39.291027003635257 ], [ -78.042036938703333, 39.291032309343578 ], [ -78.042032636789685, 39.291034167145781 ], [ -78.041990906644543, 39.291048225305751 ], [ -78.041947604138727, 39.291059037341128 ], [ -78.041903146255947, 39.291066499175137 ], [ -78.041857961377843, 39.291070538911541 ], [ -78.041812484381865, 39.291071117610905 ], [ -78.04180756012596, 39.291070803933565 ], [ -78.041802620129729, 39.291070866771662 ], [ -78.04179275587768, 39.291070615931595 ], [ -78.041747424873122, 39.291067728061087 ], [ -78.041702676448764, 39.291061401396924 ], [ -78.041658941622373, 39.291051696898002 ], [ -78.041650476895455, 39.291049097715359 ], [ -78.041641811583659, 39.291051261273083 ], [ -78.041635008128495, 39.291052403138892 ], [ -78.041611896015183, 39.291058173855525 ], [ -78.041567438105375, 39.291065635559811 ], [ -78.041525419949181, 39.291069392026579 ], [ -78.041506901098728, 39.291079351920978 ], [ -78.04146714498998, 39.291096520643755 ], [ -78.041425414706509, 39.291110578594882 ], [ -78.041382112087788, 39.291121390414737 ], [ -78.041337654234411, 39.291128852031569 ], [ -78.04133647635102, 39.291128957381993 ], [ -78.04131241646563, 39.291134964639596 ], [ -78.041267958485832, 39.291142426136211 ], [ -78.041264428215882, 39.291142741730795 ], [ -78.041259228783574, 39.291147832530683 ], [ -78.041227598054277, 39.291173229633223 ], [ -78.041217410923295, 39.291180643886705 ], [ -78.041207223790167, 39.291188058139213 ], [ -78.041172541826271, 39.291210923793315 ], [ -78.041135142640826, 39.291231037771723 ], [ -78.041119239493639, 39.291237905480919 ], [ -78.041109682466569, 39.291243045429034 ], [ -78.04109169016202, 39.291254907551753 ], [ -78.041065088115118, 39.291269214583437 ], [ -78.041055384843247, 39.291276276645327 ], [ -78.041045197563562, 39.291283690879396 ], [ -78.041034541611864, 39.291290716185557 ], [ -78.041024823229421, 39.291298519350484 ], [ -78.041014636055323, 39.29130593367455 ], [ -78.041004448882887, 39.291313347907632 ], [ -78.040994261592488, 39.291320762136799 ], [ -78.040984074415761, 39.291328176367919 ], [ -78.040973887236888, 39.291335590598059 ], [ -78.04096323174484, 39.291342615638861 ], [ -78.040953512868896, 39.291350419145381 ], [ -78.040943325567781, 39.291357833369624 ], [ -78.040933138380311, 39.291365247595827 ], [ -78.040922951190709, 39.29137266182105 ], [ -78.040912763995181, 39.29138007613529 ], [ -78.040902576801287, 39.291387490358545 ], [ -78.040892389489443, 39.291394904577871 ], [ -78.040857707322459, 39.291417770129556 ], [ -78.040820307943022, 39.291437883908443 ], [ -78.040780551472551, 39.291455052381359 ], [ -78.040738820849413, 39.29146911007193 ], [ -78.0407072049466, 39.291477003700834 ], [ -78.040701402923901, 39.291478958239416 ], [ -78.040699552259824, 39.29148118860082 ], [ -78.040671277023137, 39.291508872403888 ], [ -78.040639645920251, 39.291534269330789 ], [ -78.04062945867561, 39.29154168352801 ], [ -78.040594776352378, 39.291564548994721 ], [ -78.040557376818299, 39.291584662772706 ], [ -78.040556860222253, 39.291584885833487 ], [ -78.040554350151808, 39.291586540709758 ], [ -78.040516950598615, 39.291606654383806 ], [ -78.040501048018854, 39.291613521660231 ], [ -78.040486711623416, 39.291621231887184 ], [ -78.040446954975636, 39.291638400148514 ], [ -78.040431205485902, 39.291643705541915 ], [ -78.040426903375391, 39.291645563368526 ], [ -78.040411154704671, 39.291650868509755 ], [ -78.040406851767429, 39.291652726674911 ], [ -78.040365120842097, 39.291666784220638 ], [ -78.040321817736398, 39.291677595625373 ], [ -78.040277359439855, 39.291685056818373 ], [ -78.040232173995577, 39.291689095810824 ], [ -78.04019755115597, 39.291689536000867 ], [ -78.040176450701679, 39.291696643843927 ], [ -78.040167846581085, 39.291700359390305 ], [ -78.040126115584386, 39.291714416847235 ], [ -78.040082812417637, 39.291725228160331 ], [ -78.040038354070973, 39.29173268925976 ], [ -78.040015169995272, 39.291734761633727 ], [ -78.040013895439003, 39.291735312053184 ], [ -78.040004705661261, 39.291741370570925 ], [ -78.039967305872636, 39.291761484148523 ], [ -78.039927549027411, 39.291778652224004 ], [ -78.039885817940473, 39.291792709590887 ], [ -78.039842514689511, 39.291803520901091 ], [ -78.039807198824306, 39.291809447534014 ], [ -78.039776975801203, 39.291825701376993 ], [ -78.039737218876169, 39.291842869384055 ], [ -78.039695487832233, 39.291856926682534 ], [ -78.039652184519966, 39.291867737829115 ], [ -78.039607725930878, 39.291875198755577 ], [ -78.039562540337585, 39.291879237571486 ], [ -78.039536130227376, 39.291879573069238 ], [ -78.039528487878385, 39.291880855614153 ], [ -78.03952731021613, 39.291880960861569 ], [ -78.039503249702278, 39.291886967812431 ], [ -78.039490552344077, 39.291889098681281 ], [ -78.039466668968444, 39.291897143801762 ], [ -78.039463792348442, 39.291897861990279 ], [ -78.039448244674148, 39.291904575819004 ], [ -78.039432494466041, 39.291909881326973 ], [ -78.039428192789273, 39.291911738856754 ], [ -78.039386461648647, 39.291925796040232 ], [ -78.039374981995465, 39.291928661991498 ], [ -78.039366921298594, 39.29193837619578 ], [ -78.039338645361212, 39.291966059645809 ], [ -78.039307013698348, 39.29199145618513 ], [ -78.039296826250919, 39.291998870257153 ], [ -78.039262143283338, 39.292021735299585 ], [ -78.039224743026736, 39.292041848620713 ], [ -78.039208840465832, 39.29204871562726 ], [ -78.039194503730769, 39.292056425682617 ], [ -78.03915474653779, 39.292073593569476 ], [ -78.039113015250294, 39.29208765064871 ], [ -78.039069711717417, 39.29209846156909 ], [ -78.039054173479826, 39.292101069058937 ], [ -78.039020874351138, 39.292123021646034 ], [ -78.038983473974497, 39.292143134884554 ], [ -78.038943716687783, 39.292160302605183 ], [ -78.038927966977667, 39.292165607785719 ], [ -78.038923664798006, 39.292167465553831 ], [ -78.038881933412483, 39.292181522546016 ], [ -78.03885026263842, 39.292189429309168 ], [ -78.038843110488841, 39.292193275583628 ], [ -78.038827206913211, 39.292200142961434 ], [ -78.038812870936852, 39.29220785253748 ], [ -78.038773113570656, 39.292225020286608 ], [ -78.03873138212343, 39.292239077222163 ], [ -78.03868807844583, 39.292249887994359 ], [ -78.038643619532891, 39.292257348538548 ], [ -78.038598433776158, 39.292261386970949 ], [ -78.038552956061523, 39.292261964364641 ], [ -78.03850762450358, 39.292259075207063 ], [ -78.038484841039107, 39.292255853356579 ], [ -78.038463750248752, 39.292262957616131 ], [ -78.038420446521258, 39.292273768286442 ], [ -78.038375987686848, 39.292281228729536 ], [ -78.038375798001951, 39.292281245700941 ], [ -78.038373862618286, 39.292281570461114 ], [ -78.038350749280013, 39.292287340667933 ], [ -78.03830629031917, 39.29229480099081 ], [ -78.038261104527052, 39.29229883929041 ], [ -78.038215626793686, 39.292299416551089 ], [ -78.038215352309919, 39.29229939902271 ], [ -78.038209474315479, 39.29230829065736 ], [ -78.038184826012156, 39.292337994177004 ], [ -78.038156549455749, 39.292365677313967 ], [ -78.038124917080452, 39.292391073504021 ], [ -78.038114729454009, 39.292398487465057 ], [ -78.038104541825447, 39.292405901425106 ], [ -78.038094354194712, 39.292413315384159 ], [ -78.038073978807233, 39.292428143386388 ], [ -78.038063791170075, 39.292435557342507 ], [ -78.038029107599286, 39.292458421992066 ], [ -78.037991706893379, 39.292478534805824 ], [ -78.037951949186535, 39.292495702259913 ], [ -78.037936199333075, 39.292501007300096 ], [ -78.037931897108379, 39.292502865029626 ], [ -78.037890165227211, 39.292516921646971 ], [ -78.037887288567759, 39.292517639794823 ], [ -78.037871740614946, 39.292524353401113 ], [ -78.037830008825864, 39.292538409998819 ], [ -78.037786704843015, 39.292549220422444 ], [ -78.037742245780223, 39.292556680613643 ], [ -78.03769705968412, 39.29256071868322 ], [ -78.037671706391436, 39.292561040396961 ], [ -78.037641925754087, 39.292577055221876 ], [ -78.037602167911899, 39.292594222550711 ], [ -78.037560436032521, 39.292608279047862 ], [ -78.037517131970716, 39.292619089367719 ], [ -78.037472672725244, 39.29262654945002 ], [ -78.037427486574998, 39.292630587412454 ], [ -78.03738200875604, 39.292631164341493 ], [ -78.037342550914943, 39.292630159442034 ], [ -78.037297219315562, 39.292627269808392 ], [ -78.037252470414984, 39.292620941410036 ], [ -78.037208735235509, 39.292611235222573 ], [ -78.037186158135825, 39.292604301736802 ], [ -78.037179465280815, 39.292602816394783 ], [ -78.037165860834932, 39.292598638495114 ], [ -78.037158044953017, 39.292604326211958 ], [ -78.037147857197425, 39.292611740082961 ], [ -78.037137201378201, 39.292618764665676 ], [ -78.037127481676009, 39.292626567911981 ], [ -78.03711729391398, 39.292633981780028 ], [ -78.037107106034014, 39.292641395644125 ], [ -78.037096918267693, 39.292648809510197 ], [ -78.037086730495432, 39.292656223465293 ], [ -78.037076542724819, 39.292663637329397 ], [ -78.03704185873741, 39.292686501577073 ], [ -78.037004457639199, 39.292706614147093 ], [ -78.037003941024381, 39.292706837191318 ], [ -78.037001430833214, 39.292708491985856 ], [ -78.036991325514293, 39.292713926163152 ], [ -78.0369761890055, 39.292743686114733 ], [ -78.036955405458187, 39.292775123655282 ], [ -78.036930756348724, 39.292804826877543 ], [ -78.036902479117259, 39.292832509681524 ], [ -78.036870846204494, 39.292857905506196 ], [ -78.03686065838167, 39.292865319349183 ], [ -78.036839344820265, 39.292879369580852 ], [ -78.036819906949276, 39.29289497479833 ], [ -78.036809718999905, 39.292902388633443 ], [ -78.03677503480391, 39.292925252882902 ], [ -78.036737633503108, 39.292945365358584 ], [ -78.036697875248763, 39.292962532270835 ], [ -78.036682126026307, 39.292967836883811 ], [ -78.03667782291609, 39.292969694903746 ], [ -78.036636090644535, 39.292983751052716 ], [ -78.036592786226791, 39.29299456101338 ], [ -78.036588151211973, 39.292995338744035 ], [ -78.03657418765026, 39.29300454356612 ], [ -78.036536786252313, 39.293024655973149 ], [ -78.036501946124105, 39.293039699314612 ], [ -78.036495911631278, 39.293046971017446 ], [ -78.036467634247217, 39.29307465370735 ], [ -78.036436000954112, 39.293100049399683 ], [ -78.036425813050982, 39.293107463201196 ], [ -78.036391128631607, 39.293130327326772 ], [ -78.036353727003601, 39.293150439577047 ], [ -78.036353210738554, 39.293150662447012 ], [ -78.036350700277183, 39.293152317400285 ], [ -78.036313298738307, 39.293172429729523 ], [ -78.03627354025339, 39.293189596577186 ], [ -78.036242039765725, 39.293200206261986 ], [ -78.036233435265885, 39.293203921501359 ], [ -78.036191702773181, 39.293217977481596 ], [ -78.036148398150644, 39.293228787268227 ], [ -78.03610393840242, 39.29323624680611 ], [ -78.036058751812277, 39.293240284218172 ], [ -78.03605720512617, 39.293240303815786 ], [ -78.036022388469931, 39.293252030410322 ], [ -78.03597908380398, 39.293262840132023 ], [ -78.035934624135834, 39.293270299606554 ], [ -78.03588943751808, 39.29327433695159 ], [ -78.035850487662643, 39.293274830525561 ], [ -78.035850197905674, 39.293274902867495 ], [ -78.035805738219238, 39.293282362291905 ], [ -78.035760551593214, 39.293286399496253 ], [ -78.035715073376423, 39.293286975756381 ], [ -78.035705208751992, 39.293286724385837 ], [ -78.035659876837968, 39.293283834100386 ], [ -78.035615127706123, 39.293277505152012 ], [ -78.035571392504394, 39.293267798345447 ], [ -78.035548815379414, 39.293260864540464 ], [ -78.035542122387469, 39.293259379100327 ], [ -78.035499822198346, 39.293246387945004 ], [ -78.035459364454439, 39.293230237694836 ], [ -78.035421138741199, 39.293211083857422 ], [ -78.035385513253743, 39.293189110763286 ], [ -78.035380891733254, 39.293185634888538 ], [ -78.035354845837517, 39.293196880699043 ], [ -78.035313113193041, 39.293210936357326 ], [ -78.035269808460257, 39.293221745811678 ], [ -78.035263004712334, 39.293222887292217 ], [ -78.035239891429157, 39.293228656692911 ], [ -78.035233087328962, 39.293229798252803 ], [ -78.035209974276796, 39.293235567563258 ], [ -78.035165514562948, 39.293243026741202 ], [ -78.035120327937463, 39.293247063786261 ], [ -78.035074849640935, 39.293247639793734 ], [ -78.035055120646277, 39.293247136949645 ], [ -78.035009788684675, 39.293244246409706 ], [ -78.034965039771876, 39.2932379171272 ], [ -78.034952748069998, 39.293235189013814 ], [ -78.034950925169397, 39.293235072734916 ], [ -78.034906176153314, 39.293228743427207 ], [ -78.034862441096436, 39.293219036358764 ], [ -78.034820141068778, 39.29320604505174 ], [ -78.034799017924428, 39.293197612756032 ], [ -78.034779231903585, 39.293194814218857 ], [ -78.034766940217608, 39.293192086086371 ], [ -78.034765117318614, 39.293191969804617 ], [ -78.034746494129521, 39.29318933566968 ], [ -78.034727688807308, 39.293191015740589 ], [ -78.034682210553598, 39.293191591595736 ], [ -78.034636878652265, 39.293188700912275 ], [ -78.034592129817241, 39.293182371488797 ], [ -78.034586998225777, 39.293181232535687 ], [ -78.034548421797751, 39.293178772569668 ], [ -78.034544523280445, 39.293178221142433 ], [ -78.034540586749216, 39.293178572838322 ], [ -78.03452646765902, 39.293178751620438 ], [ -78.034516398114008, 39.293180440939707 ], [ -78.034471211507636, 39.293184477732581 ], [ -78.034457091953385, 39.293184656494418 ], [ -78.034447022989056, 39.293186345732359 ], [ -78.034408506731921, 39.293189786554869 ], [ -78.034372137674822, 39.293198864486556 ], [ -78.03432767791567, 39.293206323341579 ], [ -78.034309567795646, 39.293207941162656 ], [ -78.03429835864624, 39.293210739002063 ], [ -78.034266814208465, 39.293227700895756 ], [ -78.034231850369622, 39.293242796697093 ], [ -78.034245082434182, 39.293246860677229 ], [ -78.034285539881338, 39.293263011339697 ], [ -78.034289675949253, 39.293265083879966 ], [ -78.034304945335094, 39.293271179409381 ], [ -78.034343170748457, 39.293290333693314 ], [ -78.034378795942601, 39.293312307006076 ], [ -78.034411477871473, 39.293336887913675 ], [ -78.034421018739991, 39.293344804483944 ], [ -78.034430559606861, 39.293352721143492 ], [ -78.034459983553717, 39.293379672804903 ], [ -78.034485866105911, 39.293408735675065 ], [ -78.034502228965962, 39.29343161827267 ], [ -78.034523386391726, 39.293438116292265 ], [ -78.034563844016503, 39.29345426686406 ], [ -78.034567980104157, 39.293456339395107 ], [ -78.034583249557059, 39.293462434890309 ], [ -78.034621475153003, 39.293481589089019 ], [ -78.034657100532968, 39.293503562322897 ], [ -78.034689782649082, 39.293528143158653 ], [ -78.034699323575055, 39.293536059708046 ], [ -78.034701119951208, 39.29353770513697 ], [ -78.034703440310452, 39.29353822011435 ], [ -78.034745740510147, 39.293551211469996 ], [ -78.034750260541031, 39.293553015869541 ], [ -78.03475737974621, 39.293554022788349 ], [ -78.034769672065693, 39.293556751118849 ], [ -78.034771494398882, 39.293556867296118 ], [ -78.034816243606883, 39.29356319666288 ], [ -78.034859978871538, 39.293572903666153 ], [ -78.034902279120487, 39.293585895056665 ], [ -78.03494273692381, 39.293602045502809 ], [ -78.034980962702761, 39.293621199499562 ], [ -78.035016588266529, 39.293643172719783 ], [ -78.035049270576849, 39.293667753461236 ], [ -78.035078694895617, 39.293694704978869 ], [ -78.035082123895634, 39.293698555222889 ], [ -78.035086237307596, 39.293700616347621 ], [ -78.035121863060908, 39.293722589541069 ], [ -78.035154545445181, 39.29374717025545 ], [ -78.035183969721629, 39.293774121745983 ], [ -78.035206280917734, 39.293799173932676 ], [ -78.035221009111709, 39.293810251029996 ], [ -78.035230550136703, 39.293818167539193 ], [ -78.035237909739081, 39.293824908515717 ], [ -78.03525407251405, 39.29382849584556 ], [ -78.035296372999866, 39.293841487010816 ], [ -78.035336831161956, 39.293857637331207 ], [ -78.035375057187636, 39.293876791297023 ], [ -78.035410683010895, 39.293898764315287 ], [ -78.035419342957269, 39.293905277443393 ], [ -78.035442491768848, 39.293916876659168 ], [ -78.035478117630277, 39.293938849748187 ], [ -78.035480482633332, 39.293940628478317 ], [ -78.035480979683967, 39.293940877528073 ], [ -78.035516605569896, 39.29396285060615 ], [ -78.035549288205999, 39.293987431218184 ], [ -78.035578712851034, 39.294014382620404 ], [ -78.03560459598387, 39.294043445262339 ], [ -78.03560474902973, 39.294043659240479 ], [ -78.035605014129729, 39.294043792114934 ], [ -78.03564064010709, 39.294065765158152 ], [ -78.035673322834484, 39.294090345738411 ], [ -78.035692405065504, 39.294106178687954 ], [ -78.035701946184233, 39.294114095161689 ], [ -78.035711487420912, 39.29412201163764 ], [ -78.035721028540138, 39.294129928199929 ], [ -78.035730569665304, 39.294137844671496 ], [ -78.035759994442273, 39.294164796032277 ], [ -78.035785877704242, 39.294193858638167 ], [ -78.035788255052836, 39.294197182993663 ], [ -78.035792974923382, 39.294200094094144 ], [ -78.035825657766409, 39.294224674635515 ], [ -78.035835198916132, 39.294232591099338 ], [ -78.035844740183791, 39.294240507565398 ], [ -78.035854281334011, 39.294248424117789 ], [ -78.035883706088313, 39.294275375447427 ], [ -78.035899944563496, 39.294293608373827 ], [ -78.03590105175968, 39.294294050345904 ], [ -78.035939278185026, 39.294313204049885 ], [ -78.035974904404938, 39.294335176998949 ], [ -78.036006873494287, 39.294359220595034 ], [ -78.036032475110346, 39.294375010694544 ], [ -78.036065158119087, 39.294399591174233 ], [ -78.036074699319585, 39.294407507620129 ], [ -78.036079983911733, 39.29441234794313 ], [ -78.036083628629441, 39.294413802801039 ], [ -78.036087765160005, 39.29441587547042 ], [ -78.036103034505331, 39.29442197058632 ], [ -78.03610717081294, 39.294424043069149 ], [ -78.036122440501671, 39.29443013837146 ], [ -78.036160667060017, 39.294449292097362 ], [ -78.036196293423714, 39.294471264893403 ], [ -78.036228976535426, 39.294495845330587 ], [ -78.036258401537353, 39.294522796573808 ], [ -78.036273588266084, 39.294539848395161 ], [ -78.036300205608427, 39.294545755692702 ], [ -78.036342506735807, 39.294558746499732 ], [ -78.036382965448851, 39.294574896476249 ], [ -78.036420684771329, 39.294593795857935 ], [ -78.036439536748986, 39.294599585287592 ], [ -78.036479995509438, 39.294615735231993 ], [ -78.036518222274452, 39.294634888757351 ], [ -78.0365455356513, 39.294651734367683 ], [ -78.036576116956255, 39.294667057097207 ], [ -78.036611743676303, 39.294689029867321 ], [ -78.036642633717179, 39.294712261524275 ], [ -78.036663672544861, 39.294715236880577 ], [ -78.036707408928748, 39.294724943317142 ], [ -78.036749710246767, 39.294737933982638 ], [ -78.03679016916314, 39.2947540838245 ], [ -78.036820679378536, 39.294769370897889 ], [ -78.036843574914002, 39.294774452048259 ], [ -78.036885876289617, 39.294787442666205 ], [ -78.036887248130711, 39.294787990283361 ], [ -78.036902116745836, 39.294791290022204 ], [ -78.036944418143563, 39.294804280619616 ], [ -78.03698487714631, 39.294820430396719 ], [ -78.037023104163751, 39.294839583854952 ], [ -78.037058731004535, 39.294861556403234 ], [ -78.037075686237927, 39.294874307829915 ], [ -78.037106761384862, 39.294893473231951 ], [ -78.037139445018894, 39.294918053431211 ], [ -78.03714898641293, 39.294925969795628 ], [ -78.037178412068556, 39.294952920827519 ], [ -78.037204296323694, 39.294981983150556 ], [ -78.037226389776151, 39.295012876917077 ], [ -78.037233217373682, 39.29502511579738 ], [ -78.037235607840799, 39.295028458475215 ], [ -78.037253698014112, 39.295060886128873 ], [ -78.037267610366115, 39.295094535407493 ], [ -78.037277211091933, 39.295129082202259 ], [ -78.037279508747474, 39.29514460722482 ], [ -78.037281835753831, 39.295148778328141 ], [ -78.037306375403858, 39.295158573608312 ], [ -78.037344602697885, 39.295177726880205 ], [ -78.037374336549419, 39.295196064854061 ], [ -78.037378514116625, 39.295196331149135 ], [ -78.037423264543222, 39.295202659556566 ], [ -78.037467001349668, 39.295212365722207 ], [ -78.037509303113808, 39.295225356126871 ], [ -78.037549762495559, 39.29524150572054 ], [ -78.037553898780104, 39.295243578152153 ], [ -78.037569168896113, 39.295249673278207 ], [ -78.037607396195739, 39.295268826555095 ], [ -78.037643023555972, 39.295290798941096 ], [ -78.037675707563579, 39.295315379002325 ], [ -78.037685249072069, 39.295323295326611 ], [ -78.037714675099167, 39.29535024623533 ], [ -78.03773091418141, 39.295368478927671 ], [ -78.037732021406768, 39.29536892088332 ], [ -78.037755642620809, 39.295380755897618 ], [ -78.037756156744294, 39.295380869974892 ], [ -78.037798458668192, 39.295393860279901 ], [ -78.037838918217531, 39.295410009778763 ], [ -78.037843054520863, 39.295412082200748 ], [ -78.037858324700125, 39.295418177291019 ], [ -78.037862462139898, 39.295420250281751 ], [ -78.037877731067766, 39.295426344887218 ], [ -78.037915958670794, 39.295445497981952 ], [ -78.037951586100206, 39.295467470366937 ], [ -78.037984270299717, 39.29549205034801 ], [ -78.037993811867381, 39.295499966649004 ], [ -78.03800335355298, 39.295507882952222 ], [ -78.038012895124936, 39.295515799251767 ], [ -78.038022436699023, 39.295523715550615 ], [ -78.038051862940165, 39.295550666381317 ], [ -78.038077747654498, 39.295579728616474 ], [ -78.038099841789318, 39.295610622238982 ], [ -78.038102199465484, 39.29561484833846 ], [ -78.038105726023076, 39.295618807820226 ], [ -78.038114563705932, 39.295631165304428 ], [ -78.03812448596365, 39.295642305519081 ], [ -78.038142800499273, 39.295667914185707 ], [ -78.038172348311733, 39.295667539190141 ], [ -78.038217682040298, 39.295670428560292 ], [ -78.038262432862538, 39.295676756658601 ], [ -78.038301381693358, 39.295685399943125 ], [ -78.038301569207178, 39.295685426427724 ], [ -78.038345306452584, 39.295695132278269 ], [ -78.038387608684815, 39.295708122379651 ], [ -78.038428068559256, 39.29572427168474 ], [ -78.038466296477253, 39.295743424699531 ], [ -78.038473087391367, 39.295747612763904 ], [ -78.038495829923633, 39.295756690280804 ], [ -78.038499966267636, 39.295758762680826 ], [ -78.03851523658291, 39.29576485768952 ], [ -78.038553464547917, 39.295784010677266 ], [ -78.038589092354385, 39.295805982879898 ], [ -78.038594593985465, 39.295810120278318 ], [ -78.038602081498169, 39.295813108841074 ], [ -78.038610354883119, 39.29581725392152 ], [ -78.038640894647102, 39.295829443616029 ], [ -78.038679122683078, 39.295848596564916 ], [ -78.038714750682431, 39.295870568644531 ], [ -78.038735170978214, 39.295885925286697 ], [ -78.038759683495016, 39.295883734670703 ], [ -78.038805163449737, 39.295883157192762 ], [ -78.038874217988706, 39.295884915012344 ], [ -78.038919551783664, 39.295887804202167 ], [ -78.038964302943214, 39.29589413195071 ], [ -78.039008040424235, 39.295903837560019 ], [ -78.03905034291769, 39.295916827429281 ], [ -78.039062564549567, 39.29592170555204 ], [ -78.039095855222882, 39.295929092903471 ], [ -78.039138157865352, 39.295942082744865 ], [ -78.039147872791006, 39.295945960262067 ], [ -78.039183642860621, 39.295948239819246 ], [ -78.039228394084788, 39.295954567558418 ], [ -78.039272131529927, 39.295964273068179 ], [ -78.039314434114033, 39.295977262844445 ], [ -78.039354894373346, 39.295993411840321 ], [ -78.039393122709271, 39.296012564474744 ], [ -78.039428751022172, 39.296034536436643 ], [ -78.039461436016794, 39.296059116030044 ], [ -78.039470977831769, 39.296067032218374 ], [ -78.039480519648905, 39.296074948406002 ], [ -78.039490061468186, 39.296082864592911 ], [ -78.039499603285819, 39.296090780869108 ], [ -78.039509145225196, 39.296098697057538 ], [ -78.039538572172319, 39.296125647537522 ], [ -78.039539452899689, 39.296126636293103 ], [ -78.039574325542375, 39.296137344483782 ], [ -78.03961478595717, 39.296153493394591 ], [ -78.039618922587209, 39.296155565852708 ], [ -78.039634192749446, 39.296161660622182 ], [ -78.039643172236055, 39.296166159346186 ], [ -78.039668166260512, 39.296167752110229 ], [ -78.039712917682635, 39.296174079579671 ], [ -78.039756655456969, 39.296183784917481 ], [ -78.039758490204335, 39.29618434833494 ], [ -78.039785899829525, 39.296186094882202 ], [ -78.039830651272922, 39.296192422397134 ], [ -78.039874388961792, 39.296202127688737 ], [ -78.039890988933365, 39.296207224881144 ], [ -78.039908924877935, 39.29620976089894 ], [ -78.039921217890665, 39.296212488708903 ], [ -78.039923040306164, 39.296212604808339 ], [ -78.03996779166998, 39.29621893217864 ], [ -78.040011529513166, 39.296228637422892 ], [ -78.040034108301541, 39.296235570417039 ], [ -78.040040801337284, 39.296237055603463 ], [ -78.040083104238732, 39.296250045201141 ], [ -78.040123564960908, 39.296266193944469 ], [ -78.040161793666428, 39.296285346338969 ], [ -78.04019742225212, 39.296307318075847 ], [ -78.040230107650586, 39.296331897467176 ], [ -78.040259535094052, 39.296358847780908 ], [ -78.040285421034355, 39.296387909477104 ], [ -78.040294258867505, 39.296400266443655 ], [ -78.040304182032088, 39.29641140686001 ], [ -78.040326277296586, 39.296442300099805 ], [ -78.040333105461301, 39.296454538638365 ], [ -78.0403354962327, 39.29645788144213 ], [ -78.040342324079518, 39.296470119341464 ], [ -78.040344715292363, 39.296473462696781 ], [ -78.040362807147346, 39.296505889925491 ], [ -78.04037672125628, 39.296539538892368 ], [ -78.040386323677822, 39.296574085578648 ], [ -78.040391521881745, 39.296609197199381 ], [ -78.04039226576721, 39.296644535562642 ], [ -78.040390973672515, 39.296675196172053 ], [ -78.040387256115778, 39.296710421115648 ], [ -78.040379112864684, 39.296745193207656 ], [ -78.04036662236237, 39.296779177795337 ], [ -78.040349904951682, 39.296812047417291 ], [ -78.040329121557903, 39.296843485553595 ], [ -78.040304472293784, 39.296873189473196 ], [ -78.040276194600963, 39.296900873069319 ], [ -78.040244560924606, 39.296926269773344 ], [ -78.040234372821843, 39.296933683898594 ], [ -78.040199687602055, 39.296956549122761 ], [ -78.040162284876217, 39.296976662640894 ], [ -78.040122525039791, 39.296993830659105 ], [ -78.040080790936486, 39.297007887971503 ], [ -78.040037484442522, 39.29701869922463 ], [ -78.039993022707193, 39.297026160083078 ], [ -78.039947833791572, 39.297030198920311 ], [ -78.039946005483458, 39.297030222122594 ], [ -78.039933508967295, 39.297032319130828 ], [ -78.039898465220986, 39.297035451126632 ], [ -78.039888538798976, 39.297037929187873 ], [ -78.039844077035298, 39.29704539007826 ], [ -78.039798888102311, 39.297049428856774 ], [ -78.039753407262808, 39.297050006602028 ], [ -78.039743542190024, 39.297049755556586 ], [ -78.039728768332992, 39.297048814127997 ], [ -78.039713946856608, 39.297049002412344 ], [ -78.039699173000386, 39.297048060980003 ], [ -78.039696651577472, 39.297048093024713 ], [ -78.039694395741108, 39.297057725065791 ], [ -78.039691566756275, 39.297065422089865 ], [ -78.039690412461525, 39.297076357946516 ], [ -78.039682268810537, 39.297111130063037 ], [ -78.039671145236809, 39.297141394614357 ], [ -78.039671111303491, 39.29714153950826 ], [ -78.039668964096933, 39.29714738137595 ], [ -78.039666805019891, 39.29716783751465 ], [ -78.03965866134385, 39.297202609628215 ], [ -78.039655150832075, 39.297212160912281 ], [ -78.039655001269495, 39.29721357738557 ], [ -78.039646857584714, 39.29724834940766 ], [ -78.039643117242974, 39.297258525797396 ], [ -78.039645992553119, 39.297268870457664 ], [ -78.039651190414119, 39.297303982095755 ], [ -78.039651933911813, 39.29733932044617 ], [ -78.039650318350525, 39.297377646155162 ], [ -78.03964660036408, 39.297412871055826 ], [ -78.039638456642038, 39.297447643165235 ], [ -78.039635627640337, 39.297455340006692 ], [ -78.039634473322849, 39.297466275951557 ], [ -78.039626329702799, 39.297501048062323 ], [ -78.039623500689672, 39.29750874508327 ], [ -78.03962234637271, 39.297519680937832 ], [ -78.039614202623014, 39.297554453044071 ], [ -78.039612055396987, 39.29756029490968 ], [ -78.039610610098904, 39.297573988606544 ], [ -78.039613014454318, 39.297582639215648 ], [ -78.039618212315858, 39.297617750763827 ], [ -78.039618955786494, 39.297653089202285 ], [ -78.039616693950947, 39.297706745154301 ], [ -78.039612975919852, 39.297741970050836 ], [ -78.03960483213281, 39.297776742154106 ], [ -78.039592341165317, 39.297810726545066 ], [ -78.039575623006996, 39.297843596024506 ], [ -78.039554838940461, 39.297875033992732 ], [ -78.039530189084928, 39.297904737720259 ], [ -78.039501910657236, 39.297932421096327 ], [ -78.039499621125444, 39.297934259115458 ], [ -78.039499300855724, 39.297934645086194 ], [ -78.039473989839749, 39.297959423515756 ], [ -78.039471800751429, 39.297963727553636 ], [ -78.039451016600594, 39.297995165499607 ], [ -78.039426366657096, 39.298024869201306 ], [ -78.03939808813486, 39.298052552638211 ], [ -78.039367918372676, 39.298076773083224 ], [ -78.039347517047631, 39.29810763186736 ], [ -78.039322867019209, 39.298137335543444 ], [ -78.039294588413384, 39.298165018861432 ], [ -78.039262953684116, 39.298190415255384 ], [ -78.039252765291138, 39.298197829282287 ], [ -78.039218079119209, 39.298220694173303 ], [ -78.039180675554931, 39.298240807248405 ], [ -78.039140914760026, 39.298257974981219 ], [ -78.03909917971454, 39.298272031902457 ], [ -78.039055872303791, 39.29828284266241 ], [ -78.039037257942383, 39.29828596603096 ], [ -78.039033614945197, 39.298291476223902 ], [ -78.039008964602786, 39.298321179822153 ], [ -78.038980685915121, 39.298348863058436 ], [ -78.038975360967441, 39.29835313789139 ], [ -78.038971514611077, 39.29835895577073 ], [ -78.038946864217721, 39.298388659353598 ], [ -78.038943011499924, 39.298392430970864 ], [ -78.03894030274013, 39.298396528087018 ], [ -78.038934967907366, 39.298402956507076 ], [ -78.038919279417897, 39.298426686312581 ], [ -78.038894628977502, 39.298456389882332 ], [ -78.038866350069043, 39.298484073173505 ], [ -78.038834715156838, 39.298509469441271 ], [ -78.038827941976024, 39.298514398081998 ], [ -78.038826613284584, 39.298516407835358 ], [ -78.038801962772311, 39.298546111382365 ], [ -78.038773683909923, 39.298573794560809 ], [ -78.038742048807478, 39.298599190797262 ], [ -78.038731860300274, 39.298606604773688 ], [ -78.038721671671297, 39.298614018836183 ], [ -78.038711483159801, 39.298621432810634 ], [ -78.038701294646145, 39.298628846784119 ], [ -78.038666608082991, 39.298651711494166 ], [ -78.038629204134338, 39.298671824375766 ], [ -78.038628928621222, 39.298671943390609 ], [ -78.038628757738067, 39.298672149208429 ], [ -78.038600478636468, 39.29869983242672 ], [ -78.038572390056004, 39.298722381413405 ], [ -78.03857671980947, 39.298737959583498 ], [ -78.038581917194946, 39.298773071245478 ], [ -78.038582660118877, 39.298808409665085 ], [ -78.038578941481404, 39.298843634410808 ], [ -78.03857079702432, 39.298878406411546 ], [ -78.038558305217521, 39.298912390656348 ], [ -78.03854158640506, 39.298945259956184 ], [ -78.038527462402953, 39.298966623005022 ], [ -78.038536133275571, 39.298997820625551 ], [ -78.038541330651668, 39.299032932287957 ], [ -78.03854207354965, 39.299068270705774 ], [ -78.038538695993282, 39.29914836083671 ], [ -78.038539533553987, 39.299151374420568 ], [ -78.038544730938341, 39.299186486082519 ], [ -78.038545162325661, 39.299207007779536 ], [ -78.038546812997282, 39.299212946672064 ], [ -78.03855201027207, 39.299248058330733 ], [ -78.038552753290503, 39.299283396660591 ], [ -78.038552106779662, 39.299298726977845 ], [ -78.038548387969598, 39.299333951715482 ], [ -78.038540243541092, 39.299368723711751 ], [ -78.038539153740487, 39.299371688497658 ], [ -78.038536745926734, 39.299428783014271 ], [ -78.038533027210008, 39.29946400784312 ], [ -78.038524882638981, 39.299498779833804 ], [ -78.038512390796697, 39.299532764068417 ], [ -78.038495671681218, 39.299565633349232 ], [ -78.038493349606881, 39.299569145557513 ], [ -78.038492053787735, 39.299574677652672 ], [ -78.038479561798127, 39.299608661879297 ], [ -78.038462842763039, 39.299641531156702 ], [ -78.038442057627236, 39.299672968878284 ], [ -78.038436722399055, 39.29967939762286 ], [ -78.038421033559942, 39.29970312707232 ], [ -78.038396382548697, 39.29973283050861 ], [ -78.038368102908947, 39.299760513556251 ], [ -78.0383364671046, 39.299785909651881 ], [ -78.038326278376573, 39.299793323583252 ], [ -78.038316089642592, 39.29980073760364 ], [ -78.038281402361648, 39.299823602077922 ], [ -78.038243997660757, 39.299843714894074 ], [ -78.038220332807768, 39.299853932270366 ], [ -78.038216935237386, 39.299859071137838 ], [ -78.03821426803205, 39.299862285019643 ], [ -78.038206423184576, 39.299874150258233 ], [ -78.038181771904888, 39.299903853639556 ], [ -78.038170931622361, 39.299914465196345 ], [ -78.038161071076445, 39.299926346581493 ], [ -78.038142084032245, 39.299944932933286 ], [ -78.038139130186039, 39.299952968786243 ], [ -78.038122410898595, 39.299985838093761 ], [ -78.038117862417906, 39.299992717641288 ], [ -78.038117881376834, 39.299993620594584 ], [ -78.038117234758602, 39.30000895081394 ], [ -78.038113515783039, 39.300044175617124 ], [ -78.038105370924313, 39.300078947474965 ], [ -78.038092878641081, 39.300112931736926 ], [ -78.03807615929334, 39.300145800944762 ], [ -78.038067018953399, 39.300159625593608 ], [ -78.038054811716322, 39.300183624171076 ], [ -78.038034026226413, 39.300215061804096 ], [ -78.03800937474719, 39.300244765140015 ], [ -78.037981094741653, 39.300272448077713 ], [ -78.037949458677218, 39.300297844054903 ], [ -78.037939269832705, 39.300305257947414 ], [ -78.03791185438007, 39.300323328843326 ], [ -78.037896650577053, 39.300341648447272 ], [ -78.037868370487331, 39.300369331353956 ], [ -78.037851958367327, 39.300382506242983 ], [ -78.037827291555487, 39.300406652080632 ], [ -78.037808116324712, 39.300422044936852 ], [ -78.037807692144995, 39.300422878951146 ], [ -78.03778690646574, 39.300454316621924 ], [ -78.037762254794771, 39.300484019897198 ], [ -78.037733974708985, 39.300511702769356 ], [ -78.037702338330192, 39.300537098667931 ], [ -78.037692149424601, 39.300544512536192 ], [ -78.037681960401031, 39.300551926400523 ], [ -78.037671771491134, 39.300559340266823 ], [ -78.037661582575296, 39.300566754222118 ], [ -78.037651393661108, 39.300574168086456 ], [ -78.037616705774042, 39.300597032426936 ], [ -78.037579300473666, 39.300617144913943 ], [ -78.037578783916501, 39.300617367961244 ], [ -78.037576273327559, 39.300619022753054 ], [ -78.037567645209904, 39.300623662016996 ], [ -78.037547963764666, 39.300647376500024 ], [ -78.037524361390851, 39.300670480161024 ], [ -78.037524018640326, 39.300673726198873 ], [ -78.037515873395563, 39.300708498088213 ], [ -78.037512362267321, 39.300718049461821 ], [ -78.037512212776932, 39.300719465662674 ], [ -78.03750406751962, 39.300754237550521 ], [ -78.037497000714708, 39.300773461587482 ], [ -78.037492585012927, 39.300792311906442 ], [ -78.037489755748382, 39.300800008410739 ], [ -78.037488600994763, 39.300810944673948 ], [ -78.037480455716164, 39.300845716468849 ], [ -78.037469330658752, 39.300875980016961 ], [ -78.037469296568631, 39.300876125716847 ], [ -78.037456803815388, 39.300910109889273 ], [ -78.037440083961954, 39.300942978983137 ], [ -78.037419297957186, 39.300974416483619 ], [ -78.037394645938917, 39.301004119665734 ], [ -78.037366365375362, 39.301031802429868 ], [ -78.037335419162247, 39.301056644031313 ], [ -78.037315096753488, 39.30107653678067 ], [ -78.037284722359047, 39.301100919265679 ], [ -78.037280356139235, 39.301112796554058 ], [ -78.037263636150485, 39.301145665616566 ], [ -78.037242850002883, 39.30117710307924 ], [ -78.037218197835656, 39.3012068062175 ], [ -78.037189917230478, 39.301234489025042 ], [ -78.037158280321748, 39.301259884752895 ], [ -78.037148091251908, 39.301267298566493 ], [ -78.037137902179921, 39.301274712379083 ], [ -78.037127712989943, 39.301282126187758 ], [ -78.037102740658597, 39.301298586236065 ], [ -78.03709923245674, 39.301303892150109 ], [ -78.037093897462057, 39.301310320293972 ], [ -78.037078207410573, 39.301334050056319 ], [ -78.037075539851372, 39.301337264171231 ], [ -78.03706769488241, 39.301349128962691 ], [ -78.037065026836046, 39.301352343605451 ], [ -78.037057182229944, 39.301364207954954 ], [ -78.03705451454897, 39.301367422156332 ], [ -78.037046669692444, 39.301379286859024 ], [ -78.03704400201039, 39.301382501060097 ], [ -78.037036157150283, 39.301394365761929 ], [ -78.037011504816192, 39.301424068849137 ], [ -78.037000664353442, 39.30143468010462 ], [ -78.036990803142743, 39.30144656163619 ], [ -78.036962522236706, 39.301474244287384 ], [ -78.036930885251834, 39.30149963994814 ], [ -78.036920696006973, 39.301507053736344 ], [ -78.036910506872005, 39.301514467616506 ], [ -78.036900317738684, 39.301521881405691 ], [ -78.036890128603218, 39.301529295193895 ], [ -78.036879939465607, 39.301536708981104 ], [ -78.036869750210016, 39.301544122764398 ], [ -78.036859561064318, 39.301551536639636 ], [ -78.036849371920269, 39.301558950423903 ], [ -78.03683918277406, 39.301566364207197 ], [ -78.036828993625704, 39.301573777989496 ], [ -78.036809099426705, 39.301588253309788 ], [ -78.036788983035663, 39.301607944104873 ], [ -78.036757345811793, 39.30163333971025 ], [ -78.036747156645077, 39.301640753484598 ], [ -78.03673696747623, 39.30164816725798 ], [ -78.036726778185596, 39.301655581117409 ], [ -78.03669208946161, 39.30167844505646 ], [ -78.036659462359594, 39.30169598776326 ], [ -78.036641466909842, 39.301707848876866 ], [ -78.036604060733652, 39.301727961103509 ], [ -78.036595103241183, 39.301731828251526 ], [ -78.036585845948224, 39.301740889621193 ], [ -78.03655420859134, 39.301766285165712 ], [ -78.036544019384095, 39.301773698920556 ], [ -78.036509330539374, 39.301796562890175 ], [ -78.036493576803693, 39.301805033183591 ], [ -78.03649029260491, 39.301813966646478 ], [ -78.036481368236295, 39.301831509960849 ], [ -78.036479456366521, 39.301836710586947 ], [ -78.036462735815974, 39.301869579509848 ], [ -78.036441949083653, 39.301901016804081 ], [ -78.036439281716085, 39.301904230638115 ], [ -78.036431436325955, 39.301916095733191 ], [ -78.036428596593538, 39.30191951714523 ], [ -78.03642757915334, 39.301923860338931 ], [ -78.036426489218229, 39.301926825099002 ], [ -78.036426344086408, 39.301930263723833 ], [ -78.036424245260989, 39.301950137921651 ], [ -78.036447112522112, 39.301953371714944 ], [ -78.036490853203318, 39.301963078390223 ], [ -78.036533158755134, 39.301976069285132 ], [ -78.036537679365381, 39.301977873635323 ], [ -78.036544799566016, 39.301978880479879 ], [ -78.03655709342209, 39.301981608676769 ], [ -78.036558915977906, 39.301981724834341 ], [ -78.036603670599405, 39.301988053712861 ], [ -78.036628414437914, 39.301993544609161 ], [ -78.036652675914183, 39.301996975492969 ], [ -78.036664969206754, 39.301999703484 ], [ -78.036666792338664, 39.301999819744644 ], [ -78.036711547099756, 39.302006148585363 ], [ -78.036721453576263, 39.302008346964861 ], [ -78.036735529151201, 39.302009244244587 ], [ -78.036780283929929, 39.30201557296931 ], [ -78.036819236819227, 39.302024217069928 ], [ -78.036819423542156, 39.30202424344688 ], [ -78.036863164331066, 39.302033949895595 ], [ -78.036883569650726, 39.302040215754175 ], [ -78.036919978651753, 39.302036962913768 ], [ -78.036946392562825, 39.302036628156934 ], [ -78.036954036066049, 39.302035345827605 ], [ -78.036999228322045, 39.302031308286516 ], [ -78.03704471223169, 39.302030731740146 ], [ -78.037202564559237, 39.302034752458127 ], [ -78.037247902321042, 39.302037642358812 ], [ -78.037292657172571, 39.302043970978652 ], [ -78.037336398050286, 39.30205367725226 ], [ -78.037378703827827, 39.302066667937275 ], [ -78.037387439742034, 39.302070154658836 ], [ -78.037526841586413, 39.302073705017953 ], [ -78.037572179394616, 39.302076594793618 ], [ -78.037616934307891, 39.302082923290648 ], [ -78.037660675262117, 39.302092629444772 ], [ -78.037702981130167, 39.302105620014871 ], [ -78.037743444427974, 39.302121769677257 ], [ -78.037747581227251, 39.302123842118462 ], [ -78.037756147151413, 39.302127260973769 ], [ -78.037757689061252, 39.30212735924556 ], [ -78.037802443912014, 39.302133687670029 ], [ -78.037806259419355, 39.302134534340148 ], [ -78.037968538534088, 39.302138666750082 ], [ -78.038013876297327, 39.302141556352765 ], [ -78.038058631302235, 39.302147884682746 ], [ -78.03806853750423, 39.302150082850915 ], [ -78.038082613598306, 39.302150979981043 ], [ -78.038127368501208, 39.302157308282069 ], [ -78.038170247572623, 39.302166823030106 ], [ -78.038362200480876, 39.302171710452967 ], [ -78.038407538291267, 39.302174599903523 ], [ -78.038452293362113, 39.302180928084063 ], [ -78.038464586880465, 39.302183655981523 ], [ -78.038466409909859, 39.302183772121289 ], [ -78.03851116487742, 39.302190100276633 ], [ -78.038550117308873, 39.302198743608152 ], [ -78.038550304840072, 39.302198770092993 ], [ -78.038594046128793, 39.302208475996316 ], [ -78.038616626415035, 39.30221540932159 ], [ -78.038623320209666, 39.302216894614787 ], [ -78.038665626355296, 39.302229884753928 ], [ -78.038665709141895, 39.302229917760641 ], [ -78.038687133093518, 39.302232946993158 ], [ -78.038694877181371, 39.30223466531497 ], [ -78.038715106539286, 39.302234408642882 ], [ -78.038744704029511, 39.302235162123679 ], [ -78.038790041905884, 39.302238051427167 ], [ -78.03883479706063, 39.302244379463232 ], [ -78.038878538423475, 39.302254085262007 ], [ -78.038901118755703, 39.302261018533606 ], [ -78.038907812561689, 39.302262503810795 ], [ -78.03895011879348, 39.302275493849358 ], [ -78.038990582501199, 39.302291643091834 ], [ -78.039028814049246, 39.302310796044836 ], [ -78.039051270830754, 39.302324644121754 ], [ -78.039068344402338, 39.302327058160827 ], [ -78.039078251010011, 39.302329256343874 ], [ -78.039092326813034, 39.30233015334472 ], [ -78.039137081948553, 39.302336481174628 ], [ -78.039180823417013, 39.302346186863296 ], [ -78.039186941434693, 39.302348065372975 ], [ -78.039188308986027, 39.302347943164214 ], [ -78.039233793137086, 39.302347365768405 ], [ -78.039312719866814, 39.302349374685015 ], [ -78.039358057854059, 39.302352263770608 ], [ -78.039402813146012, 39.302358591592565 ], [ -78.039412719542497, 39.3023607896518 ], [ -78.039426795590302, 39.302361686618418 ], [ -78.039471550780249, 39.302368014411414 ], [ -78.039514429732634, 39.302377528573359 ], [ -78.039525199445933, 39.302377802671323 ], [ -78.039552479909958, 39.302370992994831 ], [ -78.039559285083229, 39.302369851220618 ], [ -78.039582400656698, 39.302364081148205 ], [ -78.039582923456265, 39.302363993468425 ], [ -78.039607493396716, 39.302353385370509 ], [ -78.039649230834726, 39.302339328273817 ], [ -78.03967687383043, 39.302332428160149 ], [ -78.039677523728827, 39.30233214750961 ], [ -78.039719261137705, 39.302318090476689 ], [ -78.039762570991527, 39.302307279566932 ], [ -78.039807036247126, 39.302299818843679 ], [ -78.039852228464326, 39.302295780190796 ], [ -78.039897712708282, 39.302295202536648 ], [ -78.040095029403659, 39.302300223594308 ], [ -78.040140367526519, 39.30230311237775 ], [ -78.040185122761102, 39.302309439897101 ], [ -78.040195029063625, 39.302311637887371 ], [ -78.040209105233401, 39.302312534762237 ], [ -78.04025386059763, 39.302318862258495 ], [ -78.040266154106035, 39.302321589965992 ], [ -78.040267977143756, 39.30232170607777 ], [ -78.040312732520519, 39.302328033551788 ], [ -78.040356474058456, 39.302337738801086 ], [ -78.040383122638318, 39.302345920816983 ], [ -78.040413525201004, 39.302346694356721 ], [ -78.040428320503395, 39.302338738750578 ], [ -78.040468083386358, 39.3023215706638 ], [ -78.040509820764129, 39.302307513343685 ], [ -78.040553130508073, 39.302296702134463 ], [ -78.040597595576045, 39.302289241102393 ], [ -78.040642787876095, 39.302285202143104 ], [ -78.040688272010328, 39.302284624176139 ], [ -78.040767198773437, 39.302286632104057 ], [ -78.040812536931753, 39.302289520626054 ], [ -78.040857292234662, 39.30229584788858 ], [ -78.040882035994784, 39.302301337791214 ], [ -78.040906298415791, 39.302304767903713 ], [ -78.040950040151401, 39.302314472935215 ], [ -78.040992346838834, 39.302327462245934 ], [ -78.041032811090588, 39.302343610796385 ], [ -78.041071043265845, 39.302362763099801 ], [ -78.041106675119735, 39.302384734666234 ], [ -78.041108832291428, 39.302386356655845 ], [ -78.041123547719607, 39.302382683187261 ], [ -78.04112488489254, 39.302380054290566 ], [ -78.04114566973486, 39.302348616086739 ], [ -78.041170320723566, 39.302318912072636 ], [ -78.041198600399213, 39.302291228260998 ], [ -78.041230236287561, 39.302265831396511 ], [ -78.041240425216102, 39.302258417218255 ], [ -78.041275112845909, 39.302235551788385 ], [ -78.041312518053829, 39.302215438109457 ], [ -78.041352280667709, 39.302198269709017 ], [ -78.041383784834267, 39.302187658603792 ], [ -78.041392389977787, 39.302183943193768 ], [ -78.041408141818891, 39.302178637765664 ], [ -78.041412444569019, 39.302176779929219 ], [ -78.041454181578956, 39.302162722166308 ], [ -78.041497491108771, 39.302151910596045 ], [ -78.041541956118394, 39.302144449288207 ], [ -78.04158714817757, 39.302140409953118 ], [ -78.041632632349192, 39.302139831615698 ], [ -78.041830916630786, 39.302144874326302 ], [ -78.04185933721601, 39.302129591601798 ], [ -78.041899099654117, 39.302112423097135 ], [ -78.041940836538458, 39.302098365154201 ], [ -78.041984145964349, 39.302087553398174 ], [ -78.041999262811629, 39.302085016717314 ], [ -78.042000677397439, 39.302084540196155 ], [ -78.042043986806846, 39.30207372841712 ], [ -78.042088451609416, 39.302066266803109 ], [ -78.042088640969141, 39.302066249907796 ], [ -78.042090577198934, 39.302065924930602 ], [ -78.042113693312587, 39.302060154183451 ], [ -78.042128809683192, 39.302057617563541 ], [ -78.042130224618916, 39.30205714095959 ], [ -78.04217353399423, 39.302046329130853 ], [ -78.042217998884411, 39.302038867469001 ], [ -78.042252424514501, 39.302035790255047 ], [ -78.042269637657697, 39.302029992436289 ], [ -78.042301258827521, 39.302022098403683 ], [ -78.042319612494737, 39.302015916447701 ], [ -78.04233070198822, 39.302013148049276 ], [ -78.042358093805319, 39.302001320645417 ], [ -78.042399830536795, 39.30198726262141 ], [ -78.042443139833082, 39.301976450688883 ], [ -78.042476984798697, 39.301970771043926 ], [ -78.04248959144374, 39.301966524804143 ], [ -78.042532900719067, 39.301955712747151 ], [ -78.042577365402053, 39.301948251031135 ], [ -78.042601863452973, 39.301946061154432 ], [ -78.042627017290698, 39.301941839953912 ], [ -78.042672209294778, 39.301937800282445 ], [ -78.042717693240704, 39.301937221422158 ], [ -78.042816351447073, 39.301939729587026 ], [ -78.042861689397185, 39.301942617391632 ], [ -78.042906444834841, 39.30194894377707 ], [ -78.04291026086392, 39.301949790383389 ], [ -78.042944284104891, 39.301950655301525 ], [ -78.042989622190063, 39.301953542969649 ], [ -78.043034377529651, 39.301959869393556 ], [ -78.04304189666972, 39.301961537566399 ], [ -78.043068225838098, 39.301963214461871 ], [ -78.043112981308624, 39.301969540858941 ], [ -78.043137725158203, 39.301975030374003 ], [ -78.043161987611072, 39.301978459925756 ], [ -78.043174281196869, 39.301981187237871 ], [ -78.043176104345505, 39.301981303396815 ], [ -78.043220859723988, 39.301987629750201 ], [ -78.043264601639621, 39.3019973339158 ], [ -78.043287182377853, 39.302004266348959 ], [ -78.043293876268422, 39.302005751376235 ], [ -78.043316456896733, 39.30201268380096 ], [ -78.043323151020473, 39.302014168832478 ], [ -78.043350167654623, 39.302022463123102 ], [ -78.043394291455755, 39.302015058191166 ], [ -78.043439483485656, 39.302011018131566 ], [ -78.043484967603661, 39.302010439065548 ], [ -78.043583625865409, 39.302012946581158 ], [ -78.043628963916831, 39.302015833999477 ], [ -78.043673719484758, 39.30202216018381 ], [ -78.04371746137916, 39.302031864179199 ], [ -78.043759768475169, 39.30204485249623 ], [ -78.043772279327129, 39.302049844958461 ], [ -78.043790178479497, 39.302049617094504 ], [ -78.043797822354492, 39.302048334232254 ], [ -78.043843014272952, 39.30204429410275 ], [ -78.043888498419165, 39.302043714879524 ], [ -78.044050777637693, 39.302047838789036 ], [ -78.044054656733422, 39.302047187766433 ], [ -78.044079155958386, 39.302044997427444 ], [ -78.044104308593589, 39.302040776145795 ], [ -78.044104498304222, 39.302040759166026 ], [ -78.044144094634319, 39.302034113804595 ], [ -78.044144283063289, 39.302034096972349 ], [ -78.044183880668328, 39.302027451449497 ], [ -78.044229072564264, 39.302023411078544 ], [ -78.044274556703243, 39.30202283170361 ], [ -78.044308580021521, 39.302023696224396 ], [ -78.044312459114053, 39.302023045193046 ], [ -78.044357651114922, 39.302019004864661 ], [ -78.044403135256928, 39.302018425349267 ], [ -78.04443006780329, 39.302019109666958 ], [ -78.04444509318148, 39.302009204453483 ], [ -78.04448249742012, 39.301989089714681 ], [ -78.044522259194821, 39.301971920194958 ], [ -78.044538010777345, 39.301966614331754 ], [ -78.044542313438555, 39.301964756375753 ], [ -78.044584049759521, 39.301950697549962 ], [ -78.044627358751313, 39.301939884699934 ], [ -78.044671823367636, 39.301932422176819 ], [ -78.044717015301686, 39.301928381615674 ], [ -78.044762499271172, 39.301927802044354 ], [ -78.044920352469262, 39.301931812289546 ], [ -78.0449656906721, 39.301934699189573 ], [ -78.045010446341635, 39.301941024861897 ], [ -78.045014262056327, 39.301941871301281 ], [ -78.045117346588029, 39.301944489954856 ], [ -78.045162684696152, 39.301947376775708 ], [ -78.045207440396211, 39.301953702373162 ], [ -78.045251182496941, 39.301963405797927 ], [ -78.045277831578744, 39.301971586708412 ], [ -78.045353158955947, 39.301973500086149 ], [ -78.045398497098205, 39.301976386816079 ], [ -78.045443252847377, 39.301982712234235 ], [ -78.045450772516432, 39.30198438035525 ], [ -78.04547710132195, 39.301986056695817 ], [ -78.045521856966616, 39.301992382171242 ], [ -78.045565599261636, 39.302002085393163 ], [ -78.045601130682968, 39.302012992949329 ], [ -78.045639279603876, 39.302018384586788 ], [ -78.045683021814284, 39.302028087852761 ], [ -78.045709670976763, 39.302036268666996 ], [ -78.04586392518668, 39.302040186227281 ], [ -78.045909263521224, 39.302043072763347 ], [ -78.045954019367187, 39.302049398078125 ], [ -78.045997761647655, 39.302059101227989 ], [ -78.046040069234067, 39.302072088731649 ], [ -78.046048805620273, 39.30207557481863 ], [ -78.046198074403222, 39.302079365333398 ], [ -78.046243412784932, 39.302082251740593 ], [ -78.046288168693863, 39.30208857692876 ], [ -78.046298075189526, 39.302090774405073 ], [ -78.046312151323832, 39.30209167053922 ], [ -78.046356907246576, 39.302097995701381 ], [ -78.04636442637792, 39.302099663659888 ], [ -78.046390755840477, 39.302101339810648 ], [ -78.046435511778327, 39.302107664943023 ], [ -78.046479254172581, 39.302117367915535 ], [ -78.046521561893599, 39.302130355248543 ], [ -78.046539356769742, 39.3021374557919 ], [ -78.046570246415129, 39.302146938154195 ], [ -78.04661071197124, 39.302163084808107 ], [ -78.046611934857367, 39.302163697355581 ], [ -78.046630572269862, 39.302166331241423 ], [ -78.046638091531861, 39.302167999185677 ], [ -78.046664420914581, 39.302169675272708 ], [ -78.046709176811092, 39.302176000299312 ], [ -78.046752919407496, 39.302185703174722 ], [ -78.046795227225829, 39.302198690411473 ], [ -78.046835692867745, 39.302214836990032 ], [ -78.046839830185306, 39.30221690930388 ], [ -78.046855102208269, 39.302223003100231 ], [ -78.046893336029541, 39.302242153546786 ], [ -78.046928969879588, 39.302264123308639 ], [ -78.046947309695199, 39.302277911753485 ], [ -78.046948242961676, 39.302278284075172 ], [ -78.046979132961624, 39.302287766338928 ], [ -78.046979215752572, 39.302287799339872 ], [ -78.047000640176989, 39.302290827054392 ], [ -78.047005772201771, 39.302291965389138 ], [ -78.0470443547797, 39.302294421436258 ], [ -78.047089110798524, 39.302300746320775 ], [ -78.047132853533142, 39.302310449057948 ], [ -78.047175161504256, 39.302323436161707 ], [ -78.047215627312042, 39.302339582613747 ], [ -78.047239198352983, 39.302351388699101 ], [ -78.047278908026016, 39.302360196797501 ], [ -78.04730148909654, 39.302367128374073 ], [ -78.047308183464423, 39.302368613273416 ], [ -78.047331690956526, 39.302375829246436 ], [ -78.047332857429083, 39.302375994073245 ], [ -78.047371811119049, 39.302384634490522 ], [ -78.047371998654967, 39.302384660961266 ], [ -78.047415741486972, 39.302394363595361 ], [ -78.047458049566544, 39.302407350599886 ], [ -78.047498515492805, 39.302423496957552 ], [ -78.0475013611278, 39.302424922262823 ], [ -78.047513111386152, 39.302427528576715 ], [ -78.047555419505571, 39.302440515547183 ], [ -78.047575130602652, 39.30244838047625 ], [ -78.047595460492758, 39.302441531845382 ], [ -78.047638769394908, 39.302430717958018 ], [ -78.047683233965643, 39.302423254190224 ], [ -78.047683422626818, 39.302423237358127 ], [ -78.047723019962703, 39.302416590619728 ], [ -78.04776821210919, 39.302412548877768 ], [ -78.047813696442617, 39.302411968123543 ], [ -78.048168869752502, 39.302420981662593 ], [ -78.048214208367611, 39.30242386730945 ], [ -78.048258964717846, 39.30243019175348 ], [ -78.048271258841538, 39.302432918632725 ], [ -78.048273081671638, 39.302433034613664 ], [ -78.048317838034407, 39.302439359035446 ], [ -78.048321653706722, 39.302440205365791 ], [ -78.048355677930502, 39.302441068726182 ], [ -78.048401016570779, 39.302443954300948 ], [ -78.048445772955091, 39.302450278674165 ], [ -78.048455679580243, 39.302452475970952 ], [ -78.048469755946613, 39.302453371850518 ], [ -78.048514512228891, 39.302459696194774 ], [ -78.048526806713028, 39.302462423146352 ], [ -78.048528629312912, 39.302462539117464 ], [ -78.048573385727323, 39.302468863352409 ], [ -78.048583292935092, 39.302471060743258 ], [ -78.048597368612818, 39.302471956589947 ], [ -78.048642125037262, 39.30247828088887 ], [ -78.048645940832074, 39.302479127211726 ], [ -78.048650367109815, 39.302479239516209 ], [ -78.048695705794003, 39.302482124977402 ], [ -78.048740462236111, 39.302488449239036 ], [ -78.048784205237695, 39.302498151364695 ], [ -78.048806786518838, 39.302505082656005 ], [ -78.048813480937014, 39.302506567470346 ], [ -78.048845352348977, 39.302516350341477 ], [ -78.048852272241831, 39.30251679075262 ], [ -78.048897028607939, 39.302523114952372 ], [ -78.048909322776737, 39.302525841765636 ], [ -78.048911145726748, 39.302525957739647 ], [ -78.048955902221195, 39.302532281920087 ], [ -78.048959717907508, 39.302533128229967 ], [ -78.048974010230367, 39.302533490818774 ], [ -78.049019348970717, 39.302536376155544 ], [ -78.049064105484135, 39.302542700294921 ], [ -78.049069237450453, 39.302543838537552 ], [ -78.04910782039741, 39.302546293910588 ], [ -78.049152576927213, 39.302552618016435 ], [ -78.049164871456426, 39.302555344902046 ], [ -78.049166693944571, 39.302555460860333 ], [ -78.049211450490674, 39.302561784853943 ], [ -78.049221357734794, 39.30256398219165 ], [ -78.0492354335599, 39.302564877965004 ], [ -78.049280190000218, 39.302571202019642 ], [ -78.049284005809014, 39.302572048322027 ], [ -78.049318030010326, 39.302572911400652 ], [ -78.049363368798609, 39.302575796604742 ], [ -78.049408125376289, 39.302582120613756 ], [ -78.049451868543542, 39.302591822493717 ], [ -78.049452151406598, 39.302591909303814 ], [ -78.049490982099584, 39.302594380383113 ], [ -78.049535738707362, 39.302600704253884 ], [ -78.049579481906704, 39.302610406086899 ], [ -78.04960206353941, 39.302617337323817 ], [ -78.049608757759984, 39.302618821997498 ], [ -78.049651066424545, 39.302631808313897 ], [ -78.049691533029602, 39.302647953931604 ], [ -78.049729767911685, 39.302667103392118 ], [ -78.049765402792332, 39.302689072411958 ], [ -78.04978135841759, 39.302701067431329 ], [ -78.049792640062364, 39.302701785339131 ], [ -78.049837396768751, 39.30270810918725 ], [ -78.049841212476935, 39.302708955468937 ], [ -78.049944298698648, 39.302711569893987 ], [ -78.049989637733105, 39.302714454861039 ], [ -78.050034394354185, 39.30272077863134 ], [ -78.050078137823903, 39.302730480284936 ], [ -78.050120446655882, 39.302743466346122 ], [ -78.050160913441999, 39.302759611806685 ], [ -78.050168257272716, 39.302763289827617 ], [ -78.050198882091976, 39.302764066443707 ], [ -78.050244221176925, 39.302766951313117 ], [ -78.050288977979903, 39.302773274900417 ], [ -78.05031372380121, 39.302778763125694 ], [ -78.050337985935712, 39.302782191086592 ], [ -78.050381729380277, 39.302791892535964 ], [ -78.050424038307924, 39.302804878580048 ], [ -78.050464505205071, 39.302821023938762 ], [ -78.050472779804139, 39.302825168039696 ], [ -78.050503325253914, 39.302837354990402 ], [ -78.050541560470492, 39.302856504285636 ], [ -78.050577195717182, 39.302878472979273 ], [ -78.050609887851152, 39.302903049681774 ], [ -78.050619431979285, 39.302910965032808 ], [ -78.050628975993746, 39.302918880380176 ], [ -78.050638520006558, 39.302926795816852 ], [ -78.050667954219719, 39.302953743725524 ], [ -78.050693846877678, 39.302982803330913 ], [ -78.050715948843688, 39.303013694820372 ], [ -78.05073393634126, 39.303045922266264 ], [ -78.050740279301294, 39.303053040988402 ], [ -78.050745258211734, 39.303059999907504 ], [ -78.050756922801895, 39.303067190945484 ], [ -78.050789615085748, 39.303091767602453 ], [ -78.050799159143608, 39.303099682937308 ], [ -78.050828593489356, 39.303126630809686 ], [ -78.050854486391231, 39.303155690386447 ], [ -78.050873403710924, 39.303182130808231 ], [ -78.050882152780645, 39.303184816090997 ], [ -78.050883524445666, 39.303185363360917 ], [ -78.050898395929693, 39.303188661496577 ], [ -78.050940705203189, 39.30320164727452 ], [ -78.050942076869021, 39.303202194543807 ], [ -78.050956948359783, 39.303205492672191 ], [ -78.050999257655405, 39.303218478429599 ], [ -78.051039725045882, 39.303234623604048 ], [ -78.051077960629627, 39.303253772735452 ], [ -78.051091620615836, 39.303262193810454 ], [ -78.051106914904267, 39.303269853477204 ], [ -78.051142550536881, 39.30329182210081 ], [ -78.05117524306236, 39.303316398657572 ], [ -78.05118478731049, 39.30332431396625 ], [ -78.051208050808469, 39.303345612102532 ], [ -78.051231632779803, 39.30335742234967 ], [ -78.051267268500411, 39.30337939084793 ], [ -78.051299961110644, 39.303403967372503 ], [ -78.051309505268947, 39.303411882668875 ], [ -78.051319049545228, 39.303419797967472 ], [ -78.051328593704056, 39.30342771335242 ], [ -78.051358028275459, 39.303454661099394 ], [ -78.051378297987725, 39.303477409444014 ], [ -78.051407431692382, 39.303470134068675 ], [ -78.051451896734179, 39.303462668873124 ], [ -78.051497089318616, 39.3034586256965 ], [ -78.051513136151158, 39.303458420320013 ], [ -78.051516602678575, 39.303457554637944 ], [ -78.0515610675875, 39.303450089396925 ], [ -78.05160626027596, 39.303446046180241 ], [ -78.051651745342397, 39.303445463948449 ], [ -78.051685846485412, 39.303446328288658 ], [ -78.051729434983386, 39.303439010129054 ], [ -78.05177462765532, 39.303434966936251 ], [ -78.051820112836907, 39.303434384551196 ], [ -78.051839844990155, 39.303434884662238 ], [ -78.051885184610697, 39.303437769000254 ], [ -78.051929941909506, 39.303444091973965 ], [ -78.051954688114407, 39.303449579863177 ], [ -78.051978950580462, 39.30345300749304 ], [ -78.051982766474666, 39.303453853709797 ], [ -78.052006925104635, 39.303454465975584 ], [ -78.0520522646367, 39.303457350156243 ], [ -78.052097022079025, 39.30346367315957 ], [ -78.052140766223545, 39.303473374061277 ], [ -78.052183075923722, 39.303486359401674 ], [ -78.052223543763091, 39.303502504179512 ], [ -78.052261779839526, 39.303521652848524 ], [ -78.052297415978899, 39.303543621135788 ], [ -78.05233010904108, 39.303568197386603 ], [ -78.052332677561409, 39.303570327495201 ], [ -78.052373341080852, 39.303572914059004 ], [ -78.052418098632955, 39.303579236942468 ], [ -78.052421914540119, 39.303580083145249 ], [ -78.052505269840879, 39.303582195331025 ], [ -78.052550609603642, 39.303585079324087 ], [ -78.052595367067852, 39.303591402137251 ], [ -78.052639111487395, 39.303601102859787 ], [ -78.052681421366728, 39.303614088024958 ], [ -78.052721889287653, 39.303630232633189 ], [ -78.052752406746563, 39.303645515686668 ], [ -78.052775306832302, 39.303650593944568 ], [ -78.052817616769232, 39.303663579062153 ], [ -78.052818988459904, 39.303664126310139 ], [ -78.0528338601505, 39.303667424205216 ], [ -78.052876170109542, 39.30368040930226 ], [ -78.052916638113047, 39.303696553935666 ], [ -78.052954874495384, 39.303715702387287 ], [ -78.05299051095983, 39.303737670473375 ], [ -78.052996014075376, 39.303741807241046 ], [ -78.053000770758899, 39.303743704860253 ], [ -78.053033230322214, 39.303748290252003 ], [ -78.053046329179338, 39.30375119502709 ], [ -78.053059643904163, 39.303748959428468 ], [ -78.053104836620577, 39.303744915630418 ], [ -78.053150322021096, 39.303744332822021 ], [ -78.053337779011429, 39.303749081643183 ], [ -78.053383118820364, 39.303751965313893 ], [ -78.053427876601049, 39.303758287816159 ], [ -78.053471621142123, 39.303767988230511 ], [ -78.053513931293224, 39.303780973101979 ], [ -78.053554399633569, 39.303797117433788 ], [ -78.053592636256184, 39.303816265684006 ], [ -78.053628272981683, 39.303838233583733 ], [ -78.05364523344447, 39.303850982772737 ], [ -78.053676317216585, 39.303870144041625 ], [ -78.053709010931058, 39.303894719927435 ], [ -78.053718555436831, 39.303902635038234 ], [ -78.053728099944749, 39.303910550148338 ], [ -78.053737644454813, 39.303918465257709 ], [ -78.053755732505508, 39.303935024133516 ], [ -78.053760089930023, 39.303938299550644 ], [ -78.05379117321236, 39.303957460326593 ], [ -78.05382386700785, 39.303982036182845 ], [ -78.053833411654253, 39.303989951287988 ], [ -78.053842956186998, 39.30399786638948 ], [ -78.053872391989486, 39.304024813543066 ], [ -78.053898286502687, 39.304053872498159 ], [ -78.053907128339844, 39.304066229370477 ], [ -78.053917053965748, 39.304077367994488 ], [ -78.053939157703908, 39.304108258932793 ], [ -78.053957257721152, 39.304140684321212 ], [ -78.053967422228439, 39.304165250411458 ], [ -78.053975382087216, 39.304179510240104 ], [ -78.053978946950082, 39.304188125910656 ], [ -78.053994173826425, 39.30420940625568 ], [ -78.054012273892795, 39.304241831637015 ], [ -78.054016256494947, 39.304251457020207 ], [ -78.054027729619193, 39.304264332120979 ], [ -78.054049833461121, 39.304295223041443 ], [ -78.054060007539988, 39.304313449356279 ], [ -78.054064943251092, 39.304318988202546 ], [ -78.054073784928548, 39.304331344788231 ], [ -78.054083710837006, 39.304342483675825 ], [ -78.054105814726725, 39.304373374587144 ], [ -78.054123914883334, 39.304405799953848 ], [ -78.054137837023475, 39.304439447543153 ], [ -78.054147447128443, 39.304473993349475 ], [ -78.054152652597821, 39.304509104506458 ], [ -78.054153403249444, 39.304544443095665 ], [ -78.054151795183287, 39.304582769258758 ], [ -78.054148083838797, 39.304617994846673 ], [ -78.054139946182687, 39.304652768085226 ], [ -78.054136436927735, 39.304662320300636 ], [ -78.054136287765701, 39.304663736354449 ], [ -78.054135578805159, 39.304666765798814 ], [ -78.054136032316663, 39.304669824593084 ], [ -78.054136421906563, 39.304688161103613 ], [ -78.054150515421099, 39.304713408811232 ], [ -78.054164437625985, 39.304747056398575 ], [ -78.054174047780606, 39.304781602113223 ], [ -78.05417418353187, 39.304782517572761 ], [ -78.054181918904746, 39.304801212718019 ], [ -78.054191529073819, 39.304835758431537 ], [ -78.05419673457709, 39.304870869676499 ], [ -78.054197485243364, 39.304906208264491 ], [ -78.054194590727377, 39.304975195374283 ], [ -78.054190879374957, 39.30501042087154 ], [ -78.054182741678389, 39.305045194200105 ], [ -78.054179232540903, 39.305054745968725 ], [ -78.054179083363309, 39.305056162382456 ], [ -78.054170945654221, 39.305090935709558 ], [ -78.054169856531757, 39.305093900304122 ], [ -78.054165708524152, 39.3051927611276 ], [ -78.054166546822756, 39.305195774534319 ], [ -78.05417175232887, 39.305230885779032 ], [ -78.054172502978815, 39.305266224274966 ], [ -78.054169930020635, 39.305327546165202 ], [ -78.054166218622385, 39.305362771748619 ], [ -78.054158080865648, 39.305397544981645 ], [ -78.054147359486961, 39.305426728494155 ], [ -78.054147472138311, 39.305427133306807 ], [ -78.05415490300004, 39.305445092223081 ], [ -78.054164513220201, 39.305479638028345 ], [ -78.054164534906604, 39.30547978442533 ], [ -78.054173093117683, 39.305510548840552 ], [ -78.054178298644345, 39.305545659994344 ], [ -78.054178324167012, 39.305546861835417 ], [ -78.054193425045639, 39.305573913779305 ], [ -78.054207347532142, 39.305607561367367 ], [ -78.054216957683579, 39.305642107076352 ], [ -78.054222163234172, 39.305677218318678 ], [ -78.054222599131265, 39.305697740112826 ], [ -78.054224251262056, 39.305703678833019 ], [ -78.054229456706892, 39.305738789982094 ], [ -78.054229970351059, 39.30576297219087 ], [ -78.054257916114281, 39.305780198359955 ], [ -78.05429061089464, 39.305804774026562 ], [ -78.054299701884617, 39.30581231285224 ], [ -78.054325051575447, 39.305827938752643 ], [ -78.054327417798305, 39.305829717408209 ], [ -78.054327914662537, 39.305829966193862 ], [ -78.054363552615712, 39.305851933908976 ], [ -78.054396247466798, 39.305876509548284 ], [ -78.054405792305445, 39.305884424703443 ], [ -78.054415337150019, 39.30589233976788 ], [ -78.054424882112585, 39.305900254834569 ], [ -78.054454318900198, 39.305927201871768 ], [ -78.054480214315305, 39.305956260724649 ], [ -78.054502318732375, 39.305987151576041 ], [ -78.054520419561541, 39.306019576898812 ], [ -78.054534342166534, 39.306053224451794 ], [ -78.054543952640032, 39.306087770232779 ], [ -78.054549158258453, 39.30612288146262 ], [ -78.054549909080052, 39.306158219958967 ], [ -78.054548622725818, 39.306188880909886 ], [ -78.054548156062054, 39.306193310018024 ], [ -78.054575688492349, 39.306210281065269 ], [ -78.054608383576834, 39.306234856742726 ], [ -78.054617928490501, 39.306242771792796 ], [ -78.054627473406327, 39.306250686842134 ], [ -78.0546370183243, 39.306258601890789 ], [ -78.054666455454324, 39.306285548884546 ], [ -78.054692351079439, 39.306314607786923 ], [ -78.054714455695475, 39.306345498604124 ], [ -78.054717121874376, 39.306350274591274 ], [ -78.054738344114497, 39.306346711186009 ], [ -78.054783538569893, 39.306342666889421 ], [ -78.054829025567358, 39.30634208348463 ], [ -78.054888224754293, 39.306343582372932 ], [ -78.054933566450742, 39.306346465506529 ], [ -78.054978326052861, 39.306352787387247 ], [ -78.055022072440096, 39.30636248728365 ], [ -78.055064384448102, 39.306375471655777 ], [ -78.055104854522369, 39.306391615508723 ], [ -78.055143092965977, 39.306410763400983 ], [ -78.055156753608998, 39.306419183754308 ], [ -78.055172049609226, 39.306426843210005 ], [ -78.055207688134445, 39.306448810685815 ], [ -78.055240383557376, 39.30647338619719 ], [ -78.055249928576373, 39.306481301199 ], [ -78.055279366039613, 39.306508248049077 ], [ -78.055305262007366, 39.306537306736679 ], [ -78.055327366964619, 39.306568197449138 ], [ -78.0553454682004, 39.306600622657761 ], [ -78.055359391420964, 39.306634270131276 ], [ -78.055369002250842, 39.306668815856469 ], [ -78.055372968119471, 39.306695562255456 ], [ -78.055380433484501, 39.306708935106172 ], [ -78.055394356624518, 39.306742582573477 ], [ -78.055403967599133, 39.306777128299366 ], [ -78.055408004987555, 39.306804356751222 ], [ -78.055411196375516, 39.30681206928012 ], [ -78.055414475883723, 39.306823857057466 ], [ -78.055431595274214, 39.30683242943747 ], [ -78.055467234083764, 39.306854396843228 ], [ -78.055499929782329, 39.306878972290697 ], [ -78.055509474884246, 39.306886887273897 ], [ -78.055519019988338, 39.306894802256416 ], [ -78.055528565094562, 39.306902717238195 ], [ -78.055558002835951, 39.306929664026747 ], [ -78.055583899067614, 39.306958722660681 ], [ -78.055606004272022, 39.306989613327865 ], [ -78.055624105732065, 39.307022038590027 ], [ -78.05563802915934, 39.307055686036264 ], [ -78.055647640176375, 39.307090231653639 ], [ -78.055652846509048, 39.307125342855443 ], [ -78.055653597866112, 39.307160681360791 ], [ -78.055647345519816, 39.307309759609296 ], [ -78.055648184003076, 39.307312773370633 ], [ -78.055649268062311, 39.307320084191652 ], [ -78.055649337982658, 39.307320136769533 ], [ -78.055658883274958, 39.307328051745792 ], [ -78.055688321120883, 39.307354998505332 ], [ -78.055714217550545, 39.307384057206342 ], [ -78.055736322936156, 39.307414947854042 ], [ -78.055743154472282, 39.307427184970791 ], [ -78.055745546779534, 39.307430528045735 ], [ -78.055763648410206, 39.30746295320079 ], [ -78.055777571863885, 39.307496600630991 ], [ -78.055787183109217, 39.307531146332352 ], [ -78.055792389534787, 39.307566257439468 ], [ -78.055793140949248, 39.307601596034409 ], [ -78.055791298966909, 39.307645516975668 ], [ -78.055797878950855, 39.307651540137961 ], [ -78.05582146338682, 39.307663349536163 ], [ -78.055857102731764, 39.307685316840242 ], [ -78.055876920284135, 39.307700212238927 ], [ -78.055877994035512, 39.307700541742101 ], [ -78.055918465060046, 39.307716685344559 ], [ -78.055956704442082, 39.307735833001082 ], [ -78.055992343983206, 39.307757800269371 ], [ -78.056025040279962, 39.307782375498704 ], [ -78.056034585556588, 39.307790290534605 ], [ -78.056044130839155, 39.307798205479799 ], [ -78.056073569140977, 39.307825152155864 ], [ -78.056091989583152, 39.30784582165704 ], [ -78.056098569392844, 39.307851277622483 ], [ -78.056128100584758, 39.307860339518136 ], [ -78.056153193070415, 39.307870348650304 ], [ -78.056191298725849, 39.307866938329163 ], [ -78.05620734613106, 39.307866732330645 ], [ -78.056210813181835, 39.307865866434 ], [ -78.056255280643057, 39.307858399491899 ], [ -78.056300476031041, 39.307854354549953 ], [ -78.056345964034037, 39.307853770588252 ], [ -78.056424898167407, 39.307855768136648 ], [ -78.056470240822193, 39.307858650706571 ], [ -78.05651500155237, 39.307864972125827 ], [ -78.056558749118167, 39.307874671485386 ], [ -78.056581332959325, 39.307881601355291 ], [ -78.056588028076021, 39.307883085746305 ], [ -78.056630341309059, 39.307896069591074 ], [ -78.056670812633115, 39.307912212941915 ], [ -78.056709052339258, 39.307931360362161 ], [ -78.056744692113838, 39.30795332731887 ], [ -78.056777388770485, 39.307977902439241 ], [ -78.056786934280694, 39.307985817330291 ], [ -78.056816372838, 39.308012763828295 ], [ -78.056829184352793, 39.308027139290978 ], [ -78.056881887611567, 39.30802847281538 ], [ -78.056918525403418, 39.308030801913866 ], [ -78.0569296604409, 39.308028932058761 ], [ -78.05697485591692, 39.308024886857382 ], [ -78.05702034404149, 39.308024302635744 ], [ -78.057058715323052, 39.308026741851805 ], [ -78.057063437900084, 39.308025562309091 ], [ -78.057107905389501, 39.308018095131388 ], [ -78.057153100736713, 39.308014049857107 ], [ -78.057198588972966, 39.308013465568322 ], [ -78.057247922926422, 39.308014713684507 ], [ -78.057257773907594, 39.308015339911492 ], [ -78.057267656462315, 39.308015212923962 ], [ -78.057287390114539, 39.308015712163012 ], [ -78.057297241096435, 39.308016338386679 ], [ -78.057307123651427, 39.308016211395788 ], [ -78.057346590842485, 39.308017209854256 ], [ -78.05739193377741, 39.30802009207288 ], [ -78.057436694599147, 39.308026413141143 ], [ -78.057475653878171, 39.308035050447167 ], [ -78.057475840510975, 39.308035076788862 ], [ -78.057519588452706, 39.308044775798521 ], [ -78.057561901975063, 39.30805775931406 ], [ -78.057602373624746, 39.308073902351772 ], [ -78.057632605617002, 39.308089039820068 ], [ -78.057643651161854, 39.308086281014745 ], [ -78.057678974259019, 39.308080349143154 ], [ -78.05770692587312, 39.308065314442466 ], [ -78.057728482400208, 39.308048004484213 ], [ -78.057738670438127, 39.308040588829044 ], [ -78.057748858473872, 39.308033173172895 ], [ -78.057783544005403, 39.308010302740691 ], [ -78.057820947996206, 39.30799018370405 ], [ -78.057860710285837, 39.307973009642119 ], [ -78.057874537858453, 39.307968350480273 ], [ -78.057901488604159, 39.307953853988302 ], [ -78.057941250854654, 39.307936679897203 ], [ -78.057982988419894, 39.307922616305689 ], [ -78.058026299399998, 39.307911798624254 ], [ -78.058070766740883, 39.307904330981472 ], [ -78.05811596198231, 39.307900285327861 ], [ -78.058161450160313, 39.307899700659178 ], [ -78.058171502719318, 39.307900339563894 ], [ -78.058179981054991, 39.307896677627035 ], [ -78.058221718553455, 39.307882613946994 ], [ -78.058265029477212, 39.307871796174233 ], [ -78.058309496772779, 39.307864328438164 ], [ -78.058354691980327, 39.307860282690214 ], [ -78.058400180136232, 39.307859697927029 ], [ -78.058411327917938, 39.307859979844665 ], [ -78.058420338942625, 39.307856943489746 ], [ -78.05846364982429, 39.307846125641163 ], [ -78.058498972745525, 39.307840193512995 ], [ -78.058518400629268, 39.307829743338786 ], [ -78.058538292428921, 39.307815264303827 ], [ -78.058572977605621, 39.307792393621511 ], [ -78.058610381269602, 39.307772274227254 ], [ -78.058610897580664, 39.307772051260308 ], [ -78.058613408091901, 39.307770395829806 ], [ -78.058650811845041, 39.307750276514518 ], [ -78.058690573809642, 39.307733102155268 ], [ -78.058732311117836, 39.307719038284006 ], [ -78.058735188229306, 39.307718319637424 ], [ -78.05875073781904, 39.307711603307581 ], [ -78.058792475103459, 39.307697539413731 ], [ -78.058835785836479, 39.307686721420346 ], [ -78.058850903199271, 39.307684182566732 ], [ -78.058852317914585, 39.307683705843758 ], [ -78.058859877823338, 39.307681817562177 ], [ -78.058861000130875, 39.307679610026518 ], [ -78.058861544103621, 39.307678128907988 ], [ -78.058861578004141, 39.307677984007405 ], [ -78.05887381574837, 39.307644667446461 ], [ -78.058873962325762, 39.30764116873214 ], [ -78.058877671561802, 39.30760594292564 ], [ -78.0588858073246, 39.307571169294953 ], [ -78.058896924515167, 39.307540903418008 ], [ -78.058896958565285, 39.307540757710427 ], [ -78.05890944245975, 39.307506770919112 ], [ -78.058926154205594, 39.307473898447903 ], [ -78.058946932922723, 39.307442456840263 ], [ -78.058971578536188, 39.307412748856166 ], [ -78.058999853634475, 39.307385060636641 ], [ -78.059031485795018, 39.307359658789693 ], [ -78.059041673713665, 39.307352243013497 ], [ -78.059076358497279, 39.307329372164546 ], [ -78.059113761768089, 39.307309252682131 ], [ -78.059153523372544, 39.307292078149651 ], [ -78.059195260330412, 39.307278014097811 ], [ -78.059238570747652, 39.307267195941556 ], [ -78.059283037459807, 39.307259727811036 ], [ -78.059328232359036, 39.307255681670298 ], [ -78.059373720138339, 39.307255096510964 ], [ -78.059403320178944, 39.307255844816382 ], [ -78.059448662758442, 39.307258726217619 ], [ -78.059493423449382, 39.307265046486165 ], [ -78.059537171128227, 39.307274744727039 ], [ -78.059579484614403, 39.307287727506157 ], [ -78.059619956339176, 39.30730386984402 ], [ -78.059658196589751, 39.307323016313653 ], [ -78.059693837047263, 39.307344982391314 ], [ -78.059726534518717, 39.307369556712644 ], [ -78.05973608029835, 39.307377471371666 ], [ -78.059765519794539, 39.307404417158345 ], [ -78.059791417990624, 39.307433474925269 ], [ -78.059813525350137, 39.307464364868665 ], [ -78.059831628908455, 39.307496789461382 ], [ -78.059845554349437, 39.307530436478075 ], [ -78.059853056188999, 39.307557394456147 ], [ -78.059858685716989, 39.307565260383292 ], [ -78.059876789319745, 39.307597684970261 ], [ -78.059890714799721, 39.307631331982606 ], [ -78.059900328106096, 39.307665877420369 ], [ -78.059905536607587, 39.30770098842067 ], [ -78.05990629009284, 39.307736327066621 ], [ -78.059901955812919, 39.307839819505602 ], [ -78.059903674252553, 39.307840504888141 ], [ -78.059941914869768, 39.307859651276878 ], [ -78.059956023019865, 39.307868346335127 ], [ -78.059995922273856, 39.307877191141117 ], [ -78.060033645493988, 39.307888765376418 ], [ -78.060072257454038, 39.307879120520653 ], [ -78.060087374588619, 39.3078765815903 ], [ -78.060088789535882, 39.307876104767992 ], [ -78.060132100211177, 39.307865286288482 ], [ -78.06013890543187, 39.307864143311981 ], [ -78.060162021639456, 39.30785836916197 ], [ -78.060177139002434, 39.307855830135516 ], [ -78.060178553713286, 39.307855353396207 ], [ -78.060221864367591, 39.307844534792231 ], [ -78.06026633136463, 39.307837066386064 ], [ -78.060301380015702, 39.307833928334375 ], [ -78.06031130749318, 39.307831448567356 ], [ -78.060355774478211, 39.307823980036282 ], [ -78.060377409450552, 39.307822042971914 ], [ -78.060377494488492, 39.307822014311874 ], [ -78.060420805095859, 39.307811195631785 ], [ -78.060465272170944, 39.307803727150805 ], [ -78.060465460381565, 39.307803710286699 ], [ -78.060467398454264, 39.307803384780385 ], [ -78.060490514618564, 39.307797610563206 ], [ -78.060502459178565, 39.307795604343212 ], [ -78.060505418615975, 39.307794326051955 ], [ -78.060547155754136, 39.307780261519731 ], [ -78.060578777575699, 39.307772362625997 ], [ -78.060597131584657, 39.307766177701161 ], [ -78.060622089035462, 39.307759943528332 ], [ -78.060635349977815, 39.307752810120256 ], [ -78.06064505328942, 39.307745746711191 ], [ -78.060655241104953, 39.307738330789668 ], [ -78.060689925591419, 39.307715459447891 ], [ -78.060727328644717, 39.307695339437721 ], [ -78.060767090113401, 39.307678164347642 ], [ -78.06080882701859, 39.307664099713683 ], [ -78.060852137466696, 39.307653280956416 ], [ -78.060885983809655, 39.307647596087378 ], [ -78.060898590746362, 39.307643347676915 ], [ -78.060941901169699, 39.307632528885172 ], [ -78.060986367975275, 39.307625060105352 ], [ -78.061004481598673, 39.307623438251881 ], [ -78.061021477177036, 39.307619192792288 ], [ -78.061065943967506, 39.30761172398136 ], [ -78.061110269918188, 39.307607755007744 ], [ -78.06111521010493, 39.307604158856734 ], [ -78.061149894380947, 39.307581287369082 ], [ -78.061187297237652, 39.307561167202806 ], [ -78.061227058525461, 39.307543991947902 ], [ -78.061268795383086, 39.307529927144941 ], [ -78.061312105686838, 39.307519108210279 ], [ -78.061356572389215, 39.307511639284506 ], [ -78.061378207248723, 39.307509702029101 ], [ -78.061378292285895, 39.307509673368294 ], [ -78.061421602566398, 39.307498854301691 ], [ -78.061466069242996, 39.307491385423077 ], [ -78.061490568900027, 39.307489191618046 ], [ -78.06151572386554, 39.307484966365614 ], [ -78.061560918832441, 39.307480919447521 ], [ -78.061606406797694, 39.307480333329259 ], [ -78.061616273529182, 39.307480582577199 ], [ -78.061661616278627, 39.307483463211078 ], [ -78.061706377368139, 39.307489782550192 ], [ -78.06175012554317, 39.30749947997468 ], [ -78.061792439622224, 39.307512461968358 ], [ -78.061832912146627, 39.307528603562183 ], [ -78.061871153165356, 39.307547749330567 ], [ -78.061906794464221, 39.307569714849393 ], [ -78.061939492853369, 39.307594288490613 ], [ -78.061949038803419, 39.307602203065279 ], [ -78.061958584759395, 39.307610117549224 ], [ -78.061988025352306, 39.307637062810898 ], [ -78.061999045843805, 39.307649427089011 ], [ -78.062034076345896, 39.307666965309423 ], [ -78.062069717757126, 39.30768893078212 ], [ -78.062079224642346, 39.307696075392364 ], [ -78.062097309502022, 39.307700084047831 ], [ -78.062139623768132, 39.307713066011729 ], [ -78.062180096376991, 39.307729207488642 ], [ -78.062184234272848, 39.307731279098164 ], [ -78.062199509265156, 39.307737371157891 ], [ -78.062237750505489, 39.307756516723131 ], [ -78.062273392028132, 39.307778482137188 ], [ -78.062306090641115, 39.307803055773029 ], [ -78.062315636665105, 39.30781097022998 ], [ -78.062325182691254, 39.307818884686206 ], [ -78.062354623513386, 39.307845829862806 ], [ -78.06238052285363, 39.307874887094634 ], [ -78.062394158535895, 39.307893938374711 ], [ -78.062420001793626, 39.307913360019533 ], [ -78.062429547845298, 39.307921274468043 ], [ -78.062439094014934, 39.30792918891877 ], [ -78.062468534810421, 39.307956134066529 ], [ -78.062494434353155, 39.307985191278732 ], [ -78.062516543093693, 39.308016080756964 ], [ -78.062534648054097, 39.308048504978522 ], [ -78.062548574904739, 39.308082151721671 ], [ -78.062558189581566, 39.308116696988989 ], [ -78.062563399320524, 39.308151808006343 ], [ -78.062564154140148, 39.30818714659339 ], [ -78.06256319192704, 39.30821014248675 ], [ -78.06256312728047, 39.308210756316321 ], [ -78.062567396161711, 39.308213387046088 ], [ -78.062577069218804, 39.308210970656262 ], [ -78.062621536259897, 39.308203501258831 ], [ -78.062666731659178, 39.308199453836252 ], [ -78.06271221998891, 39.308198867389613 ], [ -78.062722086831101, 39.308199116547627 ], [ -78.062767430235098, 39.30820199668198 ], [ -78.062812191901486, 39.308208315705635 ], [ -78.062855810407854, 39.308217983861439 ], [ -78.062859581573647, 39.308217935220476 ], [ -78.062889182228389, 39.308218682657753 ], [ -78.062934525652139, 39.308221562817643 ], [ -78.062979287237908, 39.308227881685035 ], [ -78.063023036188611, 39.308237578656296 ], [ -78.063065350968827, 39.308250560210844 ], [ -78.063105824113194, 39.308266701383864 ], [ -78.063109963089104, 39.308268773528773 ], [ -78.063125237143979, 39.308274864994587 ], [ -78.063125862061568, 39.308275177873881 ], [ -78.063152870182819, 39.308283463518826 ], [ -78.063193343367743, 39.30829960466275 ], [ -78.063231585192852, 39.308318750011203 ], [ -78.063267227324147, 39.308340715051216 ], [ -78.063299926552489, 39.308365288428405 ], [ -78.06330947276625, 39.308373202810181 ], [ -78.06331901897839, 39.308381117281222 ], [ -78.063332587067578, 39.308393534854538 ], [ -78.063347657754832, 39.308404860423067 ], [ -78.063357203979322, 39.308412774801269 ], [ -78.063386645449185, 39.308439719738431 ], [ -78.063412545431405, 39.308468776852102 ], [ -78.063434654726208, 39.308499666174455 ], [ -78.063448320726877, 39.308524139698044 ], [ -78.063453106052009, 39.308530825467251 ], [ -78.063471211568626, 39.308563249651762 ], [ -78.06348513896225, 39.308596896300884 ], [ -78.0634947541636, 39.30863144141815 ], [ -78.063499964396058, 39.30866655240996 ], [ -78.063500719677194, 39.308701891006208 ], [ -78.063500399033416, 39.308709556369749 ], [ -78.06349669202018, 39.30874478231334 ], [ -78.063488558462382, 39.308779556434665 ], [ -78.063481497347354, 39.308798783157926 ], [ -78.063477088194574, 39.30881763379206 ], [ -78.063464606328978, 39.308851621054892 ], [ -78.063447896184627, 39.308884494236757 ], [ -78.063447549804138, 39.308885018346082 ], [ -78.063453939994474, 39.308885179671897 ], [ -78.063499283888049, 39.308888059538312 ], [ -78.063544046071868, 39.308894378298461 ], [ -78.063547862305342, 39.308895224148365 ], [ -78.063581890005111, 39.308896083173309 ], [ -78.063627233914076, 39.308898962990277 ], [ -78.063671996003563, 39.308905281698934 ], [ -78.063715745482924, 39.308914978428021 ], [ -78.063758060807857, 39.308927959749326 ], [ -78.063798534507768, 39.308944100700252 ], [ -78.063836776850863, 39.308963245867218 ], [ -78.063864102554845, 39.308980085390829 ], [ -78.063880030156724, 39.308988059191563 ], [ -78.063919745979064, 39.308996861816922 ], [ -78.063962061394861, 39.309009843067088 ], [ -78.064002535192202, 39.309025983950328 ], [ -78.064040777638397, 39.309045129053736 ], [ -78.064076420393405, 39.309067093866688 ], [ -78.064109120242122, 39.309091667037023 ], [ -78.064118213194917, 39.309099205338633 ], [ -78.064143566008553, 39.309114829028616 ], [ -78.064176265906937, 39.309139402091638 ], [ -78.06418581232019, 39.309147316498212 ], [ -78.064199380708857, 39.309159733980287 ], [ -78.064214451699939, 39.309171059446612 ], [ -78.064223998125541, 39.309178973760346 ], [ -78.064253440245224, 39.309205918499536 ], [ -78.064263446444414, 39.309217144055701 ], [ -78.064277216279947, 39.309225629708997 ], [ -78.064309916276727, 39.309250202737722 ], [ -78.064319462723802, 39.309258117044322 ], [ -78.06434890491299, 39.309285061761656 ], [ -78.06437480559741, 39.309314118684043 ], [ -78.064396915570541, 39.309345007845479 ], [ -78.064415021722979, 39.309377431813402 ], [ -78.064428949713616, 39.309411078368512 ], [ -78.064438565471164, 39.309445623425212 ], [ -78.064439394441322, 39.309451209090405 ], [ -78.064441417447057, 39.309454831844597 ], [ -78.064455345463585, 39.309488478397206 ], [ -78.064464961242507, 39.309523023452222 ], [ -78.064470172001634, 39.309558134416662 ], [ -78.064470927749682, 39.309593473110667 ], [ -78.064470286660907, 39.30960880366878 ], [ -78.064470275329398, 39.309608911034644 ], [ -78.064483380249996, 39.309632378802085 ], [ -78.064490171290927, 39.309648784174669 ], [ -78.064506020687688, 39.309617603351128 ], [ -78.064506724959301, 39.30961653757975 ], [ -78.06451096830277, 39.309604982956884 ], [ -78.06452767803539, 39.309572109610485 ], [ -78.064536814757261, 39.309558282572667 ], [ -78.064541589377384, 39.309548889348058 ], [ -78.064541801457494, 39.309547982857644 ], [ -78.064554283069228, 39.309513995470589 ], [ -78.064570992757581, 39.309481122115947 ], [ -78.064588455420093, 39.3094546949809 ], [ -78.064597277192135, 39.309430673152853 ], [ -78.064613986838452, 39.309397799790126 ], [ -78.064614691106058, 39.309396734017923 ], [ -78.064618934416444, 39.309385179389551 ], [ -78.064635644040635, 39.309352306022689 ], [ -78.064656420871543, 39.309320863327692 ], [ -78.064656823980911, 39.309320377310975 ], [ -78.064667488863506, 39.30929939597096 ], [ -78.064676625519624, 39.309285568919194 ], [ -78.064688825480587, 39.309261567471445 ], [ -78.064697962250577, 39.309247740240515 ], [ -78.064702371151625, 39.309239066478796 ], [ -78.064704281190629, 39.309233865412814 ], [ -78.064713565241732, 39.309215600515415 ], [ -78.064713777329644, 39.309214693754555 ], [ -78.064726258793584, 39.309180706251958 ], [ -78.064742968313737, 39.309147832864952 ], [ -78.064763745031485, 39.309116390145697 ], [ -78.064771487679195, 39.309107055952261 ], [ -78.064785320949824, 39.309079841199761 ], [ -78.064794457551997, 39.309066014136327 ], [ -78.064798866424752, 39.309057340459816 ], [ -78.064800776462206, 39.309052139121675 ], [ -78.064809695043991, 39.309034593152113 ], [ -78.064810238624602, 39.309033113165739 ], [ -78.064810272663479, 39.309032967456005 ], [ -78.064822754039696, 39.308998980029152 ], [ -78.06483946346691, 39.308966106624027 ], [ -78.064848600038701, 39.308952279645133 ], [ -78.064860800000233, 39.308928277996671 ], [ -78.064881576595297, 39.308896835250899 ], [ -78.064881979450021, 39.308896349677319 ], [ -78.064892644328836, 39.308875367863322 ], [ -78.064893348709916, 39.308874301911928 ], [ -78.064897591814713, 39.308862747446625 ], [ -78.064914301286919, 39.30882987403043 ], [ -78.064923437705303, 39.308816047131216 ], [ -78.064935637615122, 39.308792045472558 ], [ -78.064956414133306, 39.308760602709988 ], [ -78.064981057779434, 39.308730893379071 ], [ -78.065002539983595, 39.308709854430752 ], [ -78.065002571414567, 39.308709102651775 ], [ -78.06500627767538, 39.308673876541391 ], [ -78.065014410587793, 39.30863910228743 ], [ -78.065026891784484, 39.308605114830286 ], [ -78.065043601012533, 39.308572241386713 ], [ -78.065064377412284, 39.308540798599545 ], [ -78.065067043781013, 39.308537584071807 ], [ -78.065074885259747, 39.308525716900782 ], [ -78.065075288361371, 39.308525230882267 ], [ -78.065078161987003, 39.308519577391003 ], [ -78.065080072106497, 39.308514375959462 ], [ -78.065088990415887, 39.308496830228897 ], [ -78.065090900406744, 39.308491629064164 ], [ -78.065099818586859, 39.308474083509545 ], [ -78.065101728703311, 39.308468882077506 ], [ -78.065110647000893, 39.308451336344739 ], [ -78.065112556992474, 39.308446135089497 ], [ -78.065121475534639, 39.308428588911518 ], [ -78.065123385386286, 39.308423388193056 ], [ -78.065132303548708, 39.308405842635132 ], [ -78.065134213660613, 39.308400641202347 ], [ -78.065150922784653, 39.308367767738638 ], [ -78.065151627156325, 39.308366701785246 ], [ -78.065155870183233, 39.30835514730687 ], [ -78.065172579400965, 39.308322273841952 ], [ -78.065173283648477, 39.308321208065465 ], [ -78.065177526792013, 39.308309653408919 ], [ -78.065194235871786, 39.308276779936946 ], [ -78.065194940118474, 39.308275714160288 ], [ -78.065199183255274, 39.308264159502642 ], [ -78.065215892312935, 39.30823128602654 ], [ -78.065225029077709, 39.308217458478957 ], [ -78.065229803131132, 39.30820806583845 ], [ -78.065230015208584, 39.30820715907614 ], [ -78.065242496212349, 39.308173171586802 ], [ -78.065259205225772, 39.308140298102444 ], [ -78.065259909593365, 39.308139232148243 ], [ -78.065264152586579, 39.308127677664316 ], [ -78.065280861693722, 39.308094804178751 ], [ -78.065301637835006, 39.308063361337574 ], [ -78.065302040562173, 39.308062875849259 ], [ -78.065312705298837, 39.308041893807534 ], [ -78.06531340966454, 39.308040827852913 ], [ -78.065317652642108, 39.308029273366309 ], [ -78.065326571074451, 39.308011727167568 ], [ -78.065328480897833, 39.308006526444416 ], [ -78.065337399073783, 39.307988980688684 ], [ -78.065339309034059, 39.307983779428248 ], [ -78.065348592740975, 39.307965514374253 ], [ -78.065348804812203, 39.307964607701606 ], [ -78.065361285712498, 39.307930620104493 ], [ -78.06537799460645, 39.307897746597604 ], [ -78.065398770641409, 39.307866303734293 ], [ -78.06540060476847, 39.307864092560969 ], [ -78.065403957381307, 39.307854962773604 ], [ -78.065420666235411, 39.307822089258742 ], [ -78.065432556973434, 39.30780409365186 ], [ -78.065436121306135, 39.307794387163995 ], [ -78.06545283012926, 39.307761513643115 ], [ -78.065470291872202, 39.307735086607174 ], [ -78.065479113104729, 39.307711064416523 ], [ -78.065495822001651, 39.307678190890478 ], [ -78.065516597913941, 39.307646748000636 ], [ -78.065517000756699, 39.307646262424335 ], [ -78.065527665235834, 39.307625280533813 ], [ -78.065528369720894, 39.307624214310508 ], [ -78.065531246129154, 39.30761638126387 ], [ -78.065531280292788, 39.307616235286773 ], [ -78.065543761029616, 39.307582247752627 ], [ -78.065560469746515, 39.30754937421144 ], [ -78.065569605858201, 39.307535547247682 ], [ -78.065581805301122, 39.307511545499871 ], [ -78.065593695825399, 39.307493549869214 ], [ -78.06559726023724, 39.30748384328745 ], [ -78.065613968903264, 39.307450969736244 ], [ -78.065625859281127, 39.307432974368467 ], [ -78.065629423692513, 39.307423267605358 ], [ -78.065646132443376, 39.307390394051055 ], [ -78.065646836669856, 39.307389328360905 ], [ -78.065651079678048, 39.307377773500427 ], [ -78.065667788290952, 39.307344899939061 ], [ -78.065676924352857, 39.307331072964672 ], [ -78.065689123719849, 39.307307071202125 ], [ -78.065709899427375, 39.307275628268606 ], [ -78.065715233099056, 39.307269197942801 ], [ -78.065730914546478, 39.307245464815644 ], [ -78.065733581195232, 39.307242249917792 ], [ -78.065741422039238, 39.307230383130985 ], [ -78.065741825001268, 39.307229897376651 ], [ -78.065752489335864, 39.307208915639279 ], [ -78.065753193558763, 39.307207849948334 ], [ -78.065757436536842, 39.307196295082584 ], [ -78.06577414505233, 39.307163421501528 ], [ -78.06579492067614, 39.30713197854908 ], [ -78.065800253842625, 39.307125548746797 ], [ -78.065807050381522, 39.307115262643208 ], [ -78.065810614749296, 39.307105555872532 ], [ -78.065827323216084, 39.307072682281643 ], [ -78.065848098787257, 39.30704123931735 ], [ -78.065857735703119, 39.307029620879739 ], [ -78.065858845654844, 39.30702743710453 ], [ -78.065879621197567, 39.306995994133345 ], [ -78.065880023914275, 39.306995508642558 ], [ -78.065882897794822, 39.306989854144184 ], [ -78.065884807672091, 39.306984653141434 ], [ -78.065893725689065, 39.306967107153127 ], [ -78.065895635568594, 39.30696190606016 ], [ -78.065912343957891, 39.306929032453546 ], [ -78.065913048179127, 39.306927966671402 ], [ -78.065917291103901, 39.306916411977681 ], [ -78.065933999471085, 39.306883538366939 ], [ -78.065954774934312, 39.306852095378773 ], [ -78.065964411805126, 39.306840476930347 ], [ -78.065965521750243, 39.30683829315381 ], [ -78.065966225965923, 39.306837227461266 ], [ -78.065969102553737, 39.306829393595756 ], [ -78.065969136588862, 39.30682924788551 ], [ -78.065981616952683, 39.306795260287068 ], [ -78.065998325257908, 39.306762386664268 ], [ -78.066019100657513, 39.306730943571608 ], [ -78.066021767762123, 39.30672772804742 ], [ -78.066026293754916, 39.306720877985626 ], [ -78.066035114889658, 39.306696855563011 ], [ -78.06605182314398, 39.3066639819302 ], [ -78.066072598484567, 39.306632538915508 ], [ -78.066073001444437, 39.306632053069791 ], [ -78.066083665579825, 39.306611071292977 ], [ -78.066095555684413, 39.306593075864996 ], [ -78.066099119981786, 39.306583369082219 ], [ -78.066108037892661, 39.306565822982471 ], [ -78.066109947739974, 39.30656062197464 ], [ -78.066126655923469, 39.306527748327859 ], [ -78.06614743118719, 39.306496305296378 ], [ -78.066150097543883, 39.306493090650932 ], [ -78.066157938474262, 39.306481223474769 ], [ -78.066167575253942, 39.30646960509565 ], [ -78.066168685190021, 39.306467421226614 ], [ -78.066177821030593, 39.306453594202992 ], [ -78.066190020058158, 39.306429592372538 ], [ -78.066210795262393, 39.306398149327094 ], [ -78.066211198216138, 39.30639766357077 ], [ -78.066221862270979, 39.30637668177765 ], [ -78.066242637444134, 39.306345238725143 ], [ -78.066267279534429, 39.306315529055361 ], [ -78.066295551394887, 39.306287838931361 ], [ -78.066327180634104, 39.306262434979523 ], [ -78.066337367542829, 39.306255018434676 ], [ -78.066347554445628, 39.306247601978832 ], [ -78.066357741346295, 39.306240185522022 ], [ -78.066367928360648, 39.306232769067144 ], [ -78.06640261031616, 39.306209895917327 ], [ -78.066440011020006, 39.306189773882373 ], [ -78.06647977033208, 39.306172596839382 ], [ -78.066521505305531, 39.306158530074107 ], [ -78.066564814061636, 39.306147709117582 ], [ -78.066609279451924, 39.306140238127021 ], [ -78.066654473381305, 39.30613618909392 ], [ -78.0666999605521, 39.306135601037795 ], [ -78.066719693727748, 39.30613609865533 ], [ -78.066765036065121, 39.306138977187061 ], [ -78.066809796767188, 39.30614529463427 ], [ -78.066853545056617, 39.306154990137834 ], [ -78.066895859400645, 39.306167970281365 ], [ -78.066936332338074, 39.30618411011357 ], [ -78.066974574148176, 39.306203254141693 ], [ -78.067010216485841, 39.306225218134571 ], [ -78.067042916151237, 39.30624979047883 ], [ -78.067052462533482, 39.306257704560771 ], [ -78.067061508087676, 39.306265982660534 ], [ -78.067071555420256, 39.306273532725427 ], [ -78.067081101805186, 39.306281446895213 ], [ -78.067090648196015, 39.306289360974311 ], [ -78.067110930269465, 39.306307922216284 ], [ -78.067141180498993, 39.306300363849211 ], [ -78.067185646055265, 39.306292892642574 ], [ -78.067230839944656, 39.306288843474988 ], [ -78.067276327223738, 39.30628825519689 ], [ -78.067325660412294, 39.306289498997153 ], [ -78.067371002772205, 39.306292377294191 ], [ -78.067415763759996, 39.30629869442658 ], [ -78.067459512241754, 39.306308389708612 ], [ -78.067501826802399, 39.306321369638965 ], [ -78.067542299974917, 39.306337509358386 ], [ -78.067580542043828, 39.306356653196083 ], [ -78.067616184657737, 39.306378617012733 ], [ -78.06764888461791, 39.306403189106661 ], [ -78.067658431087651, 39.306411103232001 ], [ -78.067667977563303, 39.306419017266634 ], [ -78.067677524156935, 39.306426931303484 ], [ -78.067706966452832, 39.306453875182548 ], [ -78.067732867722356, 39.30648293129493 ], [ -78.067754978399478, 39.306513819852775 ], [ -78.067773085483822, 39.306546243432287 ], [ -78.067787014632799, 39.306579889638741 ], [ -78.067796631760245, 39.306614434479961 ], [ -78.067801844070985, 39.306649545364991 ], [ -78.067802601562562, 39.306684884024747 ], [ -78.0678019612632, 39.30670021472632 ], [ -78.067798256570484, 39.306735440903054 ], [ -78.067790125421268, 39.306770215424919 ], [ -78.067789917388495, 39.306770781952203 ], [ -78.067793426721693, 39.306775684484307 ], [ -78.067811533884225, 39.306808108059784 ], [ -78.067825463096085, 39.306841754262976 ], [ -78.067834113614566, 39.306872826809652 ], [ -78.067860407672867, 39.306878653760741 ], [ -78.067902722650402, 39.306891633649762 ], [ -78.067943196364254, 39.306907773157015 ], [ -78.067981438851945, 39.306926916877003 ], [ -78.068017081877599, 39.306948880584493 ], [ -78.068049782234809, 39.306973452668835 ], [ -78.068059328829179, 39.306981366675203 ], [ -78.068072897757105, 39.30699378399499 ], [ -78.068087968740983, 39.307005108692984 ], [ -78.068095827573174, 39.307011623650851 ], [ -78.068119307575444, 39.307009519761536 ], [ -78.068164795336415, 39.307008931153113 ], [ -78.068184528783249, 39.307009428531551 ], [ -78.068229871778584, 39.30701230651502 ], [ -78.06827463331588, 39.307018623426181 ], [ -78.068318382263385, 39.307028318402395 ], [ -78.068360697428361, 39.307041298041 ], [ -78.068401171225887, 39.307057437392722 ], [ -78.068439413923215, 39.307076581059391 ], [ -78.068475057289973, 39.307098544637135 ], [ -78.068488193897934, 39.307108415743066 ], [ -78.068531930070591, 39.307118107705293 ], [ -78.06855343248921, 39.307124703245428 ], [ -78.068563221161341, 39.307116840905969 ], [ -78.06857340797184, 39.307109424251863 ], [ -78.068608089700575, 39.307086550436232 ], [ -78.068645490411228, 39.307066427780981 ], [ -78.068685249744362, 39.307049249894241 ], [ -78.068726984857491, 39.307035182341913 ], [ -78.068770293874294, 39.307024360572669 ], [ -78.0688147596438, 39.307016888751463 ], [ -78.068859954067278, 39.307012838877867 ], [ -78.068905441726443, 39.307012249976545 ], [ -78.068944908764465, 39.307013244481972 ], [ -78.068990251811954, 39.307016122170083 ], [ -78.069035013438381, 39.307022438791115 ], [ -78.069078762511182, 39.30703213348518 ], [ -78.069121077836357, 39.307045112852357 ], [ -78.069122449730671, 39.307045659914941 ], [ -78.069137323024762, 39.307048955778349 ], [ -78.069179638372063, 39.307061935124963 ], [ -78.069220112387384, 39.307078074199012 ], [ -78.069258355335876, 39.307097217605026 ], [ -78.069263211480902, 39.307100209896241 ], [ -78.069268486235615, 39.307102313232384 ], [ -78.069269111172531, 39.307102626079327 ], [ -78.069296119665623, 39.307110910308651 ], [ -78.069336593734079, 39.307127049434087 ], [ -78.069337218783616, 39.307127362373599 ], [ -78.069364227067155, 39.307135646491886 ], [ -78.069382025711448, 39.307142743667917 ], [ -78.069412920984774, 39.307152220152183 ], [ -78.069417507517741, 39.307154049038914 ], [ -78.069443418666523, 39.307145315045041 ], [ -78.0694867276585, 39.307134493007425 ], [ -78.069531193439332, 39.307127020912048 ], [ -78.069576387906423, 39.307122970851069 ], [ -78.069621875768107, 39.307122381584769 ], [ -78.069641609272551, 39.307122878717422 ], [ -78.069686952316559, 39.307125756224529 ], [ -78.069731714095539, 39.307132072492166 ], [ -78.069775463464211, 39.307141766932958 ], [ -78.069817778998967, 39.307154746053641 ], [ -78.069858253227153, 39.307170884912821 ], [ -78.069870268638923, 39.30717689935522 ], [ -78.069905300246262, 39.307187644347671 ], [ -78.069944836836484, 39.307203409216129 ], [ -78.069945009425467, 39.307199273962411 ], [ -78.0699487130873, 39.307164047590064 ], [ -78.069956843349615, 39.307129272883621 ], [ -78.069969321870687, 39.307095284787842 ], [ -78.069986028423301, 39.307062410525667 ], [ -78.070006802173594, 39.307030966747746 ], [ -78.070031443094422, 39.307001256234997 ], [ -78.070053116717688, 39.306980026829272 ], [ -78.070072829478562, 39.306956258249606 ], [ -78.070076681086491, 39.306952485559975 ], [ -78.070079388434991, 39.306948387667369 ], [ -78.070104029294868, 39.306918677136622 ], [ -78.070132299957095, 39.306890986034077 ], [ -78.070163928041808, 39.306865580995549 ], [ -78.070174114769529, 39.306858164196072 ], [ -78.070208795876809, 39.306835289877661 ], [ -78.070246195906179, 39.306815166681361 ], [ -78.070270272925612, 39.306804763776405 ], [ -78.070279462413566, 39.306798702768326 ], [ -78.070316862403942, 39.306778579547675 ], [ -78.070356621195941, 39.306761401066971 ], [ -78.070398355836502, 39.306747332894872 ], [ -78.070441664453853, 39.306736510486047 ], [ -78.07048613001669, 39.306729038014517 ], [ -78.070531324197745, 39.306724987480273 ], [ -78.070565954832887, 39.306724538618731 ], [ -78.07059728967107, 39.306713976012531 ], [ -78.070640598241454, 39.306703153527586 ], [ -78.07068506376649, 39.306695680978329 ], [ -78.070709564142859, 39.306693485057806 ], [ -78.070734717219622, 39.306689258018942 ], [ -78.070779911366571, 39.306685207386529 ], [ -78.070825398843851, 39.306684617725232 ], [ -78.070854999064011, 39.306685363112962 ], [ -78.070874798536451, 39.306686619403614 ], [ -78.070881900774864, 39.306679662587833 ], [ -78.070913528616643, 39.306654257333662 ], [ -78.07092371512131, 39.306646840461205 ], [ -78.070933901623818, 39.306639423587747 ], [ -78.070944088127945, 39.306632006623332 ], [ -78.07095474416073, 39.306624978218046 ], [ -78.070964461238077, 39.306617172874439 ], [ -78.070974647732001, 39.306609755997066 ], [ -78.070975332513171, 39.30660930434604 ], [ -78.070986695021091, 39.306595603628374 ], [ -78.071014965210168, 39.306567912291804 ], [ -78.071046592837277, 39.306542506994383 ], [ -78.071056779427479, 39.3065350901119 ], [ -78.071058969222008, 39.306533495697806 ], [ -78.07105955857898, 39.306531890352602 ], [ -78.071076264479871, 39.306499015906681 ], [ -78.071097037571093, 39.306467571906616 ], [ -78.071121677831869, 39.306437861135443 ], [ -78.071149947786452, 39.306410169758088 ], [ -78.071181575408133, 39.306384764421722 ], [ -78.071191761848766, 39.306377347432935 ], [ -78.071201948399334, 39.306369930536064 ], [ -78.071236628935566, 39.306347055977646 ], [ -78.071274028425492, 39.306326932338301 ], [ -78.071282449144107, 39.306323293926503 ], [ -78.071291779086664, 39.306304933954785 ], [ -78.071312552140398, 39.306273489822402 ], [ -78.07131295493582, 39.30627300422411 ], [ -78.071323617480303, 39.306252021724447 ], [ -78.07133033913054, 39.306241847087335 ], [ -78.071330567703058, 39.306239672776385 ], [ -78.071338697147013, 39.306204898028689 ], [ -78.071351174819299, 39.306170909658491 ], [ -78.071367880489646, 39.306138035160522 ], [ -78.071388653336456, 39.306106591097695 ], [ -78.071391319444572, 39.306103376322255 ], [ -78.071399159462757, 39.306091508756829 ], [ -78.071414384816592, 39.306073150092622 ], [ -78.071414531468562, 39.306072750562748 ], [ -78.071431237083559, 39.306039876053184 ], [ -78.071452009870868, 39.306008431976409 ], [ -78.071476649812624, 39.305978721116233 ], [ -78.071504919436165, 39.305951029638408 ], [ -78.071536546717994, 39.30592562419109 ], [ -78.071546733049601, 39.305918207256767 ], [ -78.071581413251124, 39.305895332491289 ], [ -78.071618812512256, 39.305875208819771 ], [ -78.071632446894881, 39.305869317615937 ], [ -78.071647208621613, 39.305854857583405 ], [ -78.071678835808797, 39.305829452093455 ], [ -78.071689022111556, 39.305822035145461 ], [ -78.071694589723506, 39.305817981201614 ], [ -78.071702627045042, 39.305796087754743 ], [ -78.071719332453668, 39.305763213194851 ], [ -78.071740105025413, 39.30573176905736 ], [ -78.071764246105843, 39.305702659415815 ], [ -78.071765982843345, 39.305697928430696 ], [ -78.07178268819662, 39.305665053859222 ], [ -78.071803460708892, 39.305633609707783 ], [ -78.071811202028414, 39.305624275170828 ], [ -78.071817242792235, 39.305612387415572 ], [ -78.071819152199282, 39.305607186116305 ], [ -78.071835857503856, 39.305574311535011 ], [ -78.071856629967243, 39.305542867281723 ], [ -78.071859296154884, 39.305539652316618 ], [ -78.071867135899836, 39.305527784980349 ], [ -78.071891775489817, 39.305498074017059 ], [ -78.071892770683561, 39.305497099210989 ], [ -78.071896296399586, 39.305463554764664 ], [ -78.071904425455457, 39.305428779869423 ], [ -78.071916902692237, 39.305394791509066 ], [ -78.071933607895119, 39.305361916909042 ], [ -78.071954380243213, 39.30533047272327 ], [ -78.07196065454724, 39.305322907009163 ], [ -78.071970391284168, 39.305296383679313 ], [ -78.07198709643616, 39.305263509069292 ], [ -78.072007868728988, 39.305232064871511 ], [ -78.072010534897217, 39.305228849902065 ], [ -78.07201837457923, 39.305216982552786 ], [ -78.072043013989784, 39.305187271549542 ], [ -78.072071283179596, 39.305159579823226 ], [ -78.072102909775467, 39.305134174194741 ], [ -78.072113095930163, 39.305126757203332 ], [ -78.072123282198547, 39.305119340213849 ], [ -78.072131498237823, 39.30511392091254 ], [ -78.072131621154099, 39.305113678884048 ], [ -78.072152393335216, 39.305082234655622 ], [ -78.072158737311355, 39.305074584832305 ], [ -78.072159902368583, 39.30506349978171 ], [ -78.072168031236245, 39.305028724859298 ], [ -78.07218050826387, 39.304994736461111 ], [ -78.072197213238653, 39.30496186181302 ], [ -78.072217985341908, 39.304930417569359 ], [ -78.072242624562378, 39.304900706515575 ], [ -78.072270893434322, 39.304873014819293 ], [ -78.072302519941488, 39.304847609130753 ], [ -78.072312706036428, 39.304840192029189 ], [ -78.072322892241317, 39.304832775019541 ], [ -78.072333078328228, 39.304825358005992 ], [ -78.072343264412979, 39.304817940991462 ], [ -78.072353919073819, 39.304810913047 ], [ -78.072363636579809, 39.304803106869464 ], [ -78.072373822773955, 39.304795689854913 ], [ -78.072384008850122, 39.304788272836461 ], [ -78.072394194924144, 39.304780855817022 ], [ -78.072404380999771, 39.304773438706604 ], [ -78.072439060344749, 39.304750563739539 ], [ -78.072465661845783, 39.304736249421154 ], [ -78.072475364062569, 39.3047291847925 ], [ -78.072510043362939, 39.304706309802391 ], [ -78.072547441609203, 39.304686185701762 ], [ -78.072587198684928, 39.304669006387577 ], [ -78.072592637626741, 39.304667172828196 ], [ -78.072597732715039, 39.304664431112258 ], [ -78.072598249317025, 39.304664207909319 ], [ -78.072600759162086, 39.304662552333497 ], [ -78.07263815735628, 39.304642428291672 ], [ -78.072657299049254, 39.304634157041569 ], [ -78.072669161835066, 39.304619852103002 ], [ -78.072681686713665, 39.304607582819209 ], [ -78.072686465320615, 39.304598178435818 ], [ -78.072707237092246, 39.304566734090734 ], [ -78.072731875974682, 39.304537022919028 ], [ -78.072737264062866, 39.304531744738405 ], [ -78.072745497728562, 39.304519280615956 ], [ -78.072745623626162, 39.304518082585361 ], [ -78.072753752126033, 39.30448330760585 ], [ -78.072766228760372, 39.304449319127698 ], [ -78.07278293332017, 39.30441644437753 ], [ -78.072803704990747, 39.304385000010704 ], [ -78.072828343764996, 39.304355288813809 ], [ -78.07285661218522, 39.304327596865868 ], [ -78.072888238228316, 39.304302191088674 ], [ -78.072898424181773, 39.304294773929847 ], [ -78.072908610129332, 39.304287356860044 ], [ -78.072918796190578, 39.304279939792188 ], [ -78.072919578979651, 39.304279369790791 ], [ -78.072930842670715, 39.304265787187283 ], [ -78.072952514669566, 39.304244557170399 ], [ -78.072972225532922, 39.304220788110506 ], [ -78.073000493953117, 39.304193096215741 ], [ -78.073032119886633, 39.304167690304666 ], [ -78.073042305801494, 39.304160273221775 ], [ -78.073059070409812, 39.304149214753473 ], [ -78.073063866989003, 39.304139774951189 ], [ -78.073065776250544, 39.304134573805307 ], [ -78.073082480588539, 39.304101699002445 ], [ -78.073103252026243, 39.304070254572061 ], [ -78.073118383688367, 39.304052007539433 ], [ -78.07311884245442, 39.304041002266665 ], [ -78.073122544379316, 39.304005775713264 ], [ -78.073130672503012, 39.303971000692549 ], [ -78.073137730441815, 39.303951773251484 ], [ -78.073142136634416, 39.303932922128048 ], [ -78.073154612852903, 39.303898933591746 ], [ -78.073171317202934, 39.303866058774197 ], [ -78.073180451327048, 39.303852231130186 ], [ -78.073192647497052, 39.303828228448367 ], [ -78.073213418797991, 39.303796783992098 ], [ -78.073219692823045, 39.303789218198041 ], [ -78.073229428841657, 39.303762694730729 ], [ -78.073235983789701, 39.303749794208521 ], [ -78.073239241381842, 39.303735856897823 ], [ -78.073251717628793, 39.303701868349926 ], [ -78.073268421769455, 39.30366899342107 ], [ -78.073289192985712, 39.303637548947471 ], [ -78.073313831278583, 39.30360783762675 ], [ -78.073342099307126, 39.303580145632019 ], [ -78.073358505861407, 39.303566965515387 ], [ -78.073373076803591, 39.303552691609873 ], [ -78.073382702505612, 39.303533747482504 ], [ -78.073391836541759, 39.303519919818008 ], [ -78.073404032575965, 39.303495917107902 ], [ -78.073421490359905, 39.303469488531007 ], [ -78.073430308268982, 39.303445465869032 ], [ -78.073447012259038, 39.303412590907811 ], [ -78.073467783314186, 39.303381146395232 ], [ -78.073491922830627, 39.303352036327283 ], [ -78.073493659381441, 39.303347305398091 ], [ -78.07351036331238, 39.303314430515293 ], [ -78.073531134308055, 39.303282985988758 ], [ -78.073555772367811, 39.303253274606639 ], [ -78.073584040040885, 39.303225582449755 ], [ -78.073615665315074, 39.303200176351872 ], [ -78.073625851024616, 39.303192759209182 ], [ -78.07363603684783, 39.303185342068431 ], [ -78.07364622255308, 39.30317792492378 ], [ -78.073680900699003, 39.30315504944587 ], [ -78.073683746414375, 39.303153518054515 ], [ -78.073685897464898, 39.303151410838048 ], [ -78.073717522553011, 39.303126004706627 ], [ -78.073727708241066, 39.303118587554117 ], [ -78.073734479562077, 39.303113656807575 ], [ -78.073735807373865, 39.303111646622192 ], [ -78.073736210383942, 39.303111160569813 ], [ -78.073746871543577, 39.303090178239664 ], [ -78.073767642366988, 39.303058733573344 ], [ -78.073768045249437, 39.303058247787916 ], [ -78.0737787065178, 39.303037265186958 ], [ -78.073799477306395, 39.303005820603559 ], [ -78.07382411503562, 39.302976109152496 ], [ -78.073829520926211, 39.302970813348352 ], [ -78.073841737300441, 39.302946769930138 ], [ -78.07386250803593, 39.302915325243006 ], [ -78.073862910793537, 39.302914839634234 ], [ -78.073873572017092, 39.30289385684226 ], [ -78.073894342717807, 39.302862412238042 ], [ -78.073903977725692, 39.302850793054404 ], [ -78.073905087357559, 39.302848609189084 ], [ -78.073922466320482, 39.302822299262075 ], [ -78.073921715451647, 39.302787415685117 ], [ -78.073922993194202, 39.302756754273283 ], [ -78.07392669449321, 39.302721527666847 ], [ -78.073934822149269, 39.302686752565563 ], [ -78.073947297845734, 39.302652763917997 ], [ -78.07395621302021, 39.302635217557352 ], [ -78.073958122303196, 39.302630015944587 ], [ -78.073974825829012, 39.302597140976893 ], [ -78.073995596389338, 39.302565696348196 ], [ -78.073998262726633, 39.302562480883424 ], [ -78.074006101504381, 39.302550613815619 ], [ -78.074030738976987, 39.302520902309432 ], [ -78.074052643509674, 39.302499443428182 ], [ -78.074059609421766, 39.302488897574996 ], [ -78.074063172515736, 39.302479190225711 ], [ -78.074079875952947, 39.302446315238996 ], [ -78.074100646418515, 39.302414870587356 ], [ -78.074125283916928, 39.302385159060137 ], [ -78.07413067172898, 39.302379880803066 ], [ -78.074142346917469, 39.302362205570333 ], [ -78.074142749920185, 39.302361719516227 ], [ -78.074153410832764, 39.302340737137584 ], [ -78.074158542393931, 39.302332968327349 ], [ -78.07415406833266, 39.302324957911509 ], [ -78.074140136800409, 39.302291312363536 ], [ -78.074130516980702, 39.302256767839665 ], [ -78.074125301555057, 39.302221657195609 ], [ -78.074124540788247, 39.302186318345512 ], [ -78.074124860195127, 39.302178652990399 ], [ -78.074128561344622, 39.30214342636954 ], [ -78.074136688812956, 39.302108651334855 ], [ -78.074149164296514, 39.302074662565126 ], [ -78.074165867586103, 39.30204178755892 ], [ -78.074186637883074, 39.302010342884067 ], [ -78.074211275077658, 39.301980631327204 ], [ -78.07423954207006, 39.301952939069537 ], [ -78.074271166515729, 39.301927532758 ], [ -78.07428135196642, 39.301920115546892 ], [ -78.074286734297132, 39.301916564982989 ], [ -78.074294955001619, 39.301894167680238 ], [ -78.074303870356346, 39.30187662066286 ], [ -78.074305779328128, 39.301871419756132 ], [ -78.074322482491439, 39.301838544721846 ], [ -78.074343252657869, 39.301807099923145 ], [ -78.074345918582509, 39.301803884889587 ], [ -78.074353757460585, 39.301792017347466 ], [ -78.074363392236776, 39.30178039811549 ], [ -78.074364501835603, 39.301778214244266 ], [ -78.074385271960381, 39.301746769526403 ], [ -78.074394906485665, 39.301735150465454 ], [ -78.074396016206052, 39.301732966416793 ], [ -78.074416786302393, 39.301701521692038 ], [ -78.074422118502525, 39.301695091179567 ], [ -78.074437795957536, 39.301671356436287 ], [ -78.074462432921152, 39.301641644816222 ], [ -78.074482800261123, 39.301621691341296 ], [ -78.074489681117328, 39.30161127403413 ], [ -78.074495012817806, 39.301604844046018 ], [ -78.074510690596682, 39.301581108759684 ], [ -78.074513356504667, 39.301577893721543 ], [ -78.074521195327492, 39.301566026165723 ], [ -78.074530830043457, 39.301554406917262 ], [ -78.074531939633175, 39.301552223044034 ], [ -78.074541073166202, 39.301538395266917 ], [ -78.07455326842819, 39.301514392401401 ], [ -78.074574038385009, 39.301482947642455 ], [ -78.074598675337427, 39.30145323599092 ], [ -78.074602526390834, 39.301449463127724 ], [ -78.074605233249216, 39.301445365108407 ], [ -78.074605635992754, 39.301444879496451 ], [ -78.074616296867333, 39.301423896527922 ], [ -78.074637066767323, 39.301392451755213 ], [ -78.074661703543896, 39.301362740084812 ], [ -78.074683373841154, 39.30134151003675 ], [ -78.074703083622182, 39.301317740269113 ], [ -78.074704256291255, 39.301316591440937 ], [ -78.074694124481042, 39.301313484002925 ], [ -78.074653652330539, 39.301297346898615 ], [ -78.074653027305814, 39.301297033988483 ], [ -78.074626020525784, 39.301288751152804 ], [ -78.074608222749148, 39.301281654809394 ], [ -78.074577329223672, 39.301272179768461 ], [ -78.074559531684429, 39.301265083513712 ], [ -78.074548367233589, 39.301261659387571 ], [ -78.074541672295538, 39.301260176039037 ], [ -78.074499359266852, 39.301247198727353 ], [ -78.074458887202638, 39.301231061558212 ], [ -78.074454749176439, 39.301228990291484 ], [ -78.074439474629258, 39.301222899945401 ], [ -78.07440123326289, 39.301203758294363 ], [ -78.074365590807389, 39.301181796557266 ], [ -78.074332890696709, 39.301157226336692 ], [ -78.074323344117886, 39.301149312751846 ], [ -78.074313797537457, 39.301141399256281 ], [ -78.074284354586453, 39.301114457014734 ], [ -78.074258452471966, 39.301085402314271 ], [ -78.074236340416462, 39.301054514925063 ], [ -78.074218231537998, 39.301022092356682 ], [ -78.074204300194268, 39.300988446818401 ], [ -78.074194680481327, 39.300953902298623 ], [ -78.074189465079641, 39.300918791653032 ], [ -78.074188704253743, 39.30088345279578 ], [ -78.074189023638823, 39.300875787438493 ], [ -78.074192724646792, 39.300840560804922 ], [ -78.074200851892499, 39.30080578575209 ], [ -78.07421332707446, 39.300771796958983 ], [ -78.074230029986424, 39.300738921924356 ], [ -78.074230734016467, 39.300737856083749 ], [ -78.074234975152564, 39.300726301010144 ], [ -78.074251678042415, 39.300693425971389 ], [ -78.074272447865141, 39.300661981258393 ], [ -78.074274281518797, 39.300659769925076 ], [ -78.074277632590253, 39.300650639815565 ], [ -78.074294335440285, 39.300617764768894 ], [ -78.074315105219867, 39.300586320046357 ], [ -78.074317770853, 39.300583105275301 ], [ -78.074325609833124, 39.300571237373823 ], [ -78.074330942191892, 39.300564806597386 ], [ -78.074346619157765, 39.300541072118207 ], [ -78.074363591276494, 39.300520603828602 ], [ -78.074367867918312, 39.30051218641875 ], [ -78.074388637631557, 39.300480741680182 ], [ -78.074413274165906, 39.30045103005029 ], [ -78.074427270884925, 39.300437317560913 ], [ -78.074434828224582, 39.300404979741138 ], [ -78.07444593773775, 39.300374711245532 ], [ -78.074445971601904, 39.300374566338895 ], [ -78.074458446461293, 39.300340577507008 ], [ -78.074475149261204, 39.300307702429784 ], [ -78.074495918861331, 39.300276257667001 ], [ -78.074496321598403, 39.300275772055109 ], [ -78.07450698218608, 39.300254789174559 ], [ -78.07452775175517, 39.300223344404706 ], [ -78.074552388251121, 39.300193632741497 ], [ -78.074580654350314, 39.300165940361339 ], [ -78.074612277716767, 39.300140533912383 ], [ -78.074622462981708, 39.300133116571217 ], [ -78.074632648124918, 39.300125699316176 ], [ -78.074648629633117, 39.300115156372179 ], [ -78.074663203541704, 39.300103447545119 ], [ -78.074673388795901, 39.300096030199065 ], [ -78.074683573928397, 39.300088612939106 ], [ -78.074718250165958, 39.300065737071058 ], [ -78.074755645263224, 39.300045612219222 ], [ -78.074795399145316, 39.300028432018692 ], [ -78.074837128906395, 39.30001436205476 ], [ -78.074880432721727, 39.300003537799292 ], [ -78.074924893606223, 39.299996063444134 ], [ -78.07497008316183, 39.299992011004498 ], [ -78.075015566479351, 39.299991419541392 ], [ -78.075060905287813, 39.299994294700397 ], [ -78.075105663166283, 39.300000608842559 ], [ -78.075149409018309, 39.300010301131884 ], [ -78.075171992665759, 39.300017227467663 ], [ -78.075178687158711, 39.30001871067747 ], [ -78.075201270812059, 39.300025637007749 ], [ -78.075207965422351, 39.30002712021885 ], [ -78.075250277872755, 39.300040097342226 ], [ -78.075290749466276, 39.300056234219753 ], [ -78.0753289904914, 39.300075375477086 ], [ -78.075364632610558, 39.300097336909722 ], [ -78.075381596358611, 39.300110083048871 ], [ -78.075412684835271, 39.300129238676917 ], [ -78.075433847326906, 39.300145139584465 ], [ -78.075454054029365, 39.300155253869491 ], [ -78.075486894179349, 39.30017548877936 ], [ -78.075500054979713, 39.300168405883582 ], [ -78.075508302453713, 39.30015591910125 ], [ -78.07553293840617, 39.300126207210511 ], [ -78.075561204104417, 39.300098514576085 ], [ -78.075592827216411, 39.300073107848533 ], [ -78.075603012253254, 39.300065690504219 ], [ -78.075613197287936, 39.300058273158911 ], [ -78.075623382324224, 39.300050855722624 ], [ -78.075633567470462, 39.300043438378275 ], [ -78.075634252156632, 39.300042986695814 ], [ -78.075645612636308, 39.30002928552512 ], [ -78.075673878138304, 39.300001592766861 ], [ -78.075705501165544, 39.299976186005125 ], [ -78.075715093081584, 39.29996985809845 ], [ -78.07572773131244, 39.29995461578693 ], [ -78.075755996867187, 39.299926923008954 ], [ -78.075764321777385, 39.299920234525608 ], [ -78.075765402759515, 39.299918106764167 ], [ -78.075786171669662, 39.299886661742946 ], [ -78.07581080752233, 39.299856949787063 ], [ -78.075839073000054, 39.299829257075757 ], [ -78.075867842676686, 39.299806142565124 ], [ -78.07587967228072, 39.299782857794412 ], [ -78.075900441097119, 39.299751412748719 ], [ -78.075900843821529, 39.299750927131434 ], [ -78.075911503907747, 39.299729944101649 ], [ -78.075932272693109, 39.299698499048887 ], [ -78.075956908414824, 39.299668787056412 ], [ -78.07596185250155, 39.299663943027333 ], [ -78.07596795709722, 39.299637819161276 ], [ -78.075980431188484, 39.299603830222608 ], [ -78.075989345429448, 39.299586283664375 ], [ -78.075991254466786, 39.299581082007037 ], [ -78.076007956243572, 39.299548206669137 ], [ -78.076028724927937, 39.299516761594639 ], [ -78.076053360541493, 39.299487049576975 ], [ -78.076081625653273, 39.299459356793051 ], [ -78.076109472977834, 39.299436983140218 ], [ -78.076111161858208, 39.299434426082776 ], [ -78.076135797291059, 39.299404714041962 ], [ -78.076146632447944, 39.299394098376403 ], [ -78.076156486320272, 39.299382213874281 ], [ -78.076167320872642, 39.299371598641905 ], [ -78.076177175223933, 39.299359713609434 ], [ -78.076181026070088, 39.299355940775243 ], [ -78.076183732753961, 39.299351842621405 ], [ -78.07620836824168, 39.299322130565507 ], [ -78.07623663322417, 39.299294437738411 ], [ -78.076238921885448, 39.299292598961507 ], [ -78.076239241966078, 39.299292212882257 ], [ -78.076267507039887, 39.299264520049533 ], [ -78.076299129513501, 39.299239113102942 ], [ -78.076309314352997, 39.299231695688462 ], [ -78.076319499190348, 39.299224278272987 ], [ -78.076354174480372, 39.299201401877895 ], [ -78.076373109136526, 39.299191211275186 ], [ -78.076389584555258, 39.299158781156471 ], [ -78.076390288535976, 39.299157715300716 ], [ -78.076394529209679, 39.299146160128622 ], [ -78.076411230684954, 39.299113284719645 ], [ -78.076431999052232, 39.299081839559442 ], [ -78.076448970075191, 39.299061371191833 ], [ -78.076449115065969, 39.299061085661215 ], [ -78.07644760315722, 39.299057434423112 ], [ -78.076437982530194, 39.299022890137444 ], [ -78.076432766086953, 39.298987779455572 ], [ -78.076432004087096, 39.298952440651121 ], [ -78.076435703812024, 39.298917213889872 ], [ -78.076443829677629, 39.298882438530079 ], [ -78.076444928223907, 39.298879445120704 ], [ -78.07642377125083, 39.298871009563122 ], [ -78.076408816559535, 39.298863524165 ], [ -78.076406005796002, 39.298862662122019 ], [ -78.076365534593137, 39.298846525646127 ], [ -78.076350580137742, 39.298839040426707 ], [ -78.076347769148072, 39.298838178286566 ], [ -78.076307297857795, 39.298822041788462 ], [ -78.076269057211249, 39.29880290077503 ], [ -78.076233415420276, 39.298780939719499 ], [ -78.076200715693105, 39.298756369942978 ], [ -78.076191169200101, 39.29874845660305 ], [ -78.07618162271298, 39.2987405431724 ], [ -78.076152179965348, 39.298713601405154 ], [ -78.0761262778759, 39.298684547114682 ], [ -78.076104165666891, 39.29865366006721 ], [ -78.076086056457825, 39.298621237768998 ], [ -78.076072124609595, 39.298587592426721 ], [ -78.076064617210122, 39.298560635440978 ], [ -78.076058986479751, 39.298552770156959 ], [ -78.076040877318874, 39.298520347762988 ], [ -78.076026945509668, 39.298486702416376 ], [ -78.07601732515262, 39.298452158103643 ], [ -78.076012108945676, 39.298417047409394 ], [ -78.076011666598205, 39.298396525076662 ], [ -78.076010012838438, 39.29839058695962 ], [ -78.076004796634081, 39.298355476355006 ], [ -78.07600456009834, 39.298344505108631 ], [ -78.076002381255819, 39.298336681275202 ], [ -78.075997165177199, 39.298301570583192 ], [ -78.075996403382817, 39.298266231780772 ], [ -78.07599768001873, 39.298235570198216 ], [ -78.076001379900617, 39.298200343453786 ], [ -78.07600950575862, 39.29816556812267 ], [ -78.076021979523958, 39.298131579161463 ], [ -78.076038680899387, 39.298098703798495 ], [ -78.07605944910091, 39.298067258695063 ], [ -78.076069083053696, 39.298055639285394 ], [ -78.076070192534345, 39.298053455392456 ], [ -78.076090960707447, 39.298022010282146 ], [ -78.076096291849268, 39.29801558037844 ], [ -78.076111968345884, 39.297991844635831 ], [ -78.076136603349795, 39.297962132572295 ], [ -78.076149126504163, 39.297949862748155 ], [ -78.076153904142629, 39.297940458268343 ], [ -78.076174672246296, 39.297909013049875 ], [ -78.076182411850937, 39.297899678241322 ], [ -78.076188451257721, 39.297887790195247 ], [ -78.076190360103155, 39.297882588708099 ], [ -78.076207061450518, 39.297849713317454 ], [ -78.076227829497839, 39.297818268177146 ], [ -78.076252464272898, 39.297788556081244 ], [ -78.076259388448292, 39.2977817719038 ], [ -78.07628002924217, 39.297750519400971 ], [ -78.076289662873677, 39.297738900143649 ], [ -78.076290772465285, 39.297736716070979 ], [ -78.076311540439434, 39.29770527091253 ], [ -78.076336175253346, 39.297675558798467 ], [ -78.076340025993218, 39.297671785954272 ], [ -78.076342732596956, 39.297667687792895 ], [ -78.076367367383881, 39.297637975671066 ], [ -78.076395631586351, 39.297610282770485 ], [ -78.076427253233064, 39.297584875753003 ], [ -78.076434023823509, 39.297579944637953 ], [ -78.076435351441575, 39.297577934503224 ], [ -78.076437184822993, 39.297575723216234 ], [ -78.07643917013155, 39.297570313566638 ], [ -78.076439204001133, 39.297570168389178 ], [ -78.076451677437461, 39.297536179367029 ], [ -78.076468378456397, 39.297503303926518 ], [ -78.076489146281105, 39.297471858639661 ], [ -78.076513780930327, 39.297442146571001 ], [ -78.076517631527864, 39.29743837380704 ], [ -78.076520338234957, 39.297434275463587 ], [ -78.076544972745126, 39.297404563294258 ], [ -78.076550360096022, 39.297399284812826 ], [ -78.076562033660167, 39.297381609446923 ], [ -78.076586668249178, 39.297351897270076 ], [ -78.076590518957261, 39.297348124416217 ], [ -78.07659322553306, 39.297344026247799 ], [ -78.076617860095098, 39.297314314063186 ], [ -78.076623247433375, 39.29730903557784 ], [ -78.076634920963187, 39.297291360203118 ], [ -78.07665955537243, 39.297261648005176 ], [ -78.076670389862954, 39.297251032446134 ], [ -78.076680243568731, 39.297239147616999 ], [ -78.076708507482053, 39.29721145462802 ], [ -78.076725092154348, 39.297198129202684 ], [ -78.076727857988416, 39.297193941263345 ], [ -78.076730523499251, 39.297190726249248 ], [ -78.076738361543534, 39.297178858326539 ], [ -78.076741027292414, 39.297175643138004 ], [ -78.076748865090238, 39.297163775478587 ], [ -78.076773499520399, 39.297134063255342 ], [ -78.076801763353444, 39.297106370240286 ], [ -78.076833384621594, 39.297080963096342 ], [ -78.076840155249968, 39.297076031957289 ], [ -78.076841482726692, 39.297074021904038 ], [ -78.076866117085018, 39.297044309658112 ], [ -78.076894380848302, 39.297016616527436 ], [ -78.07690275951208, 39.297009884352342 ], [ -78.07691767752236, 39.296991891304941 ], [ -78.076945941239941, 39.296964198249945 ], [ -78.076948229803719, 39.296962359454874 ], [ -78.076948549869144, 39.296961973372994 ], [ -78.076976813678058, 39.296934280312371 ], [ -78.07700843480437, 39.296908873114866 ], [ -78.077018619219274, 39.296901455620123 ], [ -78.077028803632032, 39.296894038124393 ], [ -78.077038988042631, 39.296886620627689 ], [ -78.077049172454835, 39.296879203040014 ], [ -78.077083846310543, 39.296856326456762 ], [ -78.077121239128928, 39.296836200657445 ], [ -78.077121402527709, 39.296836130082077 ], [ -78.077121591429673, 39.296835321355765 ], [ -78.077134064387323, 39.296801332239333 ], [ -78.077150764896402, 39.296768456678578 ], [ -78.077171532300824, 39.296737011249604 ], [ -78.077196166280771, 39.296707298919628 ], [ -78.077224429886897, 39.296679605790224 ], [ -78.077256050691474, 39.296654198513799 ], [ -78.077266235158731, 39.296646780997641 ], [ -78.077300908831916, 39.296623904251867 ], [ -78.077338301344852, 39.296603778462121 ], [ -78.077354562479599, 39.296596750173379 ], [ -78.077355170030756, 39.296595830169082 ], [ -78.077379803997914, 39.296566117797681 ], [ -78.07740806735822, 39.296538424615278 ], [ -78.0774244718109, 39.296525243649107 ], [ -78.077431694411246, 39.296518166729975 ], [ -78.077441548001048, 39.296506281739227 ], [ -78.077469811428173, 39.296478588542648 ], [ -78.077498579150557, 39.296455473545059 ], [ -78.077510407589884, 39.296432188555166 ], [ -78.077531174608723, 39.296400743137653 ], [ -78.077555808314258, 39.296371030719797 ], [ -78.077584071640246, 39.296343337491138 ], [ -78.077615692277448, 39.296317930107946 ], [ -78.077625876541831, 39.296310512553724 ], [ -78.077635467653451, 39.296304184546869 ], [ -78.077648104893839, 39.296288941800668 ], [ -78.077653491954536, 39.296283663347971 ], [ -78.077665165167986, 39.296265987673856 ], [ -78.07768979888354, 39.296236275226015 ], [ -78.077718062101113, 39.296208581960201 ], [ -78.07772035062348, 39.296206743058043 ], [ -78.077720670677337, 39.296206357063703 ], [ -78.077748933754577, 39.296178663786428 ], [ -78.077780554256989, 39.296153256352731 ], [ -78.077800922700604, 39.296138421210934 ], [ -78.077811575952339, 39.296131392338729 ], [ -78.077821291255205, 39.296123585978108 ], [ -78.077831475469509, 39.296116168403785 ], [ -78.077841659681667, 39.296108750828459 ], [ -78.077851843891665, 39.29610133325216 ], [ -78.07786202821535, 39.296093915677794 ], [ -78.077872212424808, 39.296086498009537 ], [ -78.077882396628368, 39.296079080430303 ], [ -78.077892580829797, 39.296071662850068 ], [ -78.07790276502908, 39.296064245268866 ], [ -78.077937438206959, 39.29604136831265 ], [ -78.07797483034517, 39.296021242300782 ], [ -78.078014581166741, 39.296004060873798 ], [ -78.078056307911197, 39.29598998963165 ], [ -78.078099608782807, 39.295979164058529 ], [ -78.078106411677538, 39.295978020130498 ], [ -78.078129523474544, 39.295972241944796 ], [ -78.07814682177694, 39.295969333261901 ], [ -78.078149416803285, 39.295944617606487 ], [ -78.078157541391363, 39.295909842066592 ], [ -78.078170013661861, 39.295875852809274 ], [ -78.07817135047398, 39.295873221113382 ], [ -78.07817265528098, 39.295860793697095 ], [ -78.078180779845368, 39.295826018154337 ], [ -78.078193251971513, 39.295792028890219 ], [ -78.078202530709262, 39.295773762412949 ], [ -78.078202742561729, 39.295772855887542 ], [ -78.078215214785899, 39.29573886653295 ], [ -78.078216551593442, 39.295736234836333 ], [ -78.078217856388406, 39.295723807418888 ], [ -78.078225980910517, 39.295689031870822 ], [ -78.078238452986596, 39.295655042599414 ], [ -78.078255152797894, 39.295622166847586 ], [ -78.078275919229071, 39.295590721271694 ], [ -78.078278584605741, 39.295587506216371 ], [ -78.078286422198801, 39.295575638169886 ], [ -78.078311055283237, 39.295545925565456 ], [ -78.078339317970119, 39.295518232126085 ], [ -78.078370937956365, 39.29549282451007 ], [ -78.078381122019891, 39.295485406881262 ], [ -78.078391306081286, 39.295477989251467 ], [ -78.07840690007157, 39.295467700342229 ], [ -78.078409587905355, 39.295463630214698 ], [ -78.078434221012813, 39.295433917583132 ], [ -78.078462483489275, 39.295406224106912 ], [ -78.078470861807816, 39.295399491804311 ], [ -78.0784857790606, 39.295381498523376 ], [ -78.078507446285926, 39.29536026763062 ], [ -78.078527153006206, 39.295336497081593 ], [ -78.078537986674405, 39.295325881407834 ], [ -78.078547839902754, 39.295313996307861 ], [ -78.078576102400689, 39.295286302802921 ], [ -78.078581424804867, 39.295282026054416 ], [ -78.078585267774685, 39.295276206731842 ], [ -78.078609900623562, 39.295246494054048 ], [ -78.078613751104484, 39.29524272112355 ], [ -78.078616457476258, 39.295238622899262 ], [ -78.078641090413967, 39.295208910216616 ], [ -78.078662757537572, 39.295187679290578 ], [ -78.078682464154809, 39.295163908710812 ], [ -78.078686314630943, 39.295160135687574 ], [ -78.078689020991334, 39.295156037551244 ], [ -78.078713653752317, 39.295126324847701 ], [ -78.078741916107163, 39.295098631296398 ], [ -78.078750294002916, 39.295091899232197 ], [ -78.078765211362622, 39.295073905555284 ], [ -78.078769061829234, 39.295070132528885 ], [ -78.078771768181113, 39.295066034390267 ], [ -78.078796400990029, 39.295036321669194 ], [ -78.078824663275014, 39.295008628094806 ], [ -78.078833041267728, 39.295001896026761 ], [ -78.078847958466767, 39.294983902424562 ], [ -78.078876220709802, 39.294956208835856 ], [ -78.078878509160361, 39.294954369907884 ], [ -78.078878829201912, 39.294953983909828 ], [ -78.078907091304629, 39.294926290309682 ], [ -78.078915469522343, 39.2949195579708 ], [ -78.078930386555058, 39.294901564623409 ], [ -78.078958648619562, 39.294873870918963 ], [ -78.078960937300621, 39.294872031904987 ], [ -78.078961257102222, 39.294871646080836 ], [ -78.078972090627403, 39.294861030450711 ], [ -78.078981943833924, 39.294849145220816 ], [ -78.078985794276235, 39.294845372186224 ], [ -78.078988500606314, 39.294841274041616 ], [ -78.079013133125699, 39.294811561264304 ], [ -78.079020056971956, 39.294804776724185 ], [ -78.079040695369926, 39.294773523812388 ], [ -78.079065327842343, 39.294743811021981 ], [ -78.079093589900324, 39.294716117372595 ], [ -78.079109993006242, 39.294702936572506 ], [ -78.079134644275584, 39.29467878107998 ], [ -78.079151047365002, 39.294665600273404 ], [ -78.079175698606846, 39.29464144477101 ], [ -78.07920662773266, 39.294616591343193 ], [ -78.079220341551647, 39.294603153374766 ], [ -78.079240047809492, 39.29457938268515 ], [ -78.079243898219019, 39.294575609730771 ], [ -78.079246604526759, 39.294571511489046 ], [ -78.079271236954327, 39.294541798651089 ], [ -78.079299498732041, 39.294514104941783 ], [ -78.079331117911977, 39.294488697030765 ], [ -78.079341301730707, 39.294481279217457 ], [ -78.079351485543555, 39.294473861493145 ], [ -78.079359107898526, 39.294468832040337 ], [ -78.079381288233066, 39.294447097576743 ], [ -78.079397871377083, 39.294433771982241 ] ], [ [ -78.072643324091132, 39.290289794787626 ], [ -78.072673701719424, 39.29029911344486 ], [ -78.072714167187556, 39.290315251009361 ], [ -78.072729119466615, 39.290322736623224 ], [ -78.072731930071882, 39.290323598837468 ], [ -78.07277239556845, 39.290339736382684 ], [ -78.072810630722756, 39.290358878361289 ], [ -78.072846267261241, 39.290380840382767 ], [ -78.072878962039923, 39.290405410852735 ], [ -78.072908400193157, 39.290432353304162 ], [ -78.072934298189267, 39.290461408185777 ], [ -78.072936995473782, 39.290465176587162 ], [ -78.07293963489802, 39.290461180138252 ], [ -78.072964268245514, 39.290431468661644 ], [ -78.072992530779715, 39.290403776412852 ], [ -78.073024150191543, 39.290378370217852 ], [ -78.073034334015233, 39.290370953045098 ], [ -78.073069005761525, 39.29034807747535 ], [ -78.073106395947775, 39.290327952947791 ], [ -78.07312229531702, 39.290321081078403 ], [ -78.073136628104507, 39.290313366679946 ], [ -78.07317637668416, 39.290296186905607 ], [ -78.073184332365045, 39.290293504232579 ], [ -78.073147476446991, 39.290278806315023 ], [ -78.07310924123243, 39.290259664535142 ], [ -78.073073604665794, 39.29023770259311 ], [ -78.073040909893791, 39.290213132087651 ], [ -78.073011471770528, 39.290186189760426 ], [ -78.072985573955407, 39.29015713481035 ], [ -78.072963465618272, 39.290126247279048 ], [ -78.072945359845107, 39.290093824587508 ], [ -78.072939844135234, 39.290080501243047 ], [ -78.072933230832689, 39.290093519411101 ], [ -78.072912463847189, 39.290124964029658 ], [ -78.07288783047828, 39.290154675496957 ], [ -78.072859568126603, 39.290182367726459 ], [ -78.072827948754437, 39.290207773788538 ], [ -78.072793277006213, 39.290230649286521 ], [ -78.072755886786283, 39.290250773802242 ], [ -78.0727161381391, 39.290267953430025 ], [ -78.072674413916459, 39.290282022855116 ], [ -78.072643324091132, 39.290289794787626 ] ], [ [ -78.074395679389568, 39.290338442046881 ], [ -78.074399692035541, 39.29033054281679 ], [ -78.074400552627409, 39.290328197910597 ], [ -78.074379467384759, 39.290333469162675 ], [ -78.074395679389568, 39.290338442046881 ] ], [ [ -78.075602766035928, 39.291131480238057 ], [ -78.075609833960925, 39.291126332231194 ], [ -78.075644505304197, 39.291103455878364 ], [ -78.075681895223255, 39.29108333042209 ], [ -78.075721643681902, 39.291066149772405 ], [ -78.07575757059584, 39.291054034322514 ], [ -78.07574324003987, 39.291054220827441 ], [ -78.075703781722154, 39.291053228961559 ], [ -78.075658448624466, 39.291050354265565 ], [ -78.075613696340227, 39.291044040540427 ], [ -78.07560377824592, 39.291041842937531 ], [ -78.075576745617539, 39.291053527365278 ], [ -78.075535021427555, 39.291067597819435 ], [ -78.075491723296935, 39.291078422544281 ], [ -78.075454590845538, 39.291084666093695 ], [ -78.075474803343539, 39.291090865830064 ], [ -78.075515269961457, 39.291107002459007 ], [ -78.075523544585124, 39.291111144691882 ], [ -78.075554090051995, 39.291123325148945 ], [ -78.075563071501676, 39.291127821257 ], [ -78.07558806492402, 39.29112940616924 ], [ -78.075602766035928, 39.291131480238057 ] ], [ [ -78.077088490028089, 39.291690700471989 ], [ -78.077091300200337, 39.291693030065801 ], [ -78.077100845889305, 39.291700943307937 ], [ -78.077110391696237, 39.291708856552283 ], [ -78.077139831939959, 39.291735798005604 ], [ -78.077165732189783, 39.291764852112806 ], [ -78.077187842896933, 39.29179573892624 ], [ -78.077205951060847, 39.291828161038929 ], [ -78.077219882320989, 39.291861806249393 ], [ -78.077222089893269, 39.291869733214781 ], [ -78.077228197038053, 39.291865284808367 ], [ -78.077238380665946, 39.29185786726039 ], [ -78.077248564291693, 39.291850449711433 ], [ -78.077268931652554, 39.291835614613504 ], [ -78.077303602850648, 39.291812737761127 ], [ -78.077340992717708, 39.291792611769701 ], [ -78.077380741218036, 39.291775430554402 ], [ -78.077422465508846, 39.291761359441189 ], [ -78.077453628060979, 39.291753568149709 ], [ -78.077431394689214, 39.291744702798773 ], [ -78.07739315744891, 39.291725562268176 ], [ -78.07735751874084, 39.291703601655811 ], [ -78.077324821743503, 39.291679032278545 ], [ -78.07729538133249, 39.291652090867153 ], [ -78.077269481062174, 39.291623036877894 ], [ -78.077247370483619, 39.291592150082778 ], [ -78.07722926235428, 39.291559727976967 ], [ -78.077223745720786, 39.291546404803796 ], [ -78.07721713304251, 39.291559423237359 ], [ -78.077196367453809, 39.29159086867012 ], [ -78.077171735288559, 39.291620581087471 ], [ -78.077143473823767, 39.291648274300819 ], [ -78.077111855348264, 39.291673681648867 ], [ -78.077101671619815, 39.291681099183549 ], [ -78.077091488005024, 39.29168851672015 ], [ -78.077088490028089, 39.291690700471989 ] ], [ [ -78.072064946440491, 39.294977808792304 ], [ -78.072068116642683, 39.294947639041922 ], [ -78.072076243951699, 39.294912864117961 ], [ -78.072088718923098, 39.294878875522166 ], [ -78.072105421236785, 39.294846000748478 ], [ -78.072126190219308, 39.294814556365424 ], [ -78.072128023535086, 39.294812345234945 ], [ -78.072131374678619, 39.294803215002254 ], [ -78.072148076952502, 39.294770340220644 ], [ -78.072168845776062, 39.294738895825141 ], [ -78.072174177606982, 39.294732465396926 ], [ -78.072189854101296, 39.294708730902151 ], [ -78.072214489359041, 39.294679019671378 ], [ -78.072218340137539, 39.294675246964168 ], [ -78.072219644677759, 39.294673271790579 ], [ -78.072225538747929, 39.294648052141355 ], [ -78.07223664813479, 39.294617783832372 ], [ -78.072236681996188, 39.294617639016316 ], [ -78.072249156713752, 39.294583650393974 ], [ -78.072265858990676, 39.294550775593237 ], [ -78.072286627691682, 39.294519331171216 ], [ -78.072299183798847, 39.29450418786827 ], [ -78.072300984559163, 39.29449648268092 ], [ -78.072313459332904, 39.294462494142003 ], [ -78.072330161432092, 39.294429619326287 ], [ -78.072350930065767, 39.294398174889785 ], [ -78.072351332665136, 39.294397689281269 ], [ -78.072361992999063, 39.29437670648241 ], [ -78.07237112642413, 39.294362878043628 ], [ -78.072375533087083, 39.294354204524758 ], [ -78.072376076261463, 39.294352724486551 ], [ -78.0723761104028, 39.294352578506391 ], [ -78.07238858511073, 39.294318589956333 ], [ -78.072399941705413, 39.294296236548064 ], [ -78.072402370884092, 39.294273117776306 ], [ -78.072410498049607, 39.294238342729216 ], [ -78.072422972717348, 39.294204354173502 ], [ -78.072439674697264, 39.294171479336541 ], [ -78.072460443199517, 39.29414003487453 ], [ -78.072485078247496, 39.294110323574976 ], [ -78.072505443450339, 39.294090370624168 ], [ -78.072512324027599, 39.294079953141406 ], [ -78.072517055543685, 39.294074246650467 ], [ -78.072517408295894, 39.294065783254275 ], [ -78.072521109567504, 39.294030556656068 ], [ -78.072529236635361, 39.293995781686128 ], [ -78.072541711199719, 39.293961793022667 ], [ -78.072549194912114, 39.293947062646183 ], [ -78.072539376364588, 39.293953540177306 ], [ -78.072501984027269, 39.293973664522738 ], [ -78.072486083043046, 39.293980536612594 ], [ -78.072471750128756, 39.293988250463251 ], [ -78.072431999240806, 39.294005429991991 ], [ -78.072390272699181, 39.29401949922147 ], [ -78.072362636342675, 39.294026407292435 ], [ -78.072361986055995, 39.294026688299304 ], [ -78.072333974287318, 39.294036133182786 ], [ -78.072333566586252, 39.294036532631225 ], [ -78.072316982262379, 39.294049857171863 ], [ -78.072314216064356, 39.294054045267131 ], [ -78.072289908244329, 39.294083361812845 ], [ -78.072282464622205, 39.294098013184502 ], [ -78.072261696055804, 39.294129457612392 ], [ -78.072261293214623, 39.294129943484798 ], [ -78.072250633020303, 39.294150926008406 ], [ -78.072229864422866, 39.294182370429226 ], [ -78.072205229358858, 39.294212081672271 ], [ -78.072176964902653, 39.294239773554466 ], [ -78.072146034064318, 39.294264624497693 ], [ -78.072125722744516, 39.294284524327601 ], [ -78.07209410117494, 39.294309930184895 ], [ -78.072083916659579, 39.294317347245666 ], [ -78.072073732138335, 39.294324764395427 ], [ -78.072063547618697, 39.294332181454223 ], [ -78.072043178457164, 39.294347015565947 ], [ -78.072021871429783, 39.294361072142678 ], [ -78.072002440220402, 39.29437668387051 ], [ -78.071992255685757, 39.294384100922436 ], [ -78.071982071148938, 39.294391517973388 ], [ -78.071971886606235, 39.294398935113321 ], [ -78.071937212443245, 39.294421810163207 ], [ -78.071899819687502, 39.29444193429768 ], [ -78.071860068407901, 39.294459113614735 ], [ -78.071844319909758, 39.294464423495889 ], [ -78.071840018735514, 39.294466282337879 ], [ -78.071798291808733, 39.294480351339139 ], [ -78.071776633872972, 39.294485764881287 ], [ -78.071758387036382, 39.294507771190808 ], [ -78.071730122284308, 39.294535462952005 ], [ -78.071698500459533, 39.2945608686911 ], [ -78.071688315866467, 39.294568285713986 ], [ -78.071653641525472, 39.29459116076206 ], [ -78.071616248600861, 39.29461128479835 ], [ -78.071576497163136, 39.294628463921789 ], [ -78.071534770090992, 39.294642532822486 ], [ -78.071491469192935, 39.294653356035376 ], [ -78.071447011448441, 39.294660829106952 ], [ -78.071422516591255, 39.294663025197913 ], [ -78.07139736661702, 39.294667252794895 ], [ -78.071352180277302, 39.294671303877244 ], [ -78.071306700584671, 39.294671894038949 ], [ -78.071279483675923, 39.294671208830515 ], [ -78.071258685810633, 39.294687918127629 ], [ -78.07124850115423, 39.294695335109388 ], [ -78.07121382661272, 39.29471821001809 ], [ -78.071197283331315, 39.294727113129277 ], [ -78.071196130723806, 39.294732044488072 ], [ -78.071183655356663, 39.294766032973534 ], [ -78.071166952640851, 39.294798907599642 ], [ -78.071146183360142, 39.294830351798296 ], [ -78.071141451681285, 39.294836058226686 ], [ -78.07114141840259, 39.294836856266976 ], [ -78.071137716377265, 39.294872082699349 ], [ -78.071129588493733, 39.294906857627673 ], [ -78.071117113062229, 39.294940846012729 ], [ -78.071116766985483, 39.294941527264193 ], [ -78.071118088631621, 39.294943010015359 ], [ -78.07114019740402, 39.294973897898956 ], [ -78.071158303444108, 39.295006320863955 ], [ -78.071172232296021, 39.295039966697772 ], [ -78.071172686558157, 39.295041598232167 ], [ -78.071174738657575, 39.295043299543252 ], [ -78.071185017758594, 39.295051821520687 ], [ -78.071202497920169, 39.295060572541587 ], [ -78.071238136220188, 39.295082535111518 ], [ -78.071270832491464, 39.295107106167713 ], [ -78.071280377934769, 39.295115019876512 ], [ -78.07128992338022, 39.295122933584622 ], [ -78.071319362764115, 39.29514987647093 ], [ -78.071345261583446, 39.295178931723896 ], [ -78.071367370642193, 39.295209819572662 ], [ -78.071385476843474, 39.295242242507385 ], [ -78.071389043379654, 39.295250857626016 ], [ -78.071404274135816, 39.295272135940529 ], [ -78.071414451655116, 39.295290360881502 ], [ -78.071419388191842, 39.295295899026037 ], [ -78.071441497317721, 39.295326786862795 ], [ -78.071459603580777, 39.295359209787819 ], [ -78.07147353263511, 39.295392855681833 ], [ -78.071475004439378, 39.29539814210532 ], [ -78.071482438903061, 39.295416100067861 ], [ -78.071492056677783, 39.295450644761935 ], [ -78.071497270486546, 39.295485755491235 ], [ -78.071497961519299, 39.295517905751502 ], [ -78.071525416836451, 39.295534825275176 ], [ -78.071542723691493, 39.29554783112556 ], [ -78.071550406756728, 39.29554591077158 ], [ -78.071594864943364, 39.29553843767922 ], [ -78.07164005184012, 39.295534386433545 ], [ -78.071685532097405, 39.295533796162438 ], [ -78.071695397356805, 39.295534044496328 ], [ -78.071720668793418, 39.295535647887334 ], [ -78.071721196106409, 39.295534610043482 ], [ -78.071721900116486, 39.295533544216696 ], [ -78.071726141292046, 39.295521989229321 ], [ -78.071742843944136, 39.29548911452305 ], [ -78.071763613293328, 39.295457670221076 ], [ -78.071764015899404, 39.295457184705036 ], [ -78.07177467659001, 39.295436201886055 ], [ -78.071775380601935, 39.295435135968887 ], [ -78.071779621758111, 39.295423581068817 ], [ -78.07179632435934, 39.295390706352549 ], [ -78.071817093653308, 39.295359262038566 ], [ -78.071826727647732, 39.295347643162366 ], [ -78.071827837333146, 39.295345459135333 ], [ -78.07184860648286, 39.295314014811552 ], [ -78.07184900933413, 39.295313528941037 ], [ -78.071859669844457, 39.295292546469057 ], [ -78.071859712285743, 39.295292482315453 ], [ -78.071863602818539, 39.295275835692124 ], [ -78.071876077966934, 39.295241847127286 ], [ -78.071892780475295, 39.295208972392963 ], [ -78.071913549552463, 39.295177528054317 ], [ -78.07191538312405, 39.295175316753777 ], [ -78.071918734191811, 39.295166186706481 ], [ -78.071935436660368, 39.2951333119642 ], [ -78.071956205694391, 39.295101867616019 ], [ -78.071958871327794, 39.295098652805557 ], [ -78.071966709906974, 39.295086785132433 ], [ -78.071991345514718, 39.295057073962099 ], [ -78.072019610390583, 39.295029382143561 ], [ -78.072051232210413, 39.295003976319556 ], [ -78.072056798905322, 39.294999922318716 ], [ -78.072064834666094, 39.294978028760468 ], [ -78.072064946440491, 39.294977808792304 ] ] ] } }
]
}
