{
"type": "FeatureCollection",
"name": "exposed_roads",
"crs": { "type": "name", "properties": { "name": "urn:ogc:def:crs:OGC:1.3:CRS84" } },
"features": [
{ "type": "Feature", "properties": { "element": "node", "id": 154567357, "highway": "turning_circle", "ref": null, "noref": null, "traffic_signals": null, "name": null, "crossing": null, "crossing:markings": null, "direction": null, "tiger:cfcc": null, "tiger:county": null, "service": null, "source:name": null, "tiger:reviewed": null, "access": null, "tiger:name_base": null, "tiger:name_type": null, "tiger:zip_left": null, "tiger:zip_right": null, "name_1": null, "tiger:name_base_1": null, "tiger:name_type_1": null, "bicycle": null, "foot": null, "hgv": null, "hgv:national_network": null, "horse": null, "lanes": null, "maxspeed": null, "oneway": null, "source:hgv:national_network": null, "surface": null, "tiger:separated": null, "tiger:source": null, "tiger:tlid": null, "tiger:upload_uuid": null, "destination": null, "destination:ref": null, "destination:ref:to": null, "start_date": null, "source:geometry": null, "maxheight:signed": null, "bridge": null, "layer": null, "emergency": null, "tunnel": null, "addr:city": null, "addr:housenumber": null, "addr:postcode": null, "addr:state": null, "addr:street": null, "area": null, "brand": null, "brand:wikidata": null, "check_date": null, "email": null, "fax": null, "phone": null, "website": null, "construction": null, "source": null, "motor_vehicle": null, "fixme": null, "footway": null, "informal": null, "cycleway": null, "covered": null }, "geometry": { "type": "Point", "coordinates": [ -78.0725116, 39.2910536 ] } },
{ "type": "Feature", "properties": { "element": "node", "id": 211388128, "highway": "traffic_signals", "ref": null, "noref": null, "traffic_signals": "signal", "name": null, "crossing": null, "crossing:markings": null, "direction": null, "tiger:cfcc": null, "tiger:county": null, "service": null, "source:name": null, "tiger:reviewed": null, "access": null, "tiger:name_base": null, "tiger:name_type": null, "tiger:zip_left": null, "tiger:zip_right": null, "name_1": null, "tiger:name_base_1": null, "tiger:name_type_1": null, "bicycle": null, "foot": null, "hgv": null, "hgv:national_network": null, "horse": null, "lanes": null, "maxspeed": null, "oneway": null, "source:hgv:national_network": null, "surface": null, "tiger:separated": null, "tiger:source": null, "tiger:tlid": null, "tiger:upload_uuid": null, "destination": null, "destination:ref": null, "destination:ref:to": null, "start_date": null, "source:geometry": null, "maxheight:signed": null, "bridge": null, "layer": null, "emergency": null, "tunnel": null, "addr:city": null, "addr:housenumber": null, "addr:postcode": null, "addr:state": null, "addr:street": null, "area": null, "brand": null, "brand:wikidata": null, "check_date": null, "email": null, "fax": null, "phone": null, "website": null, "construction": null, "source": null, "motor_vehicle": null, "fixme": null, "footway": null, "informal": null, "cycleway": null, "covered": null }, "geometry": { "type": "Point", "coordinates": [ -78.0827025, 39.2904842 ] } },
{ "type": "Feature", "properties": { "element": "node", "id": 7984498631, "highway": "crossing", "ref": null, "noref": null, "traffic_signals": null, "name": null, "crossing": "uncontrolled", "crossing:markings": "ladder", "direction": null, "tiger:cfcc": null, "tiger:county": null, "service": null, "source:name": null, "tiger:reviewed": null, "access": null, "tiger:name_base": null, "tiger:name_type": null, "tiger:zip_left": null, "tiger:zip_right": null, "name_1": null, "tiger:name_base_1": null, "tiger:name_type_1": null, "bicycle": null, "foot": null, "hgv": null, "hgv:national_network": null, "horse": null, "lanes": null, "maxspeed": null, "oneway": null, "source:hgv:national_network": null, "surface": null, "tiger:separated": null, "tiger:source": null, "tiger:tlid": null, "tiger:upload_uuid": null, "destination": null, "destination:ref": null, "destination:ref:to": null, "start_date": null, "source:geometry": null, "maxheight:signed": null, "bridge": null, "layer": null, "emergency": null, "tunnel": null, "addr:city": null, "addr:housenumber": null, "addr:postcode": null, "addr:state": null, "addr:street": null, "area": null, "brand": null, "brand:wikidata": null, "check_date": null, "email": null, "fax": null, "phone": null, "website": null, "construction": null, "source": null, "motor_vehicle": null, "fixme": null, "footway": null, "informal": null, "cycleway": null, "covered": null }, "geometry": { "type": "Point", "coordinates": [ -78.0810462, 39.2867052 ] } },
{ "type": "Feature", "properties": { "element": "node", "id": 10692408183, "highway": "crossing", "ref": null, "noref": null, "traffic_signals": null, "name": null, "crossing": "traffic_signals", "crossing:markings": "lines", "direction": null, "tiger:cfcc": null, "tiger:county": null, "service": null, "source:name": null, "tiger:reviewed": null, "access": null, "tiger:name_base": null, "tiger:name_type": null, "tiger:zip_left": null, "tiger:zip_right": null, "name_1": null, "tiger:name_base_1": null, "tiger:name_type_1": null, "bicycle": null, "foot": null, "hgv": null, "hgv:national_network": null, "horse": null, "lanes": null, "maxspeed": null, "oneway": null, "source:hgv:national_network": null, "surface": null, "tiger:separated": null, "tiger:source": null, "tiger:tlid": null, "tiger:upload_uuid": null, "destination": null, "destination:ref": null, "destination:ref:to": null, "start_date": null, "source:geometry": null, "maxheight:signed": null, "bridge": null, "layer": null, "emergency": null, "tunnel": null, "addr:city": null, "addr:housenumber": null, "addr:postcode": null, "addr:state": null, "addr:street": null, "area": null, "brand": null, "brand:wikidata": null, "check_date": null, "email": null, "fax": null, "phone": null, "website": null, "construction": null, "source": null, "motor_vehicle": null, "fixme": null, "footway": null, "informal": null, "cycleway": null, "covered": null }, "geometry": { "type": "Point", "coordinates": [ -78.0825456, 39.290411099999986 ] } },
{ "type": "Feature", "properties": { "element": "node", "id": 10692408184, "highway": "crossing", "ref": null, "noref": null, "traffic_signals": null, "name": null, "crossing": "traffic_signals", "crossing:markings": "lines", "direction": null, "tiger:cfcc": null, "tiger:county": null, "service": null, "source:name": null, "tiger:reviewed": null, "access": null, "tiger:name_base": null, "tiger:name_type": null, "tiger:zip_left": null, "tiger:zip_right": null, "name_1": null, "tiger:name_base_1": null, "tiger:name_type_1": null, "bicycle": null, "foot": null, "hgv": null, "hgv:national_network": null, "horse": null, "lanes": null, "maxspeed": null, "oneway": null, "source:hgv:national_network": null, "surface": null, "tiger:separated": null, "tiger:source": null, "tiger:tlid": null, "tiger:upload_uuid": null, "destination": null, "destination:ref": null, "destination:ref:to": null, "start_date": null, "source:geometry": null, "maxheight:signed": null, "bridge": null, "layer": null, "emergency": null, "tunnel": null, "addr:city": null, "addr:housenumber": null, "addr:postcode": null, "addr:state": null, "addr:street": null, "area": null, "brand": null, "brand:wikidata": null, "check_date": null, "email": null, "fax": null, "phone": null, "website": null, "construction": null, "source": null, "motor_vehicle": null, "fixme": null, "footway": null, "informal": null, "cycleway": null, "covered": null }, "geometry": { "type": "Point", "coordinates": [ -78.0825155, 39.2904683 ] } },
{ "type": "Feature", "properties": { "element": "node", "id": 10692425477, "highway": "crossing", "ref": null, "noref": null, "traffic_signals": null, "name": null, "crossing": "unmarked", "crossing:markings": "no", "direction": null, "tiger:cfcc": null, "tiger:county": null, "service": null, "source:name": null, "tiger:reviewed": null, "access": null, "tiger:name_base": null, "tiger:name_type": null, "tiger:zip_left": null, "tiger:zip_right": null, "name_1": null, "tiger:name_base_1": null, "tiger:name_type_1": null, "bicycle": null, "foot": null, "hgv": null, "hgv:national_network": null, "horse": null, "lanes": null, "maxspeed": null, "oneway": null, "source:hgv:national_network": null, "surface": null, "tiger:separated": null, "tiger:source": null, "tiger:tlid": null, "tiger:upload_uuid": null, "destination": null, "destination:ref": null, "destination:ref:to": null, "start_date": null, "source:geometry": null, "maxheight:signed": null, "bridge": null, "layer": null, "emergency": null, "tunnel": null, "addr:city": null, "addr:housenumber": null, "addr:postcode": null, "addr:state": null, "addr:street": null, "area": null, "brand": null, "brand:wikidata": null, "check_date": null, "email": null, "fax": null, "phone": null, "website": null, "construction": null, "source": null, "motor_vehicle": null, "fixme": null, "footway": null, "informal": null, "cycleway": null, "covered": null }, "geometry": { "type": "Point", "coordinates": [ -78.0815444, 39.2917736 ] } },
{ "type": "Feature", "properties": { "element": "node", "id": 10692425500, "highway": "crossing", "ref": null, "noref": null, "traffic_signals": null, "name": null, "crossing": "unmarked", "crossing:markings": "no", "direction": null, "tiger:cfcc": null, "tiger:county": null, "service": null, "source:name": null, "tiger:reviewed": null, "access": null, "tiger:name_base": null, "tiger:name_type": null, "tiger:zip_left": null, "tiger:zip_right": null, "name_1": null, "tiger:name_base_1": null, "tiger:name_type_1": null, "bicycle": null, "foot": null, "hgv": null, "hgv:national_network": null, "horse": null, "lanes": null, "maxspeed": null, "oneway": null, "source:hgv:national_network": null, "surface": null, "tiger:separated": null, "tiger:source": null, "tiger:tlid": null, "tiger:upload_uuid": null, "destination": null, "destination:ref": null, "destination:ref:to": null, "start_date": null, "source:geometry": null, "maxheight:signed": null, "bridge": null, "layer": null, "emergency": null, "tunnel": null, "addr:city": null, "addr:housenumber": null, "addr:postcode": null, "addr:state": null, "addr:street": null, "area": null, "brand": null, "brand:wikidata": null, "check_date": null, "email": null, "fax": null, "phone": null, "website": null, "construction": null, "source": null, "motor_vehicle": null, "fixme": null, "footway": null, "informal": null, "cycleway": null, "covered": null }, "geometry": { "type": "Point", "coordinates": [ -78.0817339, 39.2919445 ] } },
{ "type": "Feature", "properties": { "element": "node", "id": 10692425503, "highway": "stop", "ref": null, "noref": null, "traffic_signals": null, "name": null, "crossing": null, "crossing:markings": null, "direction": "backward", "tiger:cfcc": null, "tiger:county": null, "service": null, "source:name": null, "tiger:reviewed": null, "access": null, "tiger:name_base": null, "tiger:name_type": null, "tiger:zip_left": null, "tiger:zip_right": null, "name_1": null, "tiger:name_base_1": null, "tiger:name_type_1": null, "bicycle": null, "foot": null, "hgv": null, "hgv:national_network": null, "horse": null, "lanes": null, "maxspeed": null, "oneway": null, "source:hgv:national_network": null, "surface": null, "tiger:separated": null, "tiger:source": null, "tiger:tlid": null, "tiger:upload_uuid": null, "destination": null, "destination:ref": null, "destination:ref:to": null, "start_date": null, "source:geometry": null, "maxheight:signed": null, "bridge": null, "layer": null, "emergency": null, "tunnel": null, "addr:city": null, "addr:housenumber": null, "addr:postcode": null, "addr:state": null, "addr:street": null, "area": null, "brand": null, "brand:wikidata": null, "check_date": null, "email": null, "fax": null, "phone": null, "website": null, "construction": null, "source": null, "motor_vehicle": null, "fixme": null, "footway": null, "informal": null, "cycleway": null, "covered": null }, "geometry": { "type": "Point", "coordinates": [ -78.0817151, 39.2919375 ] } },
{ "type": "Feature", "properties": { "element": "node", "id": 10692425556, "highway": "stop", "ref": null, "noref": null, "traffic_signals": null, "name": null, "crossing": null, "crossing:markings": null, "direction": "backward", "tiger:cfcc": null, "tiger:county": null, "service": null, "source:name": null, "tiger:reviewed": null, "access": null, "tiger:name_base": null, "tiger:name_type": null, "tiger:zip_left": null, "tiger:zip_right": null, "name_1": null, "tiger:name_base_1": null, "tiger:name_type_1": null, "bicycle": null, "foot": null, "hgv": null, "hgv:national_network": null, "horse": null, "lanes": null, "maxspeed": null, "oneway": null, "source:hgv:national_network": null, "surface": null, "tiger:separated": null, "tiger:source": null, "tiger:tlid": null, "tiger:upload_uuid": null, "destination": null, "destination:ref": null, "destination:ref:to": null, "start_date": null, "source:geometry": null, "maxheight:signed": null, "bridge": null, "layer": null, "emergency": null, "tunnel": null, "addr:city": null, "addr:housenumber": null, "addr:postcode": null, "addr:state": null, "addr:street": null, "area": null, "brand": null, "brand:wikidata": null, "check_date": null, "email": null, "fax": null, "phone": null, "website": null, "construction": null, "source": null, "motor_vehicle": null, "fixme": null, "footway": null, "informal": null, "cycleway": null, "covered": null }, "geometry": { "type": "Point", "coordinates": [ -78.0804434, 39.2885975 ] } },
{ "type": "Feature", "properties": { "element": "node", "id": 10692425597, "highway": "stop", "ref": null, "noref": null, "traffic_signals": null, "name": null, "crossing": null, "crossing:markings": null, "direction": "forward", "tiger:cfcc": null, "tiger:county": null, "service": null, "source:name": null, "tiger:reviewed": null, "access": null, "tiger:name_base": null, "tiger:name_type": null, "tiger:zip_left": null, "tiger:zip_right": null, "name_1": null, "tiger:name_base_1": null, "tiger:name_type_1": null, "bicycle": null, "foot": null, "hgv": null, "hgv:national_network": null, "horse": null, "lanes": null, "maxspeed": null, "oneway": null, "source:hgv:national_network": null, "surface": null, "tiger:separated": null, "tiger:source": null, "tiger:tlid": null, "tiger:upload_uuid": null, "destination": null, "destination:ref": null, "destination:ref:to": null, "start_date": null, "source:geometry": null, "maxheight:signed": null, "bridge": null, "layer": null, "emergency": null, "tunnel": null, "addr:city": null, "addr:housenumber": null, "addr:postcode": null, "addr:state": null, "addr:street": null, "area": null, "brand": null, "brand:wikidata": null, "check_date": null, "email": null, "fax": null, "phone": null, "website": null, "construction": null, "source": null, "motor_vehicle": null, "fixme": null, "footway": null, "informal": null, "cycleway": null, "covered": null }, "geometry": { "type": "Point", "coordinates": [ -78.0813821, 39.286238 ] } },
{ "type": "Feature", "properties": { "element": "node", "id": 10692425598, "highway": "crossing", "ref": null, "noref": null, "traffic_signals": null, "name": null, "crossing": "unmarked", "crossing:markings": "no", "direction": null, "tiger:cfcc": null, "tiger:county": null, "service": null, "source:name": null, "tiger:reviewed": null, "access": null, "tiger:name_base": null, "tiger:name_type": null, "tiger:zip_left": null, "tiger:zip_right": null, "name_1": null, "tiger:name_base_1": null, "tiger:name_type_1": null, "bicycle": null, "foot": null, "hgv": null, "hgv:national_network": null, "horse": null, "lanes": null, "maxspeed": null, "oneway": null, "source:hgv:national_network": null, "surface": null, "tiger:separated": null, "tiger:source": null, "tiger:tlid": null, "tiger:upload_uuid": null, "destination": null, "destination:ref": null, "destination:ref:to": null, "start_date": null, "source:geometry": null, "maxheight:signed": null, "bridge": null, "layer": null, "emergency": null, "tunnel": null, "addr:city": null, "addr:housenumber": null, "addr:postcode": null, "addr:state": null, "addr:street": null, "area": null, "brand": null, "brand:wikidata": null, "check_date": null, "email": null, "fax": null, "phone": null, "website": null, "construction": null, "source": null, "motor_vehicle": null, "fixme": null, "footway": null, "informal": null, "cycleway": null, "covered": null }, "geometry": { "type": "Point", "coordinates": [ -78.0809681, 39.2887605 ] } },
{ "type": "Feature", "properties": { "element": "node", "id": 10692425599, "highway": "crossing", "ref": null, "noref": null, "traffic_signals": null, "name": null, "crossing": "unmarked", "crossing:markings": "no", "direction": null, "tiger:cfcc": null, "tiger:county": null, "service": null, "source:name": null, "tiger:reviewed": null, "access": null, "tiger:name_base": null, "tiger:name_type": null, "tiger:zip_left": null, "tiger:zip_right": null, "name_1": null, "tiger:name_base_1": null, "tiger:name_type_1": null, "bicycle": null, "foot": null, "hgv": null, "hgv:national_network": null, "horse": null, "lanes": null, "maxspeed": null, "oneway": null, "source:hgv:national_network": null, "surface": null, "tiger:separated": null, "tiger:source": null, "tiger:tlid": null, "tiger:upload_uuid": null, "destination": null, "destination:ref": null, "destination:ref:to": null, "start_date": null, "source:geometry": null, "maxheight:signed": null, "bridge": null, "layer": null, "emergency": null, "tunnel": null, "addr:city": null, "addr:housenumber": null, "addr:postcode": null, "addr:state": null, "addr:street": null, "area": null, "brand": null, "brand:wikidata": null, "check_date": null, "email": null, "fax": null, "phone": null, "website": null, "construction": null, "source": null, "motor_vehicle": null, "fixme": null, "footway": null, "informal": null, "cycleway": null, "covered": null }, "geometry": { "type": "Point", "coordinates": [ -78.0807814, 39.2896473 ] } },
{ "type": "Feature", "properties": { "element": "node", "id": 10692425600, "highway": "crossing", "ref": null, "noref": null, "traffic_signals": null, "name": null, "crossing": "uncontrolled", "crossing:markings": "lines", "direction": null, "tiger:cfcc": null, "tiger:county": null, "service": null, "source:name": null, "tiger:reviewed": null, "access": null, "tiger:name_base": null, "tiger:name_type": null, "tiger:zip_left": null, "tiger:zip_right": null, "name_1": null, "tiger:name_base_1": null, "tiger:name_type_1": null, "bicycle": null, "foot": null, "hgv": null, "hgv:national_network": null, "horse": null, "lanes": null, "maxspeed": null, "oneway": null, "source:hgv:national_network": null, "surface": null, "tiger:separated": null, "tiger:source": null, "tiger:tlid": null, "tiger:upload_uuid": null, "destination": null, "destination:ref": null, "destination:ref:to": null, "start_date": null, "source:geometry": null, "maxheight:signed": null, "bridge": null, "layer": null, "emergency": null, "tunnel": null, "addr:city": null, "addr:housenumber": null, "addr:postcode": null, "addr:state": null, "addr:street": null, "area": null, "brand": null, "brand:wikidata": null, "check_date": null, "email": null, "fax": null, "phone": null, "website": null, "construction": null, "source": null, "motor_vehicle": null, "fixme": null, "footway": null, "informal": null, "cycleway": null, "covered": null }, "geometry": { "type": "Point", "coordinates": [ -78.0811754, 39.2868426 ] } },
{ "type": "Feature", "properties": { "element": "node", "id": 10692425616, "highway": "crossing", "ref": null, "noref": null, "traffic_signals": null, "name": null, "crossing": "uncontrolled", "crossing:markings": null, "direction": null, "tiger:cfcc": null, "tiger:county": null, "service": null, "source:name": null, "tiger:reviewed": null, "access": null, "tiger:name_base": null, "tiger:name_type": null, "tiger:zip_left": null, "tiger:zip_right": null, "name_1": null, "tiger:name_base_1": null, "tiger:name_type_1": null, "bicycle": null, "foot": null, "hgv": null, "hgv:national_network": null, "horse": null, "lanes": null, "maxspeed": null, "oneway": null, "source:hgv:national_network": null, "surface": null, "tiger:separated": null, "tiger:source": null, "tiger:tlid": null, "tiger:upload_uuid": null, "destination": null, "destination:ref": null, "destination:ref:to": null, "start_date": null, "source:geometry": null, "maxheight:signed": null, "bridge": null, "layer": null, "emergency": null, "tunnel": null, "addr:city": null, "addr:housenumber": null, "addr:postcode": null, "addr:state": null, "addr:street": null, "area": null, "brand": null, "brand:wikidata": null, "check_date": null, "email": null, "fax": null, "phone": null, "website": null, "construction": null, "source": null, "motor_vehicle": null, "fixme": null, "footway": null, "informal": null, "cycleway": null, "covered": null }, "geometry": { "type": "Point", "coordinates": [ -78.0817915, 39.2901752 ] } },
{ "type": "Feature", "properties": { "element": "node", "id": 10692425617, "highway": "stop", "ref": null, "noref": null, "traffic_signals": null, "name": null, "crossing": null, "crossing:markings": null, "direction": "forward", "tiger:cfcc": null, "tiger:county": null, "service": null, "source:name": null, "tiger:reviewed": null, "access": null, "tiger:name_base": null, "tiger:name_type": null, "tiger:zip_left": null, "tiger:zip_right": null, "name_1": null, "tiger:name_base_1": null, "tiger:name_type_1": null, "bicycle": null, "foot": null, "hgv": null, "hgv:national_network": null, "horse": null, "lanes": null, "maxspeed": null, "oneway": null, "source:hgv:national_network": null, "surface": null, "tiger:separated": null, "tiger:source": null, "tiger:tlid": null, "tiger:upload_uuid": null, "destination": null, "destination:ref": null, "destination:ref:to": null, "start_date": null, "source:geometry": null, "maxheight:signed": null, "bridge": null, "layer": null, "emergency": null, "tunnel": null, "addr:city": null, "addr:housenumber": null, "addr:postcode": null, "addr:state": null, "addr:street": null, "area": null, "brand": null, "brand:wikidata": null, "check_date": null, "email": null, "fax": null, "phone": null, "website": null, "construction": null, "source": null, "motor_vehicle": null, "fixme": null, "footway": null, "informal": null, "cycleway": null, "covered": null }, "geometry": { "type": "Point", "coordinates": [ -78.0816689, 39.2901315 ] } },
{ "type": "Feature", "properties": { "element": "node", "id": 10692425621, "highway": "crossing", "ref": null, "noref": null, "traffic_signals": null, "name": null, "crossing": "uncontrolled", "crossing:markings": null, "direction": null, "tiger:cfcc": null, "tiger:county": null, "service": null, "source:name": null, "tiger:reviewed": null, "access": null, "tiger:name_base": null, "tiger:name_type": null, "tiger:zip_left": null, "tiger:zip_right": null, "name_1": null, "tiger:name_base_1": null, "tiger:name_type_1": null, "bicycle": null, "foot": null, "hgv": null, "hgv:national_network": null, "horse": null, "lanes": null, "maxspeed": null, "oneway": null, "source:hgv:national_network": null, "surface": null, "tiger:separated": null, "tiger:source": null, "tiger:tlid": null, "tiger:upload_uuid": null, "destination": null, "destination:ref": null, "destination:ref:to": null, "start_date": null, "source:geometry": null, "maxheight:signed": null, "bridge": null, "layer": null, "emergency": null, "tunnel": null, "addr:city": null, "addr:housenumber": null, "addr:postcode": null, "addr:state": null, "addr:street": null, "area": null, "brand": null, "brand:wikidata": null, "check_date": null, "email": null, "fax": null, "phone": null, "website": null, "construction": null, "source": null, "motor_vehicle": null, "fixme": null, "footway": null, "informal": null, "cycleway": null, "covered": null }, "geometry": { "type": "Point", "coordinates": [ -78.081636, 39.2901442 ] } },
{ "type": "Feature", "properties": { "element": "node", "id": 10692425622, "highway": "stop", "ref": null, "noref": null, "traffic_signals": null, "name": null, "crossing": null, "crossing:markings": null, "direction": "backward", "tiger:cfcc": null, "tiger:county": null, "service": null, "source:name": null, "tiger:reviewed": null, "access": null, "tiger:name_base": null, "tiger:name_type": null, "tiger:zip_left": null, "tiger:zip_right": null, "name_1": null, "tiger:name_base_1": null, "tiger:name_type_1": null, "bicycle": null, "foot": null, "hgv": null, "hgv:national_network": null, "horse": null, "lanes": null, "maxspeed": null, "oneway": null, "source:hgv:national_network": null, "surface": null, "tiger:separated": null, "tiger:source": null, "tiger:tlid": null, "tiger:upload_uuid": null, "destination": null, "destination:ref": null, "destination:ref:to": null, "start_date": null, "source:geometry": null, "maxheight:signed": null, "bridge": null, "layer": null, "emergency": null, "tunnel": null, "addr:city": null, "addr:housenumber": null, "addr:postcode": null, "addr:state": null, "addr:street": null, "area": null, "brand": null, "brand:wikidata": null, "check_date": null, "email": null, "fax": null, "phone": null, "website": null, "construction": null, "source": null, "motor_vehicle": null, "fixme": null, "footway": null, "informal": null, "cycleway": null, "covered": null }, "geometry": { "type": "Point", "coordinates": [ -78.0818734, 39.289971 ] } },
{ "type": "Feature", "properties": { "element": "node", "id": 10692425664, "highway": "stop", "ref": null, "noref": null, "traffic_signals": null, "name": null, "crossing": null, "crossing:markings": null, "direction": "forward", "tiger:cfcc": null, "tiger:county": null, "service": null, "source:name": null, "tiger:reviewed": null, "access": null, "tiger:name_base": null, "tiger:name_type": null, "tiger:zip_left": null, "tiger:zip_right": null, "name_1": null, "tiger:name_base_1": null, "tiger:name_type_1": null, "bicycle": null, "foot": null, "hgv": null, "hgv:national_network": null, "horse": null, "lanes": null, "maxspeed": null, "oneway": null, "source:hgv:national_network": null, "surface": null, "tiger:separated": null, "tiger:source": null, "tiger:tlid": null, "tiger:upload_uuid": null, "destination": null, "destination:ref": null, "destination:ref:to": null, "start_date": null, "source:geometry": null, "maxheight:signed": null, "bridge": null, "layer": null, "emergency": null, "tunnel": null, "addr:city": null, "addr:housenumber": null, "addr:postcode": null, "addr:state": null, "addr:street": null, "area": null, "brand": null, "brand:wikidata": null, "check_date": null, "email": null, "fax": null, "phone": null, "website": null, "construction": null, "source": null, "motor_vehicle": null, "fixme": null, "footway": null, "informal": null, "cycleway": null, "covered": null }, "geometry": { "type": "Point", "coordinates": [ -78.0819024, 39.2900593 ] } },
{ "type": "Feature", "properties": { "element": "node", "id": 10692425775, "highway": "stop", "ref": null, "noref": null, "traffic_signals": null, "name": null, "crossing": null, "crossing:markings": null, "direction": "forward", "tiger:cfcc": null, "tiger:county": null, "service": null, "source:name": null, "tiger:reviewed": null, "access": null, "tiger:name_base": null, "tiger:name_type": null, "tiger:zip_left": null, "tiger:zip_right": null, "name_1": null, "tiger:name_base_1": null, "tiger:name_type_1": null, "bicycle": null, "foot": null, "hgv": null, "hgv:national_network": null, "horse": null, "lanes": null, "maxspeed": null, "oneway": null, "source:hgv:national_network": null, "surface": null, "tiger:separated": null, "tiger:source": null, "tiger:tlid": null, "tiger:upload_uuid": null, "destination": null, "destination:ref": null, "destination:ref:to": null, "start_date": null, "source:geometry": null, "maxheight:signed": null, "bridge": null, "layer": null, "emergency": null, "tunnel": null, "addr:city": null, "addr:housenumber": null, "addr:postcode": null, "addr:state": null, "addr:street": null, "area": null, "brand": null, "brand:wikidata": null, "check_date": null, "email": null, "fax": null, "phone": null, "website": null, "construction": null, "source": null, "motor_vehicle": null, "fixme": null, "footway": null, "informal": null, "cycleway": null, "covered": null }, "geometry": { "type": "Point", "coordinates": [ -78.080002, 39.289927 ] } },
{ "type": "Feature", "properties": { "element": "node", "id": 10692425780, "highway": "stop", "ref": null, "noref": null, "traffic_signals": null, "name": null, "crossing": null, "crossing:markings": null, "direction": "forward", "tiger:cfcc": null, "tiger:county": null, "service": null, "source:name": null, "tiger:reviewed": null, "access": null, "tiger:name_base": null, "tiger:name_type": null, "tiger:zip_left": null, "tiger:zip_right": null, "name_1": null, "tiger:name_base_1": null, "tiger:name_type_1": null, "bicycle": null, "foot": null, "hgv": null, "hgv:national_network": null, "horse": null, "lanes": null, "maxspeed": null, "oneway": null, "source:hgv:national_network": null, "surface": null, "tiger:separated": null, "tiger:source": null, "tiger:tlid": null, "tiger:upload_uuid": null, "destination": null, "destination:ref": null, "destination:ref:to": null, "start_date": null, "source:geometry": null, "maxheight:signed": null, "bridge": null, "layer": null, "emergency": null, "tunnel": null, "addr:city": null, "addr:housenumber": null, "addr:postcode": null, "addr:state": null, "addr:street": null, "area": null, "brand": null, "brand:wikidata": null, "check_date": null, "email": null, "fax": null, "phone": null, "website": null, "construction": null, "source": null, "motor_vehicle": null, "fixme": null, "footway": null, "informal": null, "cycleway": null, "covered": null }, "geometry": { "type": "Point", "coordinates": [ -78.0804142, 39.289942600000018 ] } },
{ "type": "Feature", "properties": { "element": "node", "id": 10692425829, "highway": "crossing", "ref": null, "noref": null, "traffic_signals": null, "name": null, "crossing": "uncontrolled", "crossing:markings": null, "direction": null, "tiger:cfcc": null, "tiger:county": null, "service": null, "source:name": null, "tiger:reviewed": null, "access": null, "tiger:name_base": null, "tiger:name_type": null, "tiger:zip_left": null, "tiger:zip_right": null, "name_1": null, "tiger:name_base_1": null, "tiger:name_type_1": null, "bicycle": null, "foot": null, "hgv": null, "hgv:national_network": null, "horse": null, "lanes": null, "maxspeed": null, "oneway": null, "source:hgv:national_network": null, "surface": null, "tiger:separated": null, "tiger:source": null, "tiger:tlid": null, "tiger:upload_uuid": null, "destination": null, "destination:ref": null, "destination:ref:to": null, "start_date": null, "source:geometry": null, "maxheight:signed": null, "bridge": null, "layer": null, "emergency": null, "tunnel": null, "addr:city": null, "addr:housenumber": null, "addr:postcode": null, "addr:state": null, "addr:street": null, "area": null, "brand": null, "brand:wikidata": null, "check_date": null, "email": null, "fax": null, "phone": null, "website": null, "construction": null, "source": null, "motor_vehicle": null, "fixme": null, "footway": null, "informal": null, "cycleway": null, "covered": null }, "geometry": { "type": "Point", "coordinates": [ -78.0829985, 39.2896642 ] } },
{ "type": "Feature", "properties": { "element": "way", "id": 15498061, "highway": "service", "ref": null, "noref": null, "traffic_signals": null, "name": null, "crossing": null, "crossing:markings": null, "direction": null, "tiger:cfcc": null, "tiger:county": null, "service": "driveway", "source:name": null, "tiger:reviewed": null, "access": null, "tiger:name_base": null, "tiger:name_type": null, "tiger:zip_left": null, "tiger:zip_right": null, "name_1": null, "tiger:name_base_1": null, "tiger:name_type_1": null, "bicycle": null, "foot": null, "hgv": null, "hgv:national_network": null, "horse": null, "lanes": null, "maxspeed": null, "oneway": null, "source:hgv:national_network": null, "surface": null, "tiger:separated": null, "tiger:source": null, "tiger:tlid": null, "tiger:upload_uuid": null, "destination": null, "destination:ref": null, "destination:ref:to": null, "start_date": null, "source:geometry": null, "maxheight:signed": null, "bridge": null, "layer": null, "emergency": null, "tunnel": null, "addr:city": null, "addr:housenumber": null, "addr:postcode": null, "addr:state": null, "addr:street": null, "area": null, "brand": null, "brand:wikidata": null, "check_date": null, "email": null, "fax": null, "phone": null, "website": null, "construction": null, "source": null, "motor_vehicle": null, "fixme": null, "footway": null, "informal": null, "cycleway": null, "covered": null }, "geometry": { "type": "MultiLineString", "coordinates": [ [ [ -78.0795368, 39.2947743 ], [ -78.079115890151215, 39.294697158030708 ] ], [ [ -78.078387587059794, 39.29457575372335 ], [ -78.0771403, 39.2944072 ], [ -78.0766679, 39.2943434 ], [ -78.075836171912485, 39.294239851279926 ] ] ] } },
{ "type": "Feature", "properties": { "element": "way", "id": 15498240, "highway": "residential", "ref": null, "noref": null, "traffic_signals": null, "name": "Freeze Road", "crossing": null, "crossing:markings": null, "direction": null, "tiger:cfcc": "A41", "tiger:county": "Berkeley, WV", "service": null, "source:name": null, "tiger:reviewed": "no", "access": null, "tiger:name_base": null, "tiger:name_type": null, "tiger:zip_left": null, "tiger:zip_right": null, "name_1": null, "tiger:name_base_1": null, "tiger:name_type_1": null, "bicycle": null, "foot": null, "hgv": null, "hgv:national_network": null, "horse": null, "lanes": null, "maxspeed": null, "oneway": null, "source:hgv:national_network": null, "surface": null, "tiger:separated": null, "tiger:source": null, "tiger:tlid": null, "tiger:upload_uuid": null, "destination": null, "destination:ref": null, "destination:ref:to": null, "start_date": null, "source:geometry": null, "maxheight:signed": null, "bridge": null, "layer": null, "emergency": null, "tunnel": null, "addr:city": null, "addr:housenumber": null, "addr:postcode": null, "addr:state": null, "addr:street": null, "area": null, "brand": null, "brand:wikidata": null, "check_date": null, "email": null, "fax": null, "phone": null, "website": null, "construction": null, "source": null, "motor_vehicle": null, "fixme": null, "footway": null, "informal": null, "cycleway": null, "covered": null }, "geometry": { "type": "LineString", "coordinates": [ [ -78.0748813, 39.300338 ], [ -78.075936945301819, 39.300975116863555 ] ] } },
{ "type": "Feature", "properties": { "element": "way", "id": 15499496, "highway": "residential", "ref": "CR 28/5", "noref": null, "traffic_signals": null, "name": "Hyslip Road", "crossing": null, "crossing:markings": null, "direction": null, "tiger:cfcc": null, "tiger:county": null, "service": null, "source:name": null, "tiger:reviewed": null, "access": null, "tiger:name_base": null, "tiger:name_type": null, "tiger:zip_left": null, "tiger:zip_right": null, "name_1": null, "tiger:name_base_1": null, "tiger:name_type_1": null, "bicycle": null, "foot": null, "hgv": null, "hgv:national_network": null, "horse": null, "lanes": null, "maxspeed": null, "oneway": null, "source:hgv:national_network": null, "surface": null, "tiger:separated": null, "tiger:source": null, "tiger:tlid": null, "tiger:upload_uuid": null, "destination": null, "destination:ref": null, "destination:ref:to": null, "start_date": null, "source:geometry": null, "maxheight:signed": null, "bridge": null, "layer": null, "emergency": null, "tunnel": null, "addr:city": null, "addr:housenumber": null, "addr:postcode": null, "addr:state": null, "addr:street": null, "area": null, "brand": null, "brand:wikidata": null, "check_date": null, "email": null, "fax": null, "phone": null, "website": null, "construction": null, "source": null, "motor_vehicle": null, "fixme": null, "footway": null, "informal": null, "cycleway": null, "covered": null }, "geometry": { "type": "LineString", "coordinates": [ [ -78.037586299625971, 39.298739802668209 ], [ -78.037816, 39.2987845 ], [ -78.0380504, 39.2988132 ], [ -78.038571118498638, 39.298877033907644 ] ] } },
{ "type": "Feature", "properties": { "element": "way", "id": 15500020, "highway": "residential", "ref": "CR 28/2", "noref": null, "traffic_signals": null, "name": "Avanti Drive", "crossing": null, "crossing:markings": null, "direction": null, "tiger:cfcc": null, "tiger:county": null, "service": null, "source:name": null, "tiger:reviewed": null, "access": null, "tiger:name_base": null, "tiger:name_type": null, "tiger:zip_left": null, "tiger:zip_right": null, "name_1": null, "tiger:name_base_1": null, "tiger:name_type_1": null, "bicycle": null, "foot": null, "hgv": null, "hgv:national_network": null, "horse": null, "lanes": null, "maxspeed": null, "oneway": null, "source:hgv:national_network": null, "surface": null, "tiger:separated": null, "tiger:source": null, "tiger:tlid": null, "tiger:upload_uuid": null, "destination": null, "destination:ref": null, "destination:ref:to": null, "start_date": null, "source:geometry": null, "maxheight:signed": null, "bridge": null, "layer": null, "emergency": null, "tunnel": null, "addr:city": null, "addr:housenumber": null, "addr:postcode": null, "addr:state": null, "addr:street": null, "area": null, "brand": null, "brand:wikidata": null, "check_date": null, "email": null, "fax": null, "phone": null, "website": null, "construction": null, "source": null, "motor_vehicle": null, "fixme": null, "footway": null, "informal": null, "cycleway": null, "covered": null }, "geometry": { "type": "MultiLineString", "coordinates": [ [ [ -78.055582174146565, 39.292500062178007 ], [ -78.0556477, 39.2922242 ], [ -78.0557224, 39.2919144 ], [ -78.0557424, 39.291828 ], [ -78.0557668, 39.291722799999988 ], [ -78.055770927146057, 39.291706708983327 ] ], [ [ -78.052869762344372, 39.28604809741045 ], [ -78.052751500000014, 39.2857216 ], [ -78.05278676459767, 39.285245045587999 ] ] ] } },
{ "type": "Feature", "properties": { "element": "way", "id": 15500322, "highway": "tertiary", "ref": "CR 28", "noref": null, "traffic_signals": null, "name": "Specks Run Road", "crossing": null, "crossing:markings": null, "direction": null, "tiger:cfcc": null, "tiger:county": null, "service": null, "source:name": null, "tiger:reviewed": null, "access": null, "tiger:name_base": null, "tiger:name_type": null, "tiger:zip_left": null, "tiger:zip_right": null, "name_1": null, "tiger:name_base_1": null, "tiger:name_type_1": null, "bicycle": null, "foot": null, "hgv": null, "hgv:national_network": null, "horse": null, "lanes": null, "maxspeed": null, "oneway": null, "source:hgv:national_network": null, "surface": null, "tiger:separated": null, "tiger:source": null, "tiger:tlid": null, "tiger:upload_uuid": null, "destination": null, "destination:ref": null, "destination:ref:to": null, "start_date": null, "source:geometry": null, "maxheight:signed": null, "bridge": null, "layer": null, "emergency": null, "tunnel": null, "addr:city": null, "addr:housenumber": null, "addr:postcode": null, "addr:state": null, "addr:street": null, "area": null, "brand": null, "brand:wikidata": null, "check_date": null, "email": null, "fax": null, "phone": null, "website": null, "construction": null, "source": null, "motor_vehicle": null, "fixme": null, "footway": null, "informal": null, "cycleway": null, "covered": null }, "geometry": { "type": "MultiLineString", "coordinates": [ [ [ -78.0763923, 39.2981937 ], [ -78.076009294005715, 39.298166474338558 ] ], [ [ -78.068414259570559, 39.29585198271738 ], [ -78.0682995, 39.2958043 ], [ -78.068225026981125, 39.295784797595921 ] ], [ [ -78.052882690419878, 39.303683010569152 ], [ -78.052861600000014, 39.303915 ], [ -78.052685, 39.3042757 ], [ -78.052616425529322, 39.304431547383651 ] ] ] } },
{ "type": "Feature", "properties": { "element": "way", "id": 15500781, "highway": "tertiary", "ref": "CR 28/1", "noref": null, "traffic_signals": null, "name": "Fegan Road", "crossing": null, "crossing:markings": null, "direction": null, "tiger:cfcc": null, "tiger:county": null, "service": null, "source:name": null, "tiger:reviewed": null, "access": null, "tiger:name_base": null, "tiger:name_type": null, "tiger:zip_left": null, "tiger:zip_right": null, "name_1": null, "tiger:name_base_1": null, "tiger:name_type_1": null, "bicycle": null, "foot": null, "hgv": null, "hgv:national_network": null, "horse": null, "lanes": null, "maxspeed": null, "oneway": null, "source:hgv:national_network": null, "surface": null, "tiger:separated": null, "tiger:source": null, "tiger:tlid": null, "tiger:upload_uuid": null, "destination": null, "destination:ref": null, "destination:ref:to": null, "start_date": null, "source:geometry": null, "maxheight:signed": null, "bridge": null, "layer": null, "emergency": null, "tunnel": null, "addr:city": null, "addr:housenumber": null, "addr:postcode": null, "addr:state": null, "addr:street": null, "area": null, "brand": null, "brand:wikidata": null, "check_date": null, "email": null, "fax": null, "phone": null, "website": null, "construction": null, "source": null, "motor_vehicle": null, "fixme": null, "footway": null, "informal": null, "cycleway": null, "covered": null }, "geometry": { "type": "MultiLineString", "coordinates": [ [ [ -78.067635866838231, 39.287428545491373 ], [ -78.0674136, 39.2882454 ], [ -78.067340977360757, 39.288512500800813 ] ], [ [ -78.065355719249709, 39.294039383949567 ], [ -78.0646121, 39.2952008 ], [ -78.06461774109286, 39.295232275336751 ] ] ] } },
{ "type": "Feature", "properties": { "element": "way", "id": 15500785, "highway": "residential", "ref": null, "noref": null, "traffic_signals": null, "name": "Lapins Lane", "crossing": null, "crossing:markings": null, "direction": null, "tiger:cfcc": "A41", "tiger:county": "Berkeley, WV", "service": null, "source:name": null, "tiger:reviewed": "no", "access": null, "tiger:name_base": "North Star", "tiger:name_type": "Ln", "tiger:zip_left": "25413", "tiger:zip_right": "25413", "name_1": null, "tiger:name_base_1": null, "tiger:name_type_1": null, "bicycle": null, "foot": null, "hgv": null, "hgv:national_network": null, "horse": null, "lanes": null, "maxspeed": null, "oneway": null, "source:hgv:national_network": null, "surface": null, "tiger:separated": null, "tiger:source": null, "tiger:tlid": null, "tiger:upload_uuid": null, "destination": null, "destination:ref": null, "destination:ref:to": null, "start_date": null, "source:geometry": null, "maxheight:signed": null, "bridge": null, "layer": null, "emergency": null, "tunnel": null, "addr:city": null, "addr:housenumber": null, "addr:postcode": null, "addr:state": null, "addr:street": null, "area": null, "brand": null, "brand:wikidata": null, "check_date": null, "email": null, "fax": null, "phone": null, "website": null, "construction": null, "source": null, "motor_vehicle": null, "fixme": null, "footway": null, "informal": null, "cycleway": null, "covered": null }, "geometry": { "type": "LineString", "coordinates": [ [ -78.067325481512214, 39.307520850150254 ], [ -78.068001503656745, 39.307794558233923 ] ] } },
{ "type": "Feature", "properties": { "element": "way", "id": 15501222, "highway": "primary", "ref": "US 11", "noref": null, "traffic_signals": null, "name": "Winchester Avenue", "crossing": null, "crossing:markings": null, "direction": null, "tiger:cfcc": null, "tiger:county": null, "service": null, "source:name": null, "tiger:reviewed": null, "access": null, "tiger:name_base": null, "tiger:name_type": null, "tiger:zip_left": null, "tiger:zip_right": null, "name_1": null, "tiger:name_base_1": null, "tiger:name_type_1": null, "bicycle": null, "foot": null, "hgv": null, "hgv:national_network": null, "horse": null, "lanes": "2", "maxspeed": null, "oneway": null, "source:hgv:national_network": null, "surface": null, "tiger:separated": null, "tiger:source": null, "tiger:tlid": null, "tiger:upload_uuid": null, "destination": null, "destination:ref": null, "destination:ref:to": null, "start_date": null, "source:geometry": null, "maxheight:signed": null, "bridge": null, "layer": null, "emergency": null, "tunnel": null, "addr:city": null, "addr:housenumber": null, "addr:postcode": null, "addr:state": null, "addr:street": null, "area": null, "brand": null, "brand:wikidata": null, "check_date": null, "email": null, "fax": null, "phone": null, "website": null, "construction": null, "source": null, "motor_vehicle": null, "fixme": null, "footway": null, "informal": null, "cycleway": null, "covered": null }, "geometry": { "type": "MultiLineString", "coordinates": [ [ [ -78.0800389, 39.294285 ], [ -78.0799755, 39.2943468 ], [ -78.079674, 39.2946406 ], [ -78.0795368, 39.2947743 ], [ -78.0775916, 39.2968 ], [ -78.0774081, 39.2969911 ], [ -78.0771115, 39.2972999 ], [ -78.0769562, 39.2974617 ], [ -78.0769364, 39.2974823 ], [ -78.0766324, 39.2978551 ], [ -78.0763923, 39.2981937 ], [ -78.076084170510157, 39.298616683216835 ] ], [ [ -78.075113575174058, 39.300002361820844 ], [ -78.0748813, 39.300338 ], [ -78.074332904723263, 39.30115723687598 ] ], [ [ -78.07063671904001, 39.306704122911576 ], [ -78.070621200000019, 39.3067276 ], [ -78.0701554, 39.3074323 ], [ -78.069975, 39.3077016 ], [ -78.069697807352554, 39.30811533463347 ] ] ] } },
{ "type": "Feature", "properties": { "element": "way", "id": 15501991, "highway": "residential", "ref": null, "noref": null, "traffic_signals": null, "name": "Choirloft Drive", "crossing": null, "crossing:markings": null, "direction": null, "tiger:cfcc": null, "tiger:county": null, "service": null, "source:name": null, "tiger:reviewed": null, "access": null, "tiger:name_base": null, "tiger:name_type": null, "tiger:zip_left": null, "tiger:zip_right": null, "name_1": null, "tiger:name_base_1": null, "tiger:name_type_1": null, "bicycle": null, "foot": null, "hgv": null, "hgv:national_network": null, "horse": null, "lanes": null, "maxspeed": null, "oneway": null, "source:hgv:national_network": null, "surface": null, "tiger:separated": null, "tiger:source": null, "tiger:tlid": null, "tiger:upload_uuid": null, "destination": null, "destination:ref": null, "destination:ref:to": null, "start_date": null, "source:geometry": null, "maxheight:signed": null, "bridge": null, "layer": null, "emergency": null, "tunnel": null, "addr:city": null, "addr:housenumber": null, "addr:postcode": null, "addr:state": null, "addr:street": null, "area": null, "brand": null, "brand:wikidata": null, "check_date": null, "email": null, "fax": null, "phone": null, "website": null, "construction": null, "source": null, "motor_vehicle": null, "fixme": null, "footway": null, "informal": null, "cycleway": null, "covered": null }, "geometry": { "type": "LineString", "coordinates": [ [ -78.0556477, 39.2922242 ], [ -78.05488935278413, 39.292122743264109 ] ] } },
{ "type": "Feature", "properties": { "element": "way", "id": 15502288, "highway": "residential", "ref": null, "noref": null, "traffic_signals": null, "name": "Calypso Court", "crossing": null, "crossing:markings": null, "direction": null, "tiger:cfcc": "A41", "tiger:county": "Berkeley, WV", "service": null, "source:name": null, "tiger:reviewed": "no", "access": null, "tiger:name_base": "Jeb Stewart", "tiger:name_type": "St", "tiger:zip_left": null, "tiger:zip_right": null, "name_1": null, "tiger:name_base_1": null, "tiger:name_type_1": null, "bicycle": null, "foot": null, "hgv": null, "hgv:national_network": null, "horse": null, "lanes": null, "maxspeed": null, "oneway": null, "source:hgv:national_network": null, "surface": null, "tiger:separated": null, "tiger:source": null, "tiger:tlid": null, "tiger:upload_uuid": null, "destination": null, "destination:ref": null, "destination:ref:to": null, "start_date": null, "source:geometry": null, "maxheight:signed": null, "bridge": null, "layer": null, "emergency": null, "tunnel": null, "addr:city": null, "addr:housenumber": null, "addr:postcode": null, "addr:state": null, "addr:street": null, "area": null, "brand": null, "brand:wikidata": null, "check_date": null, "email": null, "fax": null, "phone": null, "website": null, "construction": null, "source": null, "motor_vehicle": null, "fixme": null, "footway": null, "informal": null, "cycleway": null, "covered": null }, "geometry": { "type": "LineString", "coordinates": [ [ -78.053518862967238, 39.306296229830572 ], [ -78.0536499, 39.3062917 ], [ -78.0537546, 39.3062416 ], [ -78.0541956, 39.3060305 ], [ -78.0542898, 39.305887699999985 ], [ -78.05432790599788, 39.305829961855366 ] ] } },
{ "type": "Feature", "properties": { "element": "way", "id": 15502618, "highway": "residential", "ref": null, "noref": null, "traffic_signals": null, "name": "Larian Drive", "crossing": null, "crossing:markings": null, "direction": null, "tiger:cfcc": "A41", "tiger:county": "Berkeley, WV", "service": null, "source:name": null, "tiger:reviewed": "no", "access": null, "tiger:name_base": "Queen Anne;Larian", "tiger:name_type": "Dr", "tiger:zip_left": "25413", "tiger:zip_right": "25413", "name_1": "Queen Anne Drive", "tiger:name_base_1": "Queen Anne", "tiger:name_type_1": "Dr", "bicycle": null, "foot": null, "hgv": null, "hgv:national_network": null, "horse": null, "lanes": null, "maxspeed": null, "oneway": null, "source:hgv:national_network": null, "surface": null, "tiger:separated": null, "tiger:source": null, "tiger:tlid": null, "tiger:upload_uuid": null, "destination": null, "destination:ref": null, "destination:ref:to": null, "start_date": null, "source:geometry": null, "maxheight:signed": null, "bridge": null, "layer": null, "emergency": null, "tunnel": null, "addr:city": null, "addr:housenumber": null, "addr:postcode": null, "addr:state": null, "addr:street": null, "area": null, "brand": null, "brand:wikidata": null, "check_date": null, "email": null, "fax": null, "phone": null, "website": null, "construction": null, "source": null, "motor_vehicle": null, "fixme": null, "footway": null, "informal": null, "cycleway": null, "covered": null }, "geometry": { "type": "LineString", "coordinates": [ [ -78.068484158759418, 39.30789093898052 ], [ -78.069048153012204, 39.307025350492481 ] ] } },
{ "type": "Feature", "properties": { "element": "way", "id": 15502646, "highway": "residential", "ref": null, "noref": null, "traffic_signals": null, "name": "Triton Lane", "crossing": null, "crossing:markings": null, "direction": null, "tiger:cfcc": "A41", "tiger:county": "Berkeley, WV", "service": null, "source:name": null, "tiger:reviewed": "no", "access": null, "tiger:name_base": "Triton", "tiger:name_type": "Ln", "tiger:zip_left": null, "tiger:zip_right": null, "name_1": "Mason Road", "tiger:name_base_1": "Mason", "tiger:name_type_1": "Rd", "bicycle": null, "foot": null, "hgv": null, "hgv:national_network": null, "horse": null, "lanes": null, "maxspeed": null, "oneway": null, "source:hgv:national_network": null, "surface": null, "tiger:separated": null, "tiger:source": null, "tiger:tlid": null, "tiger:upload_uuid": null, "destination": null, "destination:ref": null, "destination:ref:to": null, "start_date": null, "source:geometry": null, "maxheight:signed": null, "bridge": null, "layer": null, "emergency": null, "tunnel": null, "addr:city": null, "addr:housenumber": null, "addr:postcode": null, "addr:state": null, "addr:street": null, "area": null, "brand": null, "brand:wikidata": null, "check_date": null, "email": null, "fax": null, "phone": null, "website": null, "construction": null, "source": null, "motor_vehicle": null, "fixme": null, "footway": null, "informal": null, "cycleway": null, "covered": null }, "geometry": { "type": "LineString", "coordinates": [ [ -78.065562374248444, 39.295171700413803 ], [ -78.0658572, 39.294715 ], [ -78.066102452791725, 39.294311038488203 ] ] } },
{ "type": "Feature", "properties": { "element": "way", "id": 15503036, "highway": "residential", "ref": null, "noref": null, "traffic_signals": null, "name": "Jason Way", "crossing": null, "crossing:markings": null, "direction": null, "tiger:cfcc": "A41", "tiger:county": "Berkeley, WV", "service": null, "source:name": null, "tiger:reviewed": "no", "access": null, "tiger:name_base": "Jason", "tiger:name_type": "Way", "tiger:zip_left": null, "tiger:zip_right": null, "name_1": "Stonehedge Drive", "tiger:name_base_1": "Stonehedge", "tiger:name_type_1": "Dr", "bicycle": null, "foot": null, "hgv": null, "hgv:national_network": null, "horse": null, "lanes": null, "maxspeed": null, "oneway": null, "source:hgv:national_network": null, "surface": null, "tiger:separated": null, "tiger:source": null, "tiger:tlid": null, "tiger:upload_uuid": null, "destination": null, "destination:ref": null, "destination:ref:to": null, "start_date": null, "source:geometry": null, "maxheight:signed": null, "bridge": null, "layer": null, "emergency": null, "tunnel": null, "addr:city": null, "addr:housenumber": null, "addr:postcode": null, "addr:state": null, "addr:street": null, "area": null, "brand": null, "brand:wikidata": null, "check_date": null, "email": null, "fax": null, "phone": null, "website": null, "construction": null, "source": null, "motor_vehicle": null, "fixme": null, "footway": null, "informal": null, "cycleway": null, "covered": null }, "geometry": { "type": "LineString", "coordinates": [ [ -78.071998728159798, 39.290725399784471 ], [ -78.0722821, 39.2909067 ], [ -78.0725116, 39.2910536 ] ] } },
{ "type": "Feature", "properties": { "element": "way", "id": 15503054, "highway": "residential", "ref": "CR 11/25", "noref": null, "traffic_signals": null, "name": "Montmorency Drive", "crossing": null, "crossing:markings": null, "direction": null, "tiger:cfcc": "A41", "tiger:county": "Berkeley, WV", "service": null, "source:name": null, "tiger:reviewed": "no", "access": null, "tiger:name_base": "Montmorency", "tiger:name_type": "Dr", "tiger:zip_left": "25413", "tiger:zip_right": "25413", "name_1": null, "tiger:name_base_1": null, "tiger:name_type_1": null, "bicycle": null, "foot": null, "hgv": null, "hgv:national_network": null, "horse": null, "lanes": null, "maxspeed": null, "oneway": null, "source:hgv:national_network": null, "surface": null, "tiger:separated": null, "tiger:source": null, "tiger:tlid": null, "tiger:upload_uuid": null, "destination": null, "destination:ref": null, "destination:ref:to": null, "start_date": null, "source:geometry": null, "maxheight:signed": null, "bridge": null, "layer": null, "emergency": null, "tunnel": null, "addr:city": null, "addr:housenumber": null, "addr:postcode": null, "addr:state": null, "addr:street": null, "area": null, "brand": null, "brand:wikidata": null, "check_date": null, "email": null, "fax": null, "phone": null, "website": null, "construction": null, "source": null, "motor_vehicle": null, "fixme": null, "footway": null, "informal": null, "cycleway": null, "covered": null }, "geometry": { "type": "MultiLineString", "coordinates": [ [ [ -78.066029776651916, 39.309020123264311 ], [ -78.066061465857217, 39.308959634655544 ] ], [ [ -78.066981738215631, 39.3072004305712 ], [ -78.0672422, 39.3066947 ], [ -78.0672984, 39.306627 ], [ -78.0673858, 39.3065691 ], [ -78.0674872, 39.3065304 ], [ -78.0675996, 39.306499 ], [ -78.0677135, 39.306493 ], [ -78.06774257321473, 39.306496489845983 ] ], [ [ -78.069455784336228, 39.307142225117317 ], [ -78.0701554, 39.3074323 ] ] ] } },
{ "type": "Feature", "properties": { "element": "way", "id": 20007114, "highway": "service", "ref": null, "noref": null, "traffic_signals": null, "name": null, "crossing": null, "crossing:markings": null, "direction": null, "tiger:cfcc": null, "tiger:county": null, "service": "driveway", "source:name": null, "tiger:reviewed": null, "access": null, "tiger:name_base": null, "tiger:name_type": null, "tiger:zip_left": null, "tiger:zip_right": null, "name_1": null, "tiger:name_base_1": null, "tiger:name_type_1": null, "bicycle": null, "foot": null, "hgv": null, "hgv:national_network": null, "horse": null, "lanes": null, "maxspeed": null, "oneway": null, "source:hgv:national_network": null, "surface": null, "tiger:separated": null, "tiger:source": null, "tiger:tlid": null, "tiger:upload_uuid": null, "destination": null, "destination:ref": null, "destination:ref:to": null, "start_date": null, "source:geometry": null, "maxheight:signed": null, "bridge": null, "layer": null, "emergency": null, "tunnel": null, "addr:city": null, "addr:housenumber": null, "addr:postcode": null, "addr:state": null, "addr:street": null, "area": null, "brand": null, "brand:wikidata": null, "check_date": null, "email": null, "fax": null, "phone": null, "website": null, "construction": null, "source": null, "motor_vehicle": null, "fixme": null, "footway": null, "informal": null, "cycleway": null, "covered": null }, "geometry": { "type": "LineString", "coordinates": [ [ -78.082734, 39.286246 ], [ -78.082843, 39.285904 ], [ -78.082900948135702, 39.285722965673791 ] ] } },
{ "type": "Feature", "properties": { "element": "way", "id": 20007535, "highway": "service", "ref": null, "noref": null, "traffic_signals": null, "name": null, "crossing": null, "crossing:markings": null, "direction": null, "tiger:cfcc": "A41", "tiger:county": "Frederick, VA", "service": "driveway", "source:name": null, "tiger:reviewed": "no", "access": null, "tiger:name_base": null, "tiger:name_type": null, "tiger:zip_left": null, "tiger:zip_right": null, "name_1": null, "tiger:name_base_1": null, "tiger:name_type_1": null, "bicycle": null, "foot": null, "hgv": null, "hgv:national_network": null, "horse": null, "lanes": null, "maxspeed": null, "oneway": null, "source:hgv:national_network": null, "surface": null, "tiger:separated": null, "tiger:source": null, "tiger:tlid": null, "tiger:upload_uuid": null, "destination": null, "destination:ref": null, "destination:ref:to": null, "start_date": null, "source:geometry": null, "maxheight:signed": null, "bridge": null, "layer": null, "emergency": null, "tunnel": null, "addr:city": null, "addr:housenumber": null, "addr:postcode": null, "addr:state": null, "addr:street": null, "area": null, "brand": null, "brand:wikidata": null, "check_date": null, "email": null, "fax": null, "phone": null, "website": null, "construction": null, "source": null, "motor_vehicle": null, "fixme": null, "footway": null, "informal": null, "cycleway": null, "covered": null }, "geometry": { "type": "LineString", "coordinates": [ [ -78.080339, 39.29397 ], [ -78.079984, 39.293797 ] ] } },
{ "type": "Feature", "properties": { "element": "way", "id": 20007546, "highway": "service", "ref": null, "noref": null, "traffic_signals": null, "name": null, "crossing": null, "crossing:markings": null, "direction": null, "tiger:cfcc": "A41", "tiger:county": "Frederick, VA", "service": "driveway", "source:name": null, "tiger:reviewed": "no", "access": null, "tiger:name_base": null, "tiger:name_type": null, "tiger:zip_left": null, "tiger:zip_right": null, "name_1": null, "tiger:name_base_1": null, "tiger:name_type_1": null, "bicycle": null, "foot": null, "hgv": null, "hgv:national_network": null, "horse": null, "lanes": null, "maxspeed": null, "oneway": null, "source:hgv:national_network": null, "surface": null, "tiger:separated": null, "tiger:source": null, "tiger:tlid": null, "tiger:upload_uuid": null, "destination": null, "destination:ref": null, "destination:ref:to": null, "start_date": null, "source:geometry": null, "maxheight:signed": null, "bridge": null, "layer": null, "emergency": null, "tunnel": null, "addr:city": null, "addr:housenumber": null, "addr:postcode": null, "addr:state": null, "addr:street": null, "area": null, "brand": null, "brand:wikidata": null, "check_date": null, "email": null, "fax": null, "phone": null, "website": null, "construction": null, "source": null, "motor_vehicle": null, "fixme": null, "footway": null, "informal": null, "cycleway": null, "covered": null }, "geometry": { "type": "LineString", "coordinates": [ [ -78.080649, 39.293651 ], [ -78.080135, 39.293396 ] ] } },
{ "type": "Feature", "properties": { "element": "way", "id": 20014810, "highway": "service", "ref": null, "noref": null, "traffic_signals": null, "name": null, "crossing": null, "crossing:markings": null, "direction": null, "tiger:cfcc": "A41", "tiger:county": "Frederick, VA", "service": null, "source:name": null, "tiger:reviewed": "no", "access": null, "tiger:name_base": null, "tiger:name_type": null, "tiger:zip_left": null, "tiger:zip_right": null, "name_1": null, "tiger:name_base_1": null, "tiger:name_type_1": null, "bicycle": null, "foot": null, "hgv": null, "hgv:national_network": null, "horse": null, "lanes": null, "maxspeed": null, "oneway": null, "source:hgv:national_network": null, "surface": null, "tiger:separated": null, "tiger:source": null, "tiger:tlid": null, "tiger:upload_uuid": null, "destination": null, "destination:ref": null, "destination:ref:to": null, "start_date": null, "source:geometry": null, "maxheight:signed": null, "bridge": null, "layer": null, "emergency": null, "tunnel": null, "addr:city": null, "addr:housenumber": null, "addr:postcode": null, "addr:state": null, "addr:street": null, "area": null, "brand": null, "brand:wikidata": null, "check_date": null, "email": null, "fax": null, "phone": null, "website": null, "construction": null, "source": null, "motor_vehicle": null, "fixme": null, "footway": null, "informal": null, "cycleway": null, "covered": null }, "geometry": { "type": "LineString", "coordinates": [ [ -78.078651, 39.285577 ], [ -78.078763, 39.285134 ], [ -78.078774, 39.285091 ], [ -78.078855791103109, 39.284782626695048 ] ] } },
{ "type": "Feature", "properties": { "element": "way", "id": 20015915, "highway": "service", "ref": null, "noref": null, "traffic_signals": null, "name": null, "crossing": null, "crossing:markings": null, "direction": null, "tiger:cfcc": "A41", "tiger:county": "Frederick, VA", "service": "driveway", "source:name": null, "tiger:reviewed": "no", "access": null, "tiger:name_base": null, "tiger:name_type": null, "tiger:zip_left": null, "tiger:zip_right": null, "name_1": null, "tiger:name_base_1": null, "tiger:name_type_1": null, "bicycle": null, "foot": null, "hgv": null, "hgv:national_network": null, "horse": null, "lanes": null, "maxspeed": null, "oneway": null, "source:hgv:national_network": null, "surface": null, "tiger:separated": null, "tiger:source": null, "tiger:tlid": null, "tiger:upload_uuid": null, "destination": null, "destination:ref": null, "destination:ref:to": null, "start_date": null, "source:geometry": null, "maxheight:signed": null, "bridge": null, "layer": null, "emergency": null, "tunnel": null, "addr:city": null, "addr:housenumber": null, "addr:postcode": null, "addr:state": null, "addr:street": null, "area": null, "brand": null, "brand:wikidata": null, "check_date": null, "email": null, "fax": null, "phone": null, "website": null, "construction": null, "source": null, "motor_vehicle": null, "fixme": null, "footway": null, "informal": null, "cycleway": null, "covered": null }, "geometry": { "type": "LineString", "coordinates": [ [ -78.083649, 39.28862 ], [ -78.083277, 39.288543 ], [ -78.0831075, 39.2885054 ], [ -78.082831, 39.288444 ] ] } },
{ "type": "Feature", "properties": { "element": "way", "id": 20021409, "highway": "service", "ref": null, "noref": null, "traffic_signals": null, "name": null, "crossing": null, "crossing:markings": null, "direction": null, "tiger:cfcc": "A41", "tiger:county": "Frederick, VA", "service": null, "source:name": null, "tiger:reviewed": "no", "access": null, "tiger:name_base": null, "tiger:name_type": null, "tiger:zip_left": null, "tiger:zip_right": null, "name_1": null, "tiger:name_base_1": null, "tiger:name_type_1": null, "bicycle": null, "foot": null, "hgv": null, "hgv:national_network": null, "horse": null, "lanes": null, "maxspeed": null, "oneway": null, "source:hgv:national_network": null, "surface": null, "tiger:separated": null, "tiger:source": null, "tiger:tlid": null, "tiger:upload_uuid": null, "destination": null, "destination:ref": null, "destination:ref:to": null, "start_date": null, "source:geometry": null, "maxheight:signed": null, "bridge": null, "layer": null, "emergency": null, "tunnel": null, "addr:city": null, "addr:housenumber": null, "addr:postcode": null, "addr:state": null, "addr:street": null, "area": null, "brand": null, "brand:wikidata": null, "check_date": null, "email": null, "fax": null, "phone": null, "website": null, "construction": null, "source": null, "motor_vehicle": null, "fixme": null, "footway": null, "informal": null, "cycleway": null, "covered": null }, "geometry": { "type": "LineString", "coordinates": [ [ -78.0821, 39.291552 ], [ -78.082336, 39.291614 ], [ -78.082376, 39.291643 ], [ -78.082402, 39.29168 ], [ -78.08241, 39.291722 ], [ -78.082406, 39.291747 ], [ -78.082132, 39.292267 ], [ -78.082094, 39.292291 ], [ -78.082057, 39.292301 ], [ -78.082008, 39.292301 ], [ -78.08172, 39.292217 ] ] } },
{ "type": "Feature", "properties": { "element": "way", "id": 20024457, "highway": "track", "ref": null, "noref": null, "traffic_signals": null, "name": null, "crossing": null, "crossing:markings": null, "direction": null, "tiger:cfcc": "A51", "tiger:county": "Frederick, VA", "service": null, "source:name": null, "tiger:reviewed": "no", "access": null, "tiger:name_base": null, "tiger:name_type": null, "tiger:zip_left": null, "tiger:zip_right": null, "name_1": null, "tiger:name_base_1": null, "tiger:name_type_1": null, "bicycle": null, "foot": null, "hgv": null, "hgv:national_network": null, "horse": null, "lanes": null, "maxspeed": null, "oneway": null, "source:hgv:national_network": null, "surface": null, "tiger:separated": "no", "tiger:source": "tiger_import_dch_v0.6_20070830", "tiger:tlid": "235752523:235751907", "tiger:upload_uuid": "bulk_upload.pl-ef02d0e5-3627-4325-9b14-e9fd592ef4f3", "destination": null, "destination:ref": null, "destination:ref:to": null, "start_date": null, "source:geometry": null, "maxheight:signed": null, "bridge": null, "layer": null, "emergency": null, "tunnel": null, "addr:city": null, "addr:housenumber": null, "addr:postcode": null, "addr:state": null, "addr:street": null, "area": null, "brand": null, "brand:wikidata": null, "check_date": null, "email": null, "fax": null, "phone": null, "website": null, "construction": null, "source": null, "motor_vehicle": null, "fixme": null, "footway": null, "informal": null, "cycleway": null, "covered": null }, "geometry": { "type": "LineString", "coordinates": [ [ -78.080161557724878, 39.284953443402898 ], [ -78.080123, 39.285017 ], [ -78.080087, 39.28506 ], [ -78.080037, 39.285094 ], [ -78.079977, 39.285117 ], [ -78.079925, 39.285125 ], [ -78.079621, 39.285111 ], [ -78.07947, 39.285097 ], [ -78.079444, 39.285096 ], [ -78.079174, 39.28509 ], [ -78.079023, 39.285099 ], [ -78.078763, 39.285134 ] ] } },
{ "type": "Feature", "properties": { "element": "way", "id": 20025578, "highway": "service", "ref": null, "noref": null, "traffic_signals": null, "name": null, "crossing": null, "crossing:markings": null, "direction": null, "tiger:cfcc": "A74", "tiger:county": "Frederick, VA", "service": null, "source:name": null, "tiger:reviewed": "no", "access": "private", "tiger:name_base": null, "tiger:name_type": null, "tiger:zip_left": null, "tiger:zip_right": null, "name_1": null, "tiger:name_base_1": null, "tiger:name_type_1": null, "bicycle": null, "foot": null, "hgv": null, "hgv:national_network": null, "horse": null, "lanes": null, "maxspeed": null, "oneway": null, "source:hgv:national_network": null, "surface": null, "tiger:separated": null, "tiger:source": "tiger_import_dch_v0.6_20070830", "tiger:tlid": "55594071", "tiger:upload_uuid": "bulk_upload.pl-ef02d0e5-3627-4325-9b14-e9fd592ef4f3", "destination": null, "destination:ref": null, "destination:ref:to": null, "start_date": null, "source:geometry": null, "maxheight:signed": null, "bridge": null, "layer": null, "emergency": null, "tunnel": null, "addr:city": null, "addr:housenumber": null, "addr:postcode": null, "addr:state": null, "addr:street": null, "area": null, "brand": null, "brand:wikidata": null, "check_date": null, "email": null, "fax": null, "phone": null, "website": null, "construction": null, "source": null, "motor_vehicle": null, "fixme": null, "footway": null, "informal": null, "cycleway": null, "covered": null }, "geometry": { "type": "LineString", "coordinates": [ [ -78.075665834097791, 39.285492026602803 ], [ -78.075597, 39.28571 ], [ -78.075357, 39.286389 ] ] } },
{ "type": "Feature", "properties": { "element": "way", "id": 20025590, "highway": "service", "ref": null, "noref": null, "traffic_signals": null, "name": null, "crossing": null, "crossing:markings": null, "direction": null, "tiger:cfcc": "A74", "tiger:county": "Frederick, VA", "service": null, "source:name": null, "tiger:reviewed": "no", "access": "private", "tiger:name_base": null, "tiger:name_type": null, "tiger:zip_left": null, "tiger:zip_right": null, "name_1": null, "tiger:name_base_1": null, "tiger:name_type_1": null, "bicycle": null, "foot": null, "hgv": null, "hgv:national_network": null, "horse": null, "lanes": null, "maxspeed": null, "oneway": null, "source:hgv:national_network": null, "surface": null, "tiger:separated": null, "tiger:source": "tiger_import_dch_v0.6_20070830", "tiger:tlid": "55594072", "tiger:upload_uuid": "bulk_upload.pl-ef02d0e5-3627-4325-9b14-e9fd592ef4f3", "destination": null, "destination:ref": null, "destination:ref:to": null, "start_date": null, "source:geometry": null, "maxheight:signed": null, "bridge": null, "layer": null, "emergency": null, "tunnel": null, "addr:city": null, "addr:housenumber": null, "addr:postcode": null, "addr:state": null, "addr:street": null, "area": null, "brand": null, "brand:wikidata": null, "check_date": null, "email": null, "fax": null, "phone": null, "website": null, "construction": null, "source": null, "motor_vehicle": null, "fixme": null, "footway": null, "informal": null, "cycleway": null, "covered": null }, "geometry": { "type": "LineString", "coordinates": [ [ -78.072181322829366, 39.286752311349971 ], [ -78.072342, 39.286779 ] ] } },
{ "type": "Feature", "properties": { "element": "way", "id": 20031384, "highway": "secondary", "ref": "SR 669", "noref": null, "traffic_signals": null, "name": "Rest Church Road", "crossing": null, "crossing:markings": null, "direction": null, "tiger:cfcc": "A41", "tiger:county": "Frederick, VA", "service": null, "source:name": null, "tiger:reviewed": "no", "access": null, "tiger:name_base": "Rest Church", "tiger:name_type": "Rd", "tiger:zip_left": "22624", "tiger:zip_right": "22624", "name_1": "State Route 669", "tiger:name_base_1": "State Route 669", "tiger:name_type_1": null, "bicycle": null, "foot": null, "hgv": null, "hgv:national_network": null, "horse": null, "lanes": null, "maxspeed": null, "oneway": null, "source:hgv:national_network": null, "surface": null, "tiger:separated": null, "tiger:source": null, "tiger:tlid": null, "tiger:upload_uuid": null, "destination": null, "destination:ref": null, "destination:ref:to": null, "start_date": null, "source:geometry": null, "maxheight:signed": null, "bridge": null, "layer": null, "emergency": null, "tunnel": null, "addr:city": null, "addr:housenumber": null, "addr:postcode": null, "addr:state": null, "addr:street": null, "area": null, "brand": null, "brand:wikidata": null, "check_date": null, "email": null, "fax": null, "phone": null, "website": null, "construction": null, "source": null, "motor_vehicle": null, "fixme": null, "footway": null, "informal": null, "cycleway": null, "covered": null }, "geometry": { "type": "LineString", "coordinates": [ [ -78.0827025, 39.2904842 ], [ -78.083352819335943, 39.290613319369513 ] ] } },
{ "type": "Feature", "properties": { "element": "way", "id": 20034929, "highway": "tertiary", "ref": "SR 669", "noref": null, "traffic_signals": null, "name": "Woodbine Road", "crossing": null, "crossing:markings": null, "direction": null, "tiger:cfcc": "A41", "tiger:county": "Frederick, VA", "service": null, "source:name": null, "tiger:reviewed": "no", "access": null, "tiger:name_base": "Woodbine", "tiger:name_type": "Rd", "tiger:zip_left": "22624", "tiger:zip_right": "22624", "name_1": null, "tiger:name_base_1": "State Route 669", "tiger:name_type_1": null, "bicycle": null, "foot": null, "hgv": null, "hgv:national_network": null, "horse": null, "lanes": null, "maxspeed": null, "oneway": null, "source:hgv:national_network": null, "surface": null, "tiger:separated": null, "tiger:source": null, "tiger:tlid": null, "tiger:upload_uuid": null, "destination": null, "destination:ref": null, "destination:ref:to": null, "start_date": null, "source:geometry": null, "maxheight:signed": null, "bridge": null, "layer": null, "emergency": null, "tunnel": null, "addr:city": null, "addr:housenumber": null, "addr:postcode": null, "addr:state": null, "addr:street": null, "area": null, "brand": null, "brand:wikidata": null, "check_date": null, "email": null, "fax": null, "phone": null, "website": null, "construction": null, "source": null, "motor_vehicle": null, "fixme": null, "footway": null, "informal": null, "cycleway": null, "covered": null }, "geometry": { "type": "MultiLineString", "coordinates": [ [ [ -78.077215968712721, 39.285359739822212 ], [ -78.0774292, 39.2853923 ], [ -78.0776161, 39.2854191 ], [ -78.078, 39.285474 ], [ -78.078651, 39.285577 ], [ -78.080502, 39.285877 ], [ -78.0814529, 39.2860261 ], [ -78.082305, 39.286162 ], [ -78.082734, 39.286246 ], [ -78.083313, 39.286361 ], [ -78.083763876635402, 39.286459936158174 ] ], [ [ -78.084082894882442, 39.286529937332894 ], [ -78.084188, 39.286553 ], [ -78.084349, 39.286593 ] ] ] } },
{ "type": "Feature", "properties": { "element": "way", "id": 549055438, "highway": "tertiary", "ref": "SR 669", "noref": null, "traffic_signals": null, "name": "Business Boulevard", "crossing": null, "crossing:markings": null, "direction": null, "tiger:cfcc": null, "tiger:county": null, "service": null, "source:name": "https://vgin.maps.arcgis.com", "tiger:reviewed": null, "access": null, "tiger:name_base": null, "tiger:name_type": null, "tiger:zip_left": null, "tiger:zip_right": null, "name_1": null, "tiger:name_base_1": null, "tiger:name_type_1": null, "bicycle": null, "foot": null, "hgv": null, "hgv:national_network": null, "horse": null, "lanes": null, "maxspeed": null, "oneway": null, "source:hgv:national_network": null, "surface": "asphalt", "tiger:separated": null, "tiger:source": null, "tiger:tlid": null, "tiger:upload_uuid": null, "destination": null, "destination:ref": null, "destination:ref:to": null, "start_date": null, "source:geometry": "Virginia Imagery Service - Most Recent", "maxheight:signed": null, "bridge": null, "layer": null, "emergency": null, "tunnel": null, "addr:city": null, "addr:housenumber": null, "addr:postcode": null, "addr:state": null, "addr:street": null, "area": null, "brand": null, "brand:wikidata": null, "check_date": null, "email": null, "fax": null, "phone": null, "website": null, "construction": null, "source": null, "motor_vehicle": null, "fixme": null, "footway": null, "informal": null, "cycleway": null, "covered": null }, "geometry": { "type": "LineString", "coordinates": [ [ -78.0804628, 39.2897978 ], [ -78.0804328, 39.2897648 ], [ -78.0803773, 39.2896869 ], [ -78.0803376, 39.2896028 ], [ -78.0803208, 39.2895452 ], [ -78.0803134, 39.2894996 ], [ -78.080298, 39.2894108 ], [ -78.0802953, 39.2893335 ], [ -78.0803024, 39.2892704 ], [ -78.0803215, 39.2891866 ], [ -78.0803442, 39.2891194 ], [ -78.0804405, 39.2889171 ], [ -78.0805354, 39.2887361 ], [ -78.0805806, 39.2886414 ], [ -78.080636, 39.2885254 ], [ -78.0807459, 39.2881954 ], [ -78.0811754, 39.2868426 ], [ -78.0812082, 39.2867393 ], [ -78.0812851, 39.2864972 ], [ -78.0813722, 39.2862678 ], [ -78.0813821, 39.286238 ], [ -78.0814529, 39.2860261 ] ] } },
{ "type": "Feature", "properties": { "element": "way", "id": 549805435, "highway": "residential", "ref": null, "noref": null, "traffic_signals": null, "name": "Cajun Drive", "crossing": null, "crossing:markings": null, "direction": null, "tiger:cfcc": null, "tiger:county": null, "service": null, "source:name": null, "tiger:reviewed": null, "access": null, "tiger:name_base": null, "tiger:name_type": null, "tiger:zip_left": null, "tiger:zip_right": null, "name_1": null, "tiger:name_base_1": null, "tiger:name_type_1": null, "bicycle": null, "foot": null, "hgv": null, "hgv:national_network": null, "horse": null, "lanes": null, "maxspeed": null, "oneway": null, "source:hgv:national_network": null, "surface": null, "tiger:separated": null, "tiger:source": null, "tiger:tlid": null, "tiger:upload_uuid": null, "destination": null, "destination:ref": null, "destination:ref:to": null, "start_date": null, "source:geometry": null, "maxheight:signed": null, "bridge": null, "layer": null, "emergency": null, "tunnel": null, "addr:city": null, "addr:housenumber": null, "addr:postcode": null, "addr:state": null, "addr:street": null, "area": null, "brand": null, "brand:wikidata": null, "check_date": null, "email": null, "fax": null, "phone": null, "website": null, "construction": "residential", "source": null, "motor_vehicle": null, "fixme": null, "footway": null, "informal": null, "cycleway": null, "covered": null }, "geometry": { "type": "LineString", "coordinates": [ [ -78.061402304825251, 39.287766862887004 ], [ -78.061227, 39.2877087 ] ] } },
{ "type": "Feature", "properties": { "element": "way", "id": 549805438, "highway": "residential", "ref": null, "noref": null, "traffic_signals": null, "name": null, "crossing": null, "crossing:markings": null, "direction": null, "tiger:cfcc": null, "tiger:county": null, "service": null, "source:name": null, "tiger:reviewed": null, "access": null, "tiger:name_base": null, "tiger:name_type": null, "tiger:zip_left": null, "tiger:zip_right": null, "name_1": null, "tiger:name_base_1": null, "tiger:name_type_1": null, "bicycle": null, "foot": null, "hgv": null, "hgv:national_network": null, "horse": null, "lanes": null, "maxspeed": null, "oneway": null, "source:hgv:national_network": null, "surface": null, "tiger:separated": null, "tiger:source": null, "tiger:tlid": null, "tiger:upload_uuid": null, "destination": null, "destination:ref": null, "destination:ref:to": null, "start_date": null, "source:geometry": null, "maxheight:signed": null, "bridge": null, "layer": null, "emergency": null, "tunnel": null, "addr:city": null, "addr:housenumber": null, "addr:postcode": null, "addr:state": null, "addr:street": null, "area": null, "brand": null, "brand:wikidata": null, "check_date": null, "email": null, "fax": null, "phone": null, "website": null, "construction": "residential", "source": null, "motor_vehicle": null, "fixme": null, "footway": null, "informal": null, "cycleway": null, "covered": null }, "geometry": { "type": "LineString", "coordinates": [ [ -78.063670429394136, 39.287970581736815 ], [ -78.0636946, 39.2878415 ] ] } },
{ "type": "Feature", "properties": { "element": "way", "id": 834099704, "highway": "service", "ref": null, "noref": null, "traffic_signals": null, "name": null, "crossing": null, "crossing:markings": null, "direction": null, "tiger:cfcc": null, "tiger:county": null, "service": "driveway", "source:name": null, "tiger:reviewed": null, "access": null, "tiger:name_base": null, "tiger:name_type": null, "tiger:zip_left": null, "tiger:zip_right": null, "name_1": null, "tiger:name_base_1": null, "tiger:name_type_1": null, "bicycle": null, "foot": null, "hgv": null, "hgv:national_network": null, "horse": null, "lanes": null, "maxspeed": null, "oneway": null, "source:hgv:national_network": null, "surface": null, "tiger:separated": null, "tiger:source": null, "tiger:tlid": null, "tiger:upload_uuid": null, "destination": null, "destination:ref": null, "destination:ref:to": null, "start_date": null, "source:geometry": null, "maxheight:signed": null, "bridge": null, "layer": null, "emergency": null, "tunnel": null, "addr:city": null, "addr:housenumber": null, "addr:postcode": null, "addr:state": null, "addr:street": null, "area": null, "brand": null, "brand:wikidata": null, "check_date": null, "email": null, "fax": null, "phone": null, "website": null, "construction": null, "source": null, "motor_vehicle": null, "fixme": null, "footway": null, "informal": null, "cycleway": null, "covered": null }, "geometry": { "type": "LineString", "coordinates": [ [ -78.0674136, 39.2882454 ], [ -78.0676124, 39.2882912 ], [ -78.0677793, 39.2883195 ], [ -78.0678622, 39.2883342 ], [ -78.067873656378168, 39.288335939994163 ] ] } },
{ "type": "Feature", "properties": { "element": "way", "id": 834099971, "highway": "service", "ref": null, "noref": null, "traffic_signals": null, "name": null, "crossing": null, "crossing:markings": null, "direction": null, "tiger:cfcc": null, "tiger:county": null, "service": null, "source:name": null, "tiger:reviewed": null, "access": null, "tiger:name_base": null, "tiger:name_type": null, "tiger:zip_left": null, "tiger:zip_right": null, "name_1": null, "tiger:name_base_1": null, "tiger:name_type_1": null, "bicycle": null, "foot": null, "hgv": null, "hgv:national_network": null, "horse": null, "lanes": null, "maxspeed": null, "oneway": null, "source:hgv:national_network": null, "surface": null, "tiger:separated": null, "tiger:source": null, "tiger:tlid": null, "tiger:upload_uuid": null, "destination": null, "destination:ref": null, "destination:ref:to": null, "start_date": null, "source:geometry": null, "maxheight:signed": null, "bridge": null, "layer": null, "emergency": null, "tunnel": null, "addr:city": null, "addr:housenumber": null, "addr:postcode": null, "addr:state": null, "addr:street": null, "area": null, "brand": null, "brand:wikidata": null, "check_date": null, "email": null, "fax": null, "phone": null, "website": null, "construction": null, "source": null, "motor_vehicle": null, "fixme": null, "footway": null, "informal": null, "cycleway": null, "covered": null }, "geometry": { "type": "LineString", "coordinates": [ [ -78.071337127917758, 39.306211610612849 ], [ -78.0722555, 39.306434 ] ] } },
{ "type": "Feature", "properties": { "element": "way", "id": 834101001, "highway": "service", "ref": null, "noref": null, "traffic_signals": null, "name": null, "crossing": null, "crossing:markings": null, "direction": null, "tiger:cfcc": null, "tiger:county": null, "service": "driveway", "source:name": null, "tiger:reviewed": null, "access": null, "tiger:name_base": null, "tiger:name_type": null, "tiger:zip_left": null, "tiger:zip_right": null, "name_1": null, "tiger:name_base_1": null, "tiger:name_type_1": null, "bicycle": null, "foot": null, "hgv": null, "hgv:national_network": null, "horse": null, "lanes": null, "maxspeed": null, "oneway": null, "source:hgv:national_network": null, "surface": null, "tiger:separated": null, "tiger:source": null, "tiger:tlid": null, "tiger:upload_uuid": null, "destination": null, "destination:ref": null, "destination:ref:to": null, "start_date": null, "source:geometry": null, "maxheight:signed": null, "bridge": null, "layer": null, "emergency": null, "tunnel": null, "addr:city": null, "addr:housenumber": null, "addr:postcode": null, "addr:state": null, "addr:street": null, "area": null, "brand": null, "brand:wikidata": null, "check_date": null, "email": null, "fax": null, "phone": null, "website": null, "construction": null, "source": null, "motor_vehicle": null, "fixme": null, "footway": null, "informal": null, "cycleway": null, "covered": null }, "geometry": { "type": "LineString", "coordinates": [ [ -78.0537546, 39.3062416 ], [ -78.0540011, 39.3063375 ], [ -78.0542951, 39.3064777 ], [ -78.0546593, 39.3066537 ], [ -78.0548979, 39.3067439 ], [ -78.0550365, 39.306819699999984 ], [ -78.0551179, 39.306922699999987 ], [ -78.0551845, 39.30704 ], [ -78.0553046, 39.3072589 ], [ -78.0553971, 39.3073734 ], [ -78.0555099, 39.3074635 ], [ -78.0556079, 39.3074864 ], [ -78.0556855, 39.3074649 ], [ -78.05575129901699, 39.307440831937967 ] ] } },
{ "type": "Feature", "properties": { "element": "way", "id": 834101002, "highway": "service", "ref": null, "noref": null, "traffic_signals": null, "name": null, "crossing": null, "crossing:markings": null, "direction": null, "tiger:cfcc": null, "tiger:county": null, "service": "driveway", "source:name": null, "tiger:reviewed": null, "access": "private", "tiger:name_base": null, "tiger:name_type": null, "tiger:zip_left": null, "tiger:zip_right": null, "name_1": null, "tiger:name_base_1": null, "tiger:name_type_1": null, "bicycle": null, "foot": null, "hgv": null, "hgv:national_network": null, "horse": null, "lanes": null, "maxspeed": null, "oneway": null, "source:hgv:national_network": null, "surface": null, "tiger:separated": null, "tiger:source": null, "tiger:tlid": null, "tiger:upload_uuid": null, "destination": null, "destination:ref": null, "destination:ref:to": null, "start_date": null, "source:geometry": null, "maxheight:signed": null, "bridge": null, "layer": null, "emergency": null, "tunnel": null, "addr:city": null, "addr:housenumber": null, "addr:postcode": null, "addr:state": null, "addr:street": null, "area": null, "brand": null, "brand:wikidata": null, "check_date": null, "email": null, "fax": null, "phone": null, "website": null, "construction": null, "source": null, "motor_vehicle": null, "fixme": null, "footway": null, "informal": null, "cycleway": null, "covered": null }, "geometry": { "type": "LineString", "coordinates": [ [ -78.0542898, 39.305887699999985 ], [ -78.05443425421079, 39.305908834247838 ] ] } },
{ "type": "Feature", "properties": { "element": "way", "id": 834101004, "highway": "service", "ref": null, "noref": null, "traffic_signals": null, "name": null, "crossing": null, "crossing:markings": null, "direction": null, "tiger:cfcc": null, "tiger:county": null, "service": "driveway", "source:name": null, "tiger:reviewed": null, "access": null, "tiger:name_base": null, "tiger:name_type": null, "tiger:zip_left": null, "tiger:zip_right": null, "name_1": null, "tiger:name_base_1": null, "tiger:name_type_1": null, "bicycle": null, "foot": null, "hgv": null, "hgv:national_network": null, "horse": null, "lanes": null, "maxspeed": null, "oneway": null, "source:hgv:national_network": null, "surface": null, "tiger:separated": null, "tiger:source": null, "tiger:tlid": null, "tiger:upload_uuid": null, "destination": null, "destination:ref": null, "destination:ref:to": null, "start_date": null, "source:geometry": null, "maxheight:signed": null, "bridge": null, "layer": null, "emergency": null, "tunnel": null, "addr:city": null, "addr:housenumber": null, "addr:postcode": null, "addr:state": null, "addr:street": null, "area": null, "brand": null, "brand:wikidata": null, "check_date": null, "email": null, "fax": null, "phone": null, "website": null, "construction": null, "source": null, "motor_vehicle": null, "fixme": null, "footway": null, "informal": null, "cycleway": null, "covered": null }, "geometry": { "type": "LineString", "coordinates": [ [ -78.052685, 39.3042757 ], [ -78.0524307, 39.3042253 ], [ -78.0521515, 39.304211799999983 ], [ -78.0520381, 39.3042422 ], [ -78.051998254722832, 39.304266092282887 ] ] } },
{ "type": "Feature", "properties": { "element": "way", "id": 856316743, "highway": "service", "ref": null, "noref": null, "traffic_signals": null, "name": null, "crossing": null, "crossing:markings": null, "direction": null, "tiger:cfcc": null, "tiger:county": null, "service": null, "source:name": null, "tiger:reviewed": null, "access": null, "tiger:name_base": null, "tiger:name_type": null, "tiger:zip_left": null, "tiger:zip_right": null, "name_1": null, "tiger:name_base_1": null, "tiger:name_type_1": null, "bicycle": null, "foot": null, "hgv": null, "hgv:national_network": null, "horse": null, "lanes": null, "maxspeed": null, "oneway": null, "source:hgv:national_network": null, "surface": null, "tiger:separated": null, "tiger:source": null, "tiger:tlid": null, "tiger:upload_uuid": null, "destination": null, "destination:ref": null, "destination:ref:to": null, "start_date": null, "source:geometry": null, "maxheight:signed": null, "bridge": null, "layer": null, "emergency": null, "tunnel": null, "addr:city": null, "addr:housenumber": null, "addr:postcode": null, "addr:state": null, "addr:street": null, "area": null, "brand": null, "brand:wikidata": null, "check_date": null, "email": null, "fax": null, "phone": null, "website": null, "construction": null, "source": null, "motor_vehicle": null, "fixme": null, "footway": null, "informal": null, "cycleway": null, "covered": null }, "geometry": { "type": "LineString", "coordinates": [ [ -78.0805806, 39.2886414 ], [ -78.0804434, 39.2885975 ], [ -78.0800846, 39.2884827 ] ] } },
{ "type": "Feature", "properties": { "element": "way", "id": 856316744, "highway": "service", "ref": null, "noref": null, "traffic_signals": null, "name": null, "crossing": null, "crossing:markings": null, "direction": null, "tiger:cfcc": null, "tiger:county": null, "service": null, "source:name": null, "tiger:reviewed": null, "access": null, "tiger:name_base": null, "tiger:name_type": null, "tiger:zip_left": null, "tiger:zip_right": null, "name_1": null, "tiger:name_base_1": null, "tiger:name_type_1": null, "bicycle": null, "foot": null, "hgv": null, "hgv:national_network": null, "horse": null, "lanes": null, "maxspeed": null, "oneway": "yes", "source:hgv:national_network": null, "surface": null, "tiger:separated": null, "tiger:source": null, "tiger:tlid": null, "tiger:upload_uuid": null, "destination": null, "destination:ref": null, "destination:ref:to": null, "start_date": null, "source:geometry": null, "maxheight:signed": null, "bridge": null, "layer": null, "emergency": null, "tunnel": null, "addr:city": null, "addr:housenumber": null, "addr:postcode": null, "addr:state": null, "addr:street": null, "area": null, "brand": null, "brand:wikidata": null, "check_date": null, "email": null, "fax": null, "phone": null, "website": null, "construction": null, "source": null, "motor_vehicle": null, "fixme": null, "footway": null, "informal": null, "cycleway": null, "covered": null }, "geometry": { "type": "LineString", "coordinates": [ [ -78.0803584, 39.28697970000001 ], [ -78.080154800000017, 39.2873785 ], [ -78.0800932, 39.2874991 ], [ -78.0796512, 39.288344 ] ] } },
{ "type": "Feature", "properties": { "element": "way", "id": 856316745, "highway": "service", "ref": null, "noref": null, "traffic_signals": null, "name": null, "crossing": null, "crossing:markings": null, "direction": null, "tiger:cfcc": null, "tiger:county": null, "service": null, "source:name": null, "tiger:reviewed": null, "access": null, "tiger:name_base": null, "tiger:name_type": null, "tiger:zip_left": null, "tiger:zip_right": null, "name_1": null, "tiger:name_base_1": null, "tiger:name_type_1": null, "bicycle": null, "foot": null, "hgv": null, "hgv:national_network": null, "horse": null, "lanes": null, "maxspeed": null, "oneway": null, "source:hgv:national_network": null, "surface": null, "tiger:separated": null, "tiger:source": null, "tiger:tlid": null, "tiger:upload_uuid": null, "destination": null, "destination:ref": null, "destination:ref:to": null, "start_date": null, "source:geometry": null, "maxheight:signed": null, "bridge": null, "layer": null, "emergency": null, "tunnel": null, "addr:city": null, "addr:housenumber": null, "addr:postcode": null, "addr:state": null, "addr:street": null, "area": null, "brand": null, "brand:wikidata": null, "check_date": null, "email": null, "fax": null, "phone": null, "website": null, "construction": null, "source": null, "motor_vehicle": null, "fixme": null, "footway": null, "informal": null, "cycleway": null, "covered": null }, "geometry": { "type": "MultiLineString", "coordinates": [ [ [ -78.0800449, 39.2899882 ], [ -78.0799691, 39.2900228 ], [ -78.07985, 39.2900998 ], [ -78.0797815, 39.290175499999989 ], [ -78.0796999, 39.2903346 ], [ -78.079412, 39.290917 ], [ -78.0793411, 39.2910605 ], [ -78.079013240745056, 39.291710794544045 ] ], [ [ -78.079012393640568, 39.291712474720896 ], [ -78.0789121, 39.291911399999982 ], [ -78.0788326, 39.2920578 ], [ -78.0785695, 39.2925426 ], [ -78.0784896, 39.2926423 ], [ -78.0784309, 39.2926802 ], [ -78.0783705, 39.2927067 ], [ -78.0783053, 39.292718 ], [ -78.0782368, 39.2927168 ], [ -78.0780557, 39.29267260000001 ], [ -78.0774903, 39.2925055 ], [ -78.0773168, 39.2924542 ], [ -78.0764447, 39.2921638 ], [ -78.0752354, 39.2917611 ], [ -78.0752223, 39.2917409 ], [ -78.0752321, 39.2917132 ], [ -78.0754839, 39.2912142 ], [ -78.075533814782148, 39.291115240086306 ] ], [ [ -78.075562523051687, 39.291058323577261 ], [ -78.0758862, 39.2904166 ], [ -78.0778533, 39.2866024 ], [ -78.077984532299354, 39.286356764961113 ] ], [ [ -78.078340071864346, 39.285996463859846 ], [ -78.0783525, 39.2859909 ], [ -78.0784545, 39.2859642 ], [ -78.0785513, 39.285957 ], [ -78.0786559, 39.285970400000011 ], [ -78.079127222020702, 39.286111961326533 ] ], [ [ -78.07970702347022, 39.286292077760713 ], [ -78.0809646, 39.2866838 ], [ -78.0810462, 39.2867052 ], [ -78.0812082, 39.2867393 ] ] ] } },
{ "type": "Feature", "properties": { "element": "way", "id": 856316746, "highway": "service", "ref": null, "noref": null, "traffic_signals": null, "name": null, "crossing": null, "crossing:markings": null, "direction": null, "tiger:cfcc": null, "tiger:county": null, "service": null, "source:name": null, "tiger:reviewed": null, "access": null, "tiger:name_base": null, "tiger:name_type": null, "tiger:zip_left": null, "tiger:zip_right": null, "name_1": null, "tiger:name_base_1": null, "tiger:name_type_1": null, "bicycle": null, "foot": null, "hgv": null, "hgv:national_network": null, "horse": null, "lanes": null, "maxspeed": null, "oneway": "yes", "source:hgv:national_network": null, "surface": null, "tiger:separated": null, "tiger:source": null, "tiger:tlid": null, "tiger:upload_uuid": null, "destination": null, "destination:ref": null, "destination:ref:to": null, "start_date": null, "source:geometry": null, "maxheight:signed": null, "bridge": null, "layer": null, "emergency": null, "tunnel": null, "addr:city": null, "addr:housenumber": null, "addr:postcode": null, "addr:state": null, "addr:street": null, "area": null, "brand": null, "brand:wikidata": null, "check_date": null, "email": null, "fax": null, "phone": null, "website": null, "construction": null, "source": null, "motor_vehicle": null, "fixme": null, "footway": null, "informal": null, "cycleway": null, "covered": null }, "geometry": { "type": "LineString", "coordinates": [ [ -78.0796512, 39.288344 ], [ -78.0789969, 39.2896217 ], [ -78.0784724, 39.2906327 ], [ -78.0781629, 39.2912292 ], [ -78.077908126882548, 39.29173836315924 ] ] } },
{ "type": "Feature", "properties": { "element": "way", "id": 856316747, "highway": "service", "ref": null, "noref": null, "traffic_signals": null, "name": null, "crossing": null, "crossing:markings": null, "direction": null, "tiger:cfcc": null, "tiger:county": null, "service": null, "source:name": null, "tiger:reviewed": null, "access": null, "tiger:name_base": null, "tiger:name_type": null, "tiger:zip_left": null, "tiger:zip_right": null, "name_1": null, "tiger:name_base_1": null, "tiger:name_type_1": null, "bicycle": null, "foot": null, "hgv": null, "hgv:national_network": null, "horse": null, "lanes": null, "maxspeed": null, "oneway": "yes", "source:hgv:national_network": null, "surface": null, "tiger:separated": null, "tiger:source": null, "tiger:tlid": null, "tiger:upload_uuid": null, "destination": null, "destination:ref": null, "destination:ref:to": null, "start_date": null, "source:geometry": null, "maxheight:signed": null, "bridge": null, "layer": null, "emergency": null, "tunnel": null, "addr:city": null, "addr:housenumber": null, "addr:postcode": null, "addr:state": null, "addr:street": null, "area": null, "brand": null, "brand:wikidata": null, "check_date": null, "email": null, "fax": null, "phone": null, "website": null, "construction": null, "source": null, "motor_vehicle": null, "fixme": null, "footway": null, "informal": null, "cycleway": null, "covered": null }, "geometry": { "type": "LineString", "coordinates": [ [ -78.0808057, 39.287119 ], [ -78.0805916, 39.2875238 ], [ -78.0800846, 39.2884827 ] ] } },
{ "type": "Feature", "properties": { "element": "way", "id": 856316748, "highway": "service", "ref": null, "noref": null, "traffic_signals": null, "name": null, "crossing": null, "crossing:markings": null, "direction": null, "tiger:cfcc": null, "tiger:county": null, "service": null, "source:name": null, "tiger:reviewed": null, "access": null, "tiger:name_base": null, "tiger:name_type": null, "tiger:zip_left": null, "tiger:zip_right": null, "name_1": null, "tiger:name_base_1": null, "tiger:name_type_1": null, "bicycle": null, "foot": null, "hgv": null, "hgv:national_network": null, "horse": null, "lanes": null, "maxspeed": null, "oneway": null, "source:hgv:national_network": null, "surface": null, "tiger:separated": null, "tiger:source": null, "tiger:tlid": null, "tiger:upload_uuid": null, "destination": null, "destination:ref": null, "destination:ref:to": null, "start_date": null, "source:geometry": null, "maxheight:signed": null, "bridge": null, "layer": null, "emergency": null, "tunnel": null, "addr:city": null, "addr:housenumber": null, "addr:postcode": null, "addr:state": null, "addr:street": null, "area": null, "brand": null, "brand:wikidata": null, "check_date": null, "email": null, "fax": null, "phone": null, "website": null, "construction": null, "source": null, "motor_vehicle": null, "fixme": null, "footway": null, "informal": null, "cycleway": null, "covered": null }, "geometry": { "type": "MultiLineString", "coordinates": [ [ [ -78.0808057, 39.287119 ], [ -78.0806004, 39.287055 ], [ -78.0803584, 39.28697970000001 ], [ -78.0802387, 39.2869424 ], [ -78.079169566053238, 39.286606104927991 ] ], [ [ -78.07916408063663, 39.286604379462261 ], [ -78.0785366, 39.286407 ] ] ] } },
{ "type": "Feature", "properties": { "element": "way", "id": 856316749, "highway": "service", "ref": null, "noref": null, "traffic_signals": null, "name": null, "crossing": null, "crossing:markings": null, "direction": null, "tiger:cfcc": null, "tiger:county": null, "service": "parking_aisle", "source:name": null, "tiger:reviewed": null, "access": null, "tiger:name_base": null, "tiger:name_type": null, "tiger:zip_left": null, "tiger:zip_right": null, "name_1": null, "tiger:name_base_1": null, "tiger:name_type_1": null, "bicycle": null, "foot": null, "hgv": null, "hgv:national_network": null, "horse": null, "lanes": null, "maxspeed": null, "oneway": "yes", "source:hgv:national_network": null, "surface": null, "tiger:separated": null, "tiger:source": null, "tiger:tlid": null, "tiger:upload_uuid": null, "destination": null, "destination:ref": null, "destination:ref:to": null, "start_date": null, "source:geometry": null, "maxheight:signed": null, "bridge": null, "layer": null, "emergency": null, "tunnel": null, "addr:city": null, "addr:housenumber": null, "addr:postcode": null, "addr:state": null, "addr:street": null, "area": null, "brand": null, "brand:wikidata": null, "check_date": null, "email": null, "fax": null, "phone": null, "website": null, "construction": null, "source": null, "motor_vehicle": null, "fixme": null, "footway": null, "informal": null, "cycleway": null, "covered": null }, "geometry": { "type": "MultiLineString", "coordinates": [ [ [ -78.0778136, 39.2924207 ], [ -78.078024, 39.2920104 ], [ -78.0781095, 39.2918385 ], [ -78.078151636832814, 39.291753815427015 ] ], [ [ -78.078154614980349, 39.291747830080936 ], [ -78.0786206, 39.2908113 ], [ -78.0786812, 39.290698 ], [ -78.0792884, 39.2895629 ] ] ] } },
{ "type": "Feature", "properties": { "element": "way", "id": 856316750, "highway": "service", "ref": null, "noref": null, "traffic_signals": null, "name": null, "crossing": null, "crossing:markings": null, "direction": null, "tiger:cfcc": null, "tiger:county": null, "service": null, "source:name": null, "tiger:reviewed": null, "access": null, "tiger:name_base": null, "tiger:name_type": null, "tiger:zip_left": null, "tiger:zip_right": null, "name_1": null, "tiger:name_base_1": null, "tiger:name_type_1": null, "bicycle": null, "foot": null, "hgv": null, "hgv:national_network": null, "horse": null, "lanes": null, "maxspeed": null, "oneway": null, "source:hgv:national_network": null, "surface": null, "tiger:separated": null, "tiger:source": null, "tiger:tlid": null, "tiger:upload_uuid": null, "destination": null, "destination:ref": null, "destination:ref:to": null, "start_date": null, "source:geometry": null, "maxheight:signed": null, "bridge": null, "layer": null, "emergency": null, "tunnel": null, "addr:city": null, "addr:housenumber": null, "addr:postcode": null, "addr:state": null, "addr:street": null, "area": null, "brand": null, "brand:wikidata": null, "check_date": null, "email": null, "fax": null, "phone": null, "website": null, "construction": null, "source": null, "motor_vehicle": null, "fixme": null, "footway": null, "informal": null, "cycleway": null, "covered": null }, "geometry": { "type": "LineString", "coordinates": [ [ -78.0792884, 39.2895629 ], [ -78.0795021, 39.2896323 ], [ -78.079724, 39.2897056 ], [ -78.0798463, 39.289751 ], [ -78.0798803, 39.289771 ], [ -78.0799115, 39.2897978 ], [ -78.080002, 39.289927 ], [ -78.0800449, 39.2899882 ] ] } },
{ "type": "Feature", "properties": { "element": "way", "id": 856316751, "highway": "service", "ref": null, "noref": null, "traffic_signals": null, "name": null, "crossing": null, "crossing:markings": null, "direction": null, "tiger:cfcc": null, "tiger:county": null, "service": "parking_aisle", "source:name": null, "tiger:reviewed": null, "access": null, "tiger:name_base": null, "tiger:name_type": null, "tiger:zip_left": null, "tiger:zip_right": null, "name_1": null, "tiger:name_base_1": null, "tiger:name_type_1": null, "bicycle": null, "foot": null, "hgv": null, "hgv:national_network": null, "horse": null, "lanes": null, "maxspeed": null, "oneway": "yes", "source:hgv:national_network": null, "surface": null, "tiger:separated": null, "tiger:source": null, "tiger:tlid": null, "tiger:upload_uuid": null, "destination": null, "destination:ref": null, "destination:ref:to": null, "start_date": null, "source:geometry": null, "maxheight:signed": null, "bridge": null, "layer": null, "emergency": null, "tunnel": null, "addr:city": null, "addr:housenumber": null, "addr:postcode": null, "addr:state": null, "addr:street": null, "area": null, "brand": null, "brand:wikidata": null, "check_date": null, "email": null, "fax": null, "phone": null, "website": null, "construction": null, "source": null, "motor_vehicle": null, "fixme": null, "footway": null, "informal": null, "cycleway": null, "covered": null }, "geometry": { "type": "LineString", "coordinates": [ [ -78.0792884, 39.2895629 ], [ -78.0795561, 39.289037699999987 ], [ -78.0798793, 39.288417 ], [ -78.0803391, 39.2875375 ], [ -78.0803846, 39.2874536 ], [ -78.0806004, 39.287055 ] ] } },
{ "type": "Feature", "properties": { "element": "way", "id": 856316752, "highway": "service", "ref": null, "noref": null, "traffic_signals": null, "name": null, "crossing": null, "crossing:markings": null, "direction": null, "tiger:cfcc": null, "tiger:county": null, "service": null, "source:name": null, "tiger:reviewed": null, "access": null, "tiger:name_base": null, "tiger:name_type": null, "tiger:zip_left": null, "tiger:zip_right": null, "name_1": null, "tiger:name_base_1": null, "tiger:name_type_1": null, "bicycle": null, "foot": null, "hgv": null, "hgv:national_network": null, "horse": null, "lanes": null, "maxspeed": null, "oneway": "yes", "source:hgv:national_network": null, "surface": null, "tiger:separated": null, "tiger:source": null, "tiger:tlid": null, "tiger:upload_uuid": null, "destination": null, "destination:ref": null, "destination:ref:to": null, "start_date": null, "source:geometry": null, "maxheight:signed": null, "bridge": null, "layer": null, "emergency": null, "tunnel": null, "addr:city": null, "addr:housenumber": null, "addr:postcode": null, "addr:state": null, "addr:street": null, "area": null, "brand": null, "brand:wikidata": null, "check_date": null, "email": null, "fax": null, "phone": null, "website": null, "construction": null, "source": null, "motor_vehicle": null, "fixme": null, "footway": null, "informal": null, "cycleway": null, "covered": null }, "geometry": { "type": "LineString", "coordinates": [ [ -78.0800846, 39.2884827 ], [ -78.0795021, 39.2896323 ] ] } },
{ "type": "Feature", "properties": { "element": "way", "id": 856316753, "highway": "service", "ref": null, "noref": null, "traffic_signals": null, "name": null, "crossing": null, "crossing:markings": null, "direction": null, "tiger:cfcc": null, "tiger:county": null, "service": null, "source:name": null, "tiger:reviewed": null, "access": null, "tiger:name_base": null, "tiger:name_type": null, "tiger:zip_left": null, "tiger:zip_right": null, "name_1": null, "tiger:name_base_1": null, "tiger:name_type_1": null, "bicycle": null, "foot": null, "hgv": null, "hgv:national_network": null, "horse": null, "lanes": null, "maxspeed": null, "oneway": null, "source:hgv:national_network": null, "surface": null, "tiger:separated": null, "tiger:source": null, "tiger:tlid": null, "tiger:upload_uuid": null, "destination": null, "destination:ref": null, "destination:ref:to": null, "start_date": null, "source:geometry": null, "maxheight:signed": null, "bridge": null, "layer": null, "emergency": null, "tunnel": null, "addr:city": null, "addr:housenumber": null, "addr:postcode": null, "addr:state": null, "addr:street": null, "area": null, "brand": null, "brand:wikidata": null, "check_date": null, "email": null, "fax": null, "phone": null, "website": null, "construction": null, "source": null, "motor_vehicle": null, "fixme": null, "footway": null, "informal": null, "cycleway": null, "covered": null }, "geometry": { "type": "MultiLineString", "coordinates": [ [ [ -78.077873630574189, 39.291753299903583 ], [ -78.0776902, 39.291696 ], [ -78.0774735, 39.2916283 ], [ -78.0772617, 39.2915622 ], [ -78.077225620089948, 39.291550931576843 ] ], [ [ -78.077222017827083, 39.291549806522738 ], [ -78.0770888, 39.29150820000001 ], [ -78.0770512, 39.2915099 ], [ -78.0770296, 39.2915207 ], [ -78.0770038, 39.2915432 ], [ -78.0767509, 39.2920371 ], [ -78.0767488, 39.2920571 ], [ -78.0767541, 39.2920737 ], [ -78.0767692, 39.2920862 ], [ -78.0767897, 39.2920946 ], [ -78.076967300000021, 39.2921512 ], [ -78.0771739, 39.292217 ], [ -78.0773887, 39.2922854 ], [ -78.0775894, 39.2923493 ], [ -78.0778136, 39.2924207 ], [ -78.0779638, 39.2924685 ] ] ] } },
{ "type": "Feature", "properties": { "element": "way", "id": 856316754, "highway": "service", "ref": null, "noref": null, "traffic_signals": null, "name": null, "crossing": null, "crossing:markings": null, "direction": null, "tiger:cfcc": null, "tiger:county": null, "service": null, "source:name": null, "tiger:reviewed": null, "access": null, "tiger:name_base": null, "tiger:name_type": null, "tiger:zip_left": null, "tiger:zip_right": null, "name_1": null, "tiger:name_base_1": null, "tiger:name_type_1": null, "bicycle": null, "foot": null, "hgv": null, "hgv:national_network": null, "horse": null, "lanes": null, "maxspeed": null, "oneway": null, "source:hgv:national_network": null, "surface": null, "tiger:separated": null, "tiger:source": null, "tiger:tlid": null, "tiger:upload_uuid": null, "destination": null, "destination:ref": null, "destination:ref:to": null, "start_date": null, "source:geometry": null, "maxheight:signed": null, "bridge": null, "layer": null, "emergency": null, "tunnel": null, "addr:city": null, "addr:housenumber": null, "addr:postcode": null, "addr:state": null, "addr:street": null, "area": null, "brand": null, "brand:wikidata": null, "check_date": null, "email": null, "fax": null, "phone": null, "website": null, "construction": null, "source": null, "motor_vehicle": null, "fixme": null, "footway": null, "informal": null, "cycleway": null, "covered": null }, "geometry": { "type": "LineString", "coordinates": [ [ -78.0788326, 39.2920578 ], [ -78.078328, 39.2919069 ], [ -78.0781095, 39.2918385 ], [ -78.077975430767921, 39.29178935186102 ] ] } },
{ "type": "Feature", "properties": { "element": "way", "id": 856316755, "highway": "service", "ref": null, "noref": null, "traffic_signals": null, "name": null, "crossing": null, "crossing:markings": null, "direction": null, "tiger:cfcc": null, "tiger:county": null, "service": null, "source:name": null, "tiger:reviewed": null, "access": null, "tiger:name_base": null, "tiger:name_type": null, "tiger:zip_left": null, "tiger:zip_right": null, "name_1": null, "tiger:name_base_1": null, "tiger:name_type_1": null, "bicycle": null, "foot": null, "hgv": null, "hgv:national_network": null, "horse": null, "lanes": null, "maxspeed": null, "oneway": null, "source:hgv:national_network": null, "surface": null, "tiger:separated": null, "tiger:source": null, "tiger:tlid": null, "tiger:upload_uuid": null, "destination": null, "destination:ref": null, "destination:ref:to": null, "start_date": null, "source:geometry": null, "maxheight:signed": null, "bridge": null, "layer": null, "emergency": null, "tunnel": null, "addr:city": null, "addr:housenumber": null, "addr:postcode": null, "addr:state": null, "addr:street": null, "area": null, "brand": null, "brand:wikidata": null, "check_date": null, "email": null, "fax": null, "phone": null, "website": null, "construction": null, "source": null, "motor_vehicle": null, "fixme": null, "footway": null, "informal": null, "cycleway": null, "covered": null }, "geometry": { "type": "LineString", "coordinates": [ [ -78.079412, 39.290917 ], [ -78.0789023, 39.2907658 ], [ -78.0786812, 39.290698 ], [ -78.0784724, 39.2906327 ] ] } },
{ "type": "Feature", "properties": { "element": "way", "id": 856316756, "highway": "service", "ref": null, "noref": null, "traffic_signals": null, "name": null, "crossing": null, "crossing:markings": null, "direction": null, "tiger:cfcc": null, "tiger:county": null, "service": null, "source:name": null, "tiger:reviewed": null, "access": null, "tiger:name_base": null, "tiger:name_type": null, "tiger:zip_left": null, "tiger:zip_right": null, "name_1": null, "tiger:name_base_1": null, "tiger:name_type_1": null, "bicycle": null, "foot": null, "hgv": null, "hgv:national_network": null, "horse": null, "lanes": null, "maxspeed": null, "oneway": null, "source:hgv:national_network": null, "surface": null, "tiger:separated": null, "tiger:source": null, "tiger:tlid": null, "tiger:upload_uuid": null, "destination": null, "destination:ref": null, "destination:ref:to": null, "start_date": null, "source:geometry": null, "maxheight:signed": null, "bridge": null, "layer": null, "emergency": null, "tunnel": null, "addr:city": null, "addr:housenumber": null, "addr:postcode": null, "addr:state": null, "addr:street": null, "area": null, "brand": null, "brand:wikidata": null, "check_date": null, "email": null, "fax": null, "phone": null, "website": null, "construction": null, "source": null, "motor_vehicle": null, "fixme": null, "footway": null, "informal": null, "cycleway": null, "covered": null }, "geometry": { "type": "LineString", "coordinates": [ [ -78.0764447, 39.2921638 ], [ -78.0767285, 39.2915737 ], [ -78.0754839, 39.2912142 ] ] } },
{ "type": "Feature", "properties": { "element": "way", "id": 856316757, "highway": "service", "ref": null, "noref": null, "traffic_signals": null, "name": null, "crossing": null, "crossing:markings": null, "direction": null, "tiger:cfcc": null, "tiger:county": null, "service": null, "source:name": null, "tiger:reviewed": null, "access": null, "tiger:name_base": null, "tiger:name_type": null, "tiger:zip_left": null, "tiger:zip_right": null, "name_1": null, "tiger:name_base_1": null, "tiger:name_type_1": null, "bicycle": null, "foot": null, "hgv": null, "hgv:national_network": null, "horse": null, "lanes": null, "maxspeed": null, "oneway": null, "source:hgv:national_network": null, "surface": null, "tiger:separated": null, "tiger:source": null, "tiger:tlid": null, "tiger:upload_uuid": null, "destination": null, "destination:ref": null, "destination:ref:to": null, "start_date": null, "source:geometry": null, "maxheight:signed": null, "bridge": null, "layer": null, "emergency": null, "tunnel": null, "addr:city": null, "addr:housenumber": null, "addr:postcode": null, "addr:state": null, "addr:street": null, "area": null, "brand": null, "brand:wikidata": null, "check_date": null, "email": null, "fax": null, "phone": null, "website": null, "construction": null, "source": null, "motor_vehicle": null, "fixme": null, "footway": null, "informal": null, "cycleway": null, "covered": null }, "geometry": { "type": "LineString", "coordinates": [ [ -78.0775894, 39.2923493 ], [ -78.0774903, 39.2925055 ] ] } },
{ "type": "Feature", "properties": { "element": "way", "id": 856316758, "highway": "service", "ref": null, "noref": null, "traffic_signals": null, "name": null, "crossing": null, "crossing:markings": null, "direction": null, "tiger:cfcc": null, "tiger:county": null, "service": null, "source:name": null, "tiger:reviewed": null, "access": null, "tiger:name_base": null, "tiger:name_type": null, "tiger:zip_left": null, "tiger:zip_right": null, "name_1": null, "tiger:name_base_1": null, "tiger:name_type_1": null, "bicycle": null, "foot": null, "hgv": null, "hgv:national_network": null, "horse": null, "lanes": null, "maxspeed": null, "oneway": null, "source:hgv:national_network": null, "surface": null, "tiger:separated": null, "tiger:source": null, "tiger:tlid": null, "tiger:upload_uuid": null, "destination": null, "destination:ref": null, "destination:ref:to": null, "start_date": null, "source:geometry": null, "maxheight:signed": null, "bridge": null, "layer": null, "emergency": null, "tunnel": null, "addr:city": null, "addr:housenumber": null, "addr:postcode": null, "addr:state": null, "addr:street": null, "area": null, "brand": null, "brand:wikidata": null, "check_date": null, "email": null, "fax": null, "phone": null, "website": null, "construction": null, "source": null, "motor_vehicle": null, "fixme": null, "footway": null, "informal": null, "cycleway": null, "covered": null }, "geometry": { "type": "LineString", "coordinates": [ [ -78.0805916, 39.2875238 ], [ -78.0803846, 39.2874536 ], [ -78.080154800000017, 39.2873785 ] ] } },
{ "type": "Feature", "properties": { "element": "way", "id": 856316759, "highway": "service", "ref": null, "noref": null, "traffic_signals": null, "name": null, "crossing": null, "crossing:markings": null, "direction": null, "tiger:cfcc": null, "tiger:county": null, "service": null, "source:name": null, "tiger:reviewed": null, "access": null, "tiger:name_base": null, "tiger:name_type": null, "tiger:zip_left": null, "tiger:zip_right": null, "name_1": null, "tiger:name_base_1": null, "tiger:name_type_1": null, "bicycle": null, "foot": null, "hgv": null, "hgv:national_network": null, "horse": null, "lanes": null, "maxspeed": null, "oneway": null, "source:hgv:national_network": null, "surface": null, "tiger:separated": null, "tiger:source": null, "tiger:tlid": null, "tiger:upload_uuid": null, "destination": null, "destination:ref": null, "destination:ref:to": null, "start_date": null, "source:geometry": null, "maxheight:signed": null, "bridge": null, "layer": null, "emergency": null, "tunnel": null, "addr:city": null, "addr:housenumber": null, "addr:postcode": null, "addr:state": null, "addr:street": null, "area": null, "brand": null, "brand:wikidata": null, "check_date": null, "email": null, "fax": null, "phone": null, "website": null, "construction": null, "source": null, "motor_vehicle": null, "fixme": null, "footway": null, "informal": null, "cycleway": null, "covered": null }, "geometry": { "type": "LineString", "coordinates": [ [ -78.0800846, 39.2884827 ], [ -78.0798793, 39.288417 ], [ -78.0796512, 39.288344 ] ] } },
{ "type": "Feature", "properties": { "element": "way", "id": 856316760, "highway": "service", "ref": null, "noref": null, "traffic_signals": null, "name": null, "crossing": null, "crossing:markings": null, "direction": null, "tiger:cfcc": null, "tiger:county": null, "service": null, "source:name": null, "tiger:reviewed": null, "access": null, "tiger:name_base": null, "tiger:name_type": null, "tiger:zip_left": null, "tiger:zip_right": null, "name_1": null, "tiger:name_base_1": null, "tiger:name_type_1": null, "bicycle": null, "foot": null, "hgv": null, "hgv:national_network": null, "horse": null, "lanes": null, "maxspeed": null, "oneway": "yes", "source:hgv:national_network": null, "surface": null, "tiger:separated": null, "tiger:source": null, "tiger:tlid": null, "tiger:upload_uuid": null, "destination": null, "destination:ref": null, "destination:ref:to": null, "start_date": null, "source:geometry": null, "maxheight:signed": null, "bridge": null, "layer": null, "emergency": null, "tunnel": null, "addr:city": null, "addr:housenumber": null, "addr:postcode": null, "addr:state": null, "addr:street": null, "area": null, "brand": null, "brand:wikidata": null, "check_date": null, "email": null, "fax": null, "phone": null, "website": null, "construction": null, "source": null, "motor_vehicle": null, "fixme": null, "footway": null, "informal": null, "cycleway": null, "covered": null }, "geometry": { "type": "LineString", "coordinates": [ [ -78.0795021, 39.2896323 ], [ -78.0789492, 39.2906726 ], [ -78.0789023, 39.2907658 ], [ -78.0783799, 39.291805 ], [ -78.078328, 39.2919069 ], [ -78.0780746, 39.2924044 ], [ -78.0780499, 39.2924494 ], [ -78.0780283, 39.292466 ], [ -78.077996, 39.2924719 ], [ -78.0779638, 39.2924685 ] ] } },
{ "type": "Feature", "properties": { "element": "way", "id": 856408197, "highway": "service", "ref": null, "noref": null, "traffic_signals": null, "name": null, "crossing": null, "crossing:markings": null, "direction": null, "tiger:cfcc": null, "tiger:county": null, "service": null, "source:name": null, "tiger:reviewed": null, "access": null, "tiger:name_base": null, "tiger:name_type": null, "tiger:zip_left": null, "tiger:zip_right": null, "name_1": null, "tiger:name_base_1": null, "tiger:name_type_1": null, "bicycle": null, "foot": null, "hgv": null, "hgv:national_network": null, "horse": null, "lanes": null, "maxspeed": null, "oneway": null, "source:hgv:national_network": null, "surface": null, "tiger:separated": null, "tiger:source": null, "tiger:tlid": null, "tiger:upload_uuid": null, "destination": null, "destination:ref": null, "destination:ref:to": null, "start_date": null, "source:geometry": null, "maxheight:signed": null, "bridge": null, "layer": null, "emergency": null, "tunnel": null, "addr:city": null, "addr:housenumber": null, "addr:postcode": null, "addr:state": null, "addr:street": null, "area": null, "brand": null, "brand:wikidata": null, "check_date": null, "email": null, "fax": null, "phone": null, "website": null, "construction": null, "source": null, "motor_vehicle": null, "fixme": null, "footway": null, "informal": null, "cycleway": null, "covered": null }, "geometry": { "type": "LineString", "coordinates": [ [ -78.0776161, 39.2854191 ], [ -78.0776433, 39.2853231 ], [ -78.0777052, 39.2851766 ], [ -78.077973038583892, 39.28465751427882 ] ] } },
{ "type": "Feature", "properties": { "element": "way", "id": 858114951, "highway": "service", "ref": null, "noref": null, "traffic_signals": null, "name": null, "crossing": null, "crossing:markings": null, "direction": null, "tiger:cfcc": null, "tiger:county": null, "service": "driveway", "source:name": null, "tiger:reviewed": null, "access": null, "tiger:name_base": null, "tiger:name_type": null, "tiger:zip_left": null, "tiger:zip_right": null, "name_1": null, "tiger:name_base_1": null, "tiger:name_type_1": null, "bicycle": null, "foot": null, "hgv": null, "hgv:national_network": null, "horse": null, "lanes": null, "maxspeed": null, "oneway": null, "source:hgv:national_network": null, "surface": null, "tiger:separated": null, "tiger:source": null, "tiger:tlid": null, "tiger:upload_uuid": null, "destination": null, "destination:ref": null, "destination:ref:to": null, "start_date": null, "source:geometry": null, "maxheight:signed": null, "bridge": null, "layer": null, "emergency": null, "tunnel": null, "addr:city": null, "addr:housenumber": null, "addr:postcode": null, "addr:state": null, "addr:street": null, "area": null, "brand": null, "brand:wikidata": null, "check_date": null, "email": null, "fax": null, "phone": null, "website": null, "construction": null, "source": null, "motor_vehicle": null, "fixme": null, "footway": null, "informal": null, "cycleway": null, "covered": null }, "geometry": { "type": "LineString", "coordinates": [ [ -78.0733349, 39.2910064 ], [ -78.0732241, 39.2909492 ], [ -78.0731531, 39.290944799999984 ], [ -78.072962800000013, 39.2909448 ], [ -78.072747, 39.290958 ], [ -78.0725851, 39.2909954 ], [ -78.0725116, 39.2910536 ] ] } },
{ "type": "Feature", "properties": { "element": "way", "id": 858182023, "highway": "service", "ref": null, "noref": null, "traffic_signals": null, "name": null, "crossing": null, "crossing:markings": null, "direction": null, "tiger:cfcc": null, "tiger:county": null, "service": "driveway", "source:name": null, "tiger:reviewed": null, "access": null, "tiger:name_base": null, "tiger:name_type": null, "tiger:zip_left": null, "tiger:zip_right": null, "name_1": null, "tiger:name_base_1": null, "tiger:name_type_1": null, "bicycle": null, "foot": null, "hgv": null, "hgv:national_network": null, "horse": null, "lanes": null, "maxspeed": null, "oneway": null, "source:hgv:national_network": null, "surface": null, "tiger:separated": null, "tiger:source": null, "tiger:tlid": null, "tiger:upload_uuid": null, "destination": null, "destination:ref": null, "destination:ref:to": null, "start_date": null, "source:geometry": null, "maxheight:signed": null, "bridge": null, "layer": null, "emergency": null, "tunnel": null, "addr:city": null, "addr:housenumber": null, "addr:postcode": null, "addr:state": null, "addr:street": null, "area": null, "brand": null, "brand:wikidata": null, "check_date": null, "email": null, "fax": null, "phone": null, "website": null, "construction": null, "source": null, "motor_vehicle": null, "fixme": null, "footway": null, "informal": null, "cycleway": null, "covered": null }, "geometry": { "type": "LineString", "coordinates": [ [ -78.0557424, 39.291828 ], [ -78.0559185, 39.2918763 ], [ -78.056146, 39.2919425 ], [ -78.056322449376339, 39.291991044793519 ] ] } },
{ "type": "Feature", "properties": { "element": "way", "id": 858403957, "highway": "service", "ref": null, "noref": null, "traffic_signals": null, "name": null, "crossing": null, "crossing:markings": null, "direction": null, "tiger:cfcc": null, "tiger:county": null, "service": "driveway", "source:name": null, "tiger:reviewed": null, "access": null, "tiger:name_base": null, "tiger:name_type": null, "tiger:zip_left": null, "tiger:zip_right": null, "name_1": null, "tiger:name_base_1": null, "tiger:name_type_1": null, "bicycle": null, "foot": null, "hgv": null, "hgv:national_network": null, "horse": null, "lanes": null, "maxspeed": null, "oneway": null, "source:hgv:national_network": null, "surface": null, "tiger:separated": null, "tiger:source": null, "tiger:tlid": null, "tiger:upload_uuid": null, "destination": null, "destination:ref": null, "destination:ref:to": null, "start_date": null, "source:geometry": null, "maxheight:signed": null, "bridge": null, "layer": null, "emergency": null, "tunnel": null, "addr:city": null, "addr:housenumber": null, "addr:postcode": null, "addr:state": null, "addr:street": null, "area": null, "brand": null, "brand:wikidata": null, "check_date": null, "email": null, "fax": null, "phone": null, "website": null, "construction": null, "source": null, "motor_vehicle": null, "fixme": null, "footway": null, "informal": null, "cycleway": null, "covered": null }, "geometry": { "type": "LineString", "coordinates": [ [ -78.0771403, 39.2944072 ], [ -78.0771201, 39.2944784 ], [ -78.077079209273563, 39.29454730313963 ] ] } },
{ "type": "Feature", "properties": { "element": "way", "id": 860931180, "highway": "service", "ref": null, "noref": null, "traffic_signals": null, "name": null, "crossing": null, "crossing:markings": null, "direction": null, "tiger:cfcc": null, "tiger:county": null, "service": "driveway", "source:name": null, "tiger:reviewed": null, "access": null, "tiger:name_base": null, "tiger:name_type": null, "tiger:zip_left": null, "tiger:zip_right": null, "name_1": null, "tiger:name_base_1": null, "tiger:name_type_1": null, "bicycle": null, "foot": null, "hgv": null, "hgv:national_network": null, "horse": null, "lanes": null, "maxspeed": null, "oneway": null, "source:hgv:national_network": null, "surface": null, "tiger:separated": null, "tiger:source": null, "tiger:tlid": null, "tiger:upload_uuid": null, "destination": null, "destination:ref": null, "destination:ref:to": null, "start_date": null, "source:geometry": null, "maxheight:signed": null, "bridge": null, "layer": null, "emergency": null, "tunnel": null, "addr:city": null, "addr:housenumber": null, "addr:postcode": null, "addr:state": null, "addr:street": null, "area": null, "brand": null, "brand:wikidata": null, "check_date": null, "email": null, "fax": null, "phone": null, "website": null, "construction": null, "source": null, "motor_vehicle": null, "fixme": null, "footway": null, "informal": null, "cycleway": null, "covered": null }, "geometry": { "type": "LineString", "coordinates": [ [ -78.0734582, 39.2915513 ], [ -78.0732686, 39.2914741 ], [ -78.0731934, 39.2914362 ], [ -78.0730964, 39.2913771 ], [ -78.0729273, 39.291271 ], [ -78.0727817, 39.2911864 ], [ -78.072638500000011, 39.2911113 ], [ -78.0725116, 39.2910536 ] ] } },
{ "type": "Feature", "properties": { "element": "way", "id": 863663177, "highway": "service", "ref": null, "noref": null, "traffic_signals": null, "name": null, "crossing": null, "crossing:markings": null, "direction": null, "tiger:cfcc": null, "tiger:county": null, "service": "driveway", "source:name": null, "tiger:reviewed": null, "access": null, "tiger:name_base": null, "tiger:name_type": null, "tiger:zip_left": null, "tiger:zip_right": null, "name_1": null, "tiger:name_base_1": null, "tiger:name_type_1": null, "bicycle": null, "foot": null, "hgv": null, "hgv:national_network": null, "horse": null, "lanes": null, "maxspeed": null, "oneway": null, "source:hgv:national_network": null, "surface": null, "tiger:separated": null, "tiger:source": null, "tiger:tlid": null, "tiger:upload_uuid": null, "destination": null, "destination:ref": null, "destination:ref:to": null, "start_date": null, "source:geometry": null, "maxheight:signed": null, "bridge": null, "layer": null, "emergency": null, "tunnel": null, "addr:city": null, "addr:housenumber": null, "addr:postcode": null, "addr:state": null, "addr:street": null, "area": null, "brand": null, "brand:wikidata": null, "check_date": null, "email": null, "fax": null, "phone": null, "website": null, "construction": null, "source": null, "motor_vehicle": null, "fixme": null, "footway": null, "informal": null, "cycleway": null, "covered": null }, "geometry": { "type": "LineString", "coordinates": [ [ -78.0725116, 39.2910536 ], [ -78.0726291, 39.2911625 ], [ -78.0728523, 39.2913272 ], [ -78.0729416, 39.2914282 ], [ -78.0729897, 39.2915505 ], [ -78.0730824, 39.2918003 ] ] } },
{ "type": "Feature", "properties": { "element": "way", "id": 863785287, "highway": "service", "ref": null, "noref": null, "traffic_signals": null, "name": null, "crossing": null, "crossing:markings": null, "direction": null, "tiger:cfcc": null, "tiger:county": null, "service": "driveway", "source:name": null, "tiger:reviewed": null, "access": null, "tiger:name_base": null, "tiger:name_type": null, "tiger:zip_left": null, "tiger:zip_right": null, "name_1": null, "tiger:name_base_1": null, "tiger:name_type_1": null, "bicycle": null, "foot": null, "hgv": null, "hgv:national_network": null, "horse": null, "lanes": null, "maxspeed": null, "oneway": null, "source:hgv:national_network": null, "surface": null, "tiger:separated": null, "tiger:source": null, "tiger:tlid": null, "tiger:upload_uuid": null, "destination": null, "destination:ref": null, "destination:ref:to": null, "start_date": null, "source:geometry": null, "maxheight:signed": null, "bridge": null, "layer": null, "emergency": null, "tunnel": null, "addr:city": null, "addr:housenumber": null, "addr:postcode": null, "addr:state": null, "addr:street": null, "area": null, "brand": null, "brand:wikidata": null, "check_date": null, "email": null, "fax": null, "phone": null, "website": null, "construction": null, "source": null, "motor_vehicle": null, "fixme": null, "footway": null, "informal": null, "cycleway": null, "covered": null }, "geometry": { "type": "LineString", "coordinates": [ [ -78.078765678393424, 39.294375614351416 ], [ -78.078779, 39.294303 ], [ -78.078815, 39.2942751 ], [ -78.078871, 39.2942132 ] ] } },
{ "type": "Feature", "properties": { "element": "way", "id": 863785288, "highway": "service", "ref": null, "noref": null, "traffic_signals": null, "name": null, "crossing": null, "crossing:markings": null, "direction": null, "tiger:cfcc": null, "tiger:county": null, "service": "driveway", "source:name": null, "tiger:reviewed": null, "access": null, "tiger:name_base": null, "tiger:name_type": null, "tiger:zip_left": null, "tiger:zip_right": null, "name_1": null, "tiger:name_base_1": null, "tiger:name_type_1": null, "bicycle": null, "foot": null, "hgv": null, "hgv:national_network": null, "horse": null, "lanes": null, "maxspeed": null, "oneway": null, "source:hgv:national_network": null, "surface": null, "tiger:separated": null, "tiger:source": null, "tiger:tlid": null, "tiger:upload_uuid": null, "destination": null, "destination:ref": null, "destination:ref:to": null, "start_date": null, "source:geometry": null, "maxheight:signed": null, "bridge": null, "layer": null, "emergency": null, "tunnel": null, "addr:city": null, "addr:housenumber": null, "addr:postcode": null, "addr:state": null, "addr:street": null, "area": null, "brand": null, "brand:wikidata": null, "check_date": null, "email": null, "fax": null, "phone": null, "website": null, "construction": null, "source": null, "motor_vehicle": null, "fixme": null, "footway": null, "informal": null, "cycleway": null, "covered": null }, "geometry": { "type": "MultiLineString", "coordinates": [ [ [ -78.0799755, 39.2943468 ], [ -78.079700056204032, 39.294182495603941 ] ], [ [ -78.079452463469295, 39.294081652155228 ], [ -78.0794482, 39.2940804 ], [ -78.0794192, 39.2941029 ] ] ] } },
{ "type": "Feature", "properties": { "element": "way", "id": 863785289, "highway": "service", "ref": null, "noref": null, "traffic_signals": null, "name": null, "crossing": null, "crossing:markings": null, "direction": null, "tiger:cfcc": null, "tiger:county": null, "service": null, "source:name": null, "tiger:reviewed": null, "access": null, "tiger:name_base": null, "tiger:name_type": null, "tiger:zip_left": null, "tiger:zip_right": null, "name_1": null, "tiger:name_base_1": null, "tiger:name_type_1": null, "bicycle": null, "foot": null, "hgv": null, "hgv:national_network": null, "horse": null, "lanes": null, "maxspeed": null, "oneway": null, "source:hgv:national_network": null, "surface": null, "tiger:separated": null, "tiger:source": null, "tiger:tlid": null, "tiger:upload_uuid": null, "destination": null, "destination:ref": null, "destination:ref:to": null, "start_date": null, "source:geometry": null, "maxheight:signed": null, "bridge": null, "layer": null, "emergency": null, "tunnel": null, "addr:city": null, "addr:housenumber": null, "addr:postcode": null, "addr:state": null, "addr:street": null, "area": null, "brand": null, "brand:wikidata": null, "check_date": null, "email": null, "fax": null, "phone": null, "website": null, "construction": null, "source": null, "motor_vehicle": null, "fixme": null, "footway": null, "informal": null, "cycleway": null, "covered": null }, "geometry": { "type": "LineString", "coordinates": [ [ -78.08018, 39.2941369 ], [ -78.0804903, 39.2943925 ], [ -78.0802896, 39.2946601 ], [ -78.0801286, 39.2948031 ], [ -78.0799649, 39.2948092 ], [ -78.079674, 39.2946406 ] ] } },
{ "type": "Feature", "properties": { "element": "way", "id": 866183215, "highway": "service", "ref": null, "noref": null, "traffic_signals": null, "name": null, "crossing": null, "crossing:markings": null, "direction": null, "tiger:cfcc": null, "tiger:county": null, "service": null, "source:name": null, "tiger:reviewed": null, "access": "customers", "tiger:name_base": null, "tiger:name_type": null, "tiger:zip_left": null, "tiger:zip_right": null, "name_1": null, "tiger:name_base_1": null, "tiger:name_type_1": null, "bicycle": null, "foot": null, "hgv": null, "hgv:national_network": null, "horse": null, "lanes": null, "maxspeed": null, "oneway": null, "source:hgv:national_network": null, "surface": null, "tiger:separated": null, "tiger:source": null, "tiger:tlid": null, "tiger:upload_uuid": null, "destination": null, "destination:ref": null, "destination:ref:to": null, "start_date": null, "source:geometry": null, "maxheight:signed": null, "bridge": null, "layer": null, "emergency": null, "tunnel": null, "addr:city": null, "addr:housenumber": null, "addr:postcode": null, "addr:state": null, "addr:street": null, "area": null, "brand": null, "brand:wikidata": null, "check_date": null, "email": null, "fax": null, "phone": null, "website": null, "construction": null, "source": null, "motor_vehicle": null, "fixme": null, "footway": null, "informal": null, "cycleway": null, "covered": null }, "geometry": { "type": "LineString", "coordinates": [ [ -78.0815011, 39.2918589 ], [ -78.0815444, 39.2917736 ], [ -78.0815524, 39.2917577 ], [ -78.0818051, 39.2912597 ], [ -78.0818589, 39.2911536 ], [ -78.081666, 39.291088899999984 ], [ -78.0813804, 39.2909932 ] ] } },
{ "type": "Feature", "properties": { "element": "way", "id": 872071516, "highway": "service", "ref": null, "noref": null, "traffic_signals": null, "name": null, "crossing": null, "crossing:markings": null, "direction": null, "tiger:cfcc": null, "tiger:county": null, "service": null, "source:name": null, "tiger:reviewed": null, "access": "private", "tiger:name_base": null, "tiger:name_type": null, "tiger:zip_left": null, "tiger:zip_right": null, "name_1": null, "tiger:name_base_1": null, "tiger:name_type_1": null, "bicycle": null, "foot": null, "hgv": null, "hgv:national_network": null, "horse": null, "lanes": null, "maxspeed": null, "oneway": null, "source:hgv:national_network": null, "surface": null, "tiger:separated": null, "tiger:source": null, "tiger:tlid": null, "tiger:upload_uuid": null, "destination": null, "destination:ref": null, "destination:ref:to": null, "start_date": null, "source:geometry": null, "maxheight:signed": null, "bridge": null, "layer": null, "emergency": null, "tunnel": null, "addr:city": null, "addr:housenumber": null, "addr:postcode": null, "addr:state": null, "addr:street": null, "area": null, "brand": null, "brand:wikidata": null, "check_date": null, "email": null, "fax": null, "phone": null, "website": null, "construction": null, "source": null, "motor_vehicle": null, "fixme": null, "footway": null, "informal": null, "cycleway": null, "covered": null }, "geometry": { "type": "MultiLineString", "coordinates": [ [ [ -78.081068, 39.2931822 ], [ -78.0811969, 39.293259899999988 ], [ -78.0813594, 39.293326499999985 ] ], [ [ -78.0813594, 39.293326499999985 ], [ -78.0815384, 39.2933277 ], [ -78.081748929052509, 39.293439924384749 ] ], [ [ -78.081436736200828, 39.293739989284973 ], [ -78.0812731, 39.2936431 ], [ -78.0812427, 39.2935639 ], [ -78.0812635, 39.2934835 ], [ -78.0813594, 39.293326499999985 ] ] ] } },
{ "type": "Feature", "properties": { "element": "way", "id": 872135119, "highway": "service", "ref": null, "noref": null, "traffic_signals": null, "name": null, "crossing": null, "crossing:markings": null, "direction": null, "tiger:cfcc": null, "tiger:county": null, "service": "driveway", "source:name": null, "tiger:reviewed": null, "access": null, "tiger:name_base": null, "tiger:name_type": null, "tiger:zip_left": null, "tiger:zip_right": null, "name_1": null, "tiger:name_base_1": null, "tiger:name_type_1": null, "bicycle": null, "foot": null, "hgv": null, "hgv:national_network": null, "horse": null, "lanes": null, "maxspeed": null, "oneway": null, "source:hgv:national_network": null, "surface": null, "tiger:separated": null, "tiger:source": null, "tiger:tlid": null, "tiger:upload_uuid": null, "destination": null, "destination:ref": null, "destination:ref:to": null, "start_date": null, "source:geometry": null, "maxheight:signed": null, "bridge": null, "layer": null, "emergency": null, "tunnel": null, "addr:city": null, "addr:housenumber": null, "addr:postcode": null, "addr:state": null, "addr:street": null, "area": null, "brand": null, "brand:wikidata": null, "check_date": null, "email": null, "fax": null, "phone": null, "website": null, "construction": null, "source": null, "motor_vehicle": null, "fixme": null, "footway": null, "informal": null, "cycleway": null, "covered": null }, "geometry": { "type": "LineString", "coordinates": [ [ -78.0769562, 39.2974617 ], [ -78.076546746971786, 39.29740282492191 ] ] } },
{ "type": "Feature", "properties": { "element": "way", "id": 882188931, "highway": "service", "ref": null, "noref": null, "traffic_signals": null, "name": null, "crossing": null, "crossing:markings": null, "direction": null, "tiger:cfcc": null, "tiger:county": null, "service": "driveway", "source:name": null, "tiger:reviewed": null, "access": null, "tiger:name_base": null, "tiger:name_type": null, "tiger:zip_left": null, "tiger:zip_right": null, "name_1": null, "tiger:name_base_1": null, "tiger:name_type_1": null, "bicycle": null, "foot": null, "hgv": null, "hgv:national_network": null, "horse": null, "lanes": null, "maxspeed": null, "oneway": null, "source:hgv:national_network": null, "surface": null, "tiger:separated": null, "tiger:source": null, "tiger:tlid": null, "tiger:upload_uuid": null, "destination": null, "destination:ref": null, "destination:ref:to": null, "start_date": null, "source:geometry": null, "maxheight:signed": null, "bridge": null, "layer": null, "emergency": null, "tunnel": null, "addr:city": null, "addr:housenumber": null, "addr:postcode": null, "addr:state": null, "addr:street": null, "area": null, "brand": null, "brand:wikidata": null, "check_date": null, "email": null, "fax": null, "phone": null, "website": null, "construction": null, "source": null, "motor_vehicle": null, "fixme": null, "footway": null, "informal": null, "cycleway": null, "covered": null }, "geometry": { "type": "LineString", "coordinates": [ [ -78.0722821, 39.2909067 ], [ -78.0720445, 39.2913315 ] ] } },
{ "type": "Feature", "properties": { "element": "way", "id": 883130793, "highway": "service", "ref": null, "noref": null, "traffic_signals": null, "name": null, "crossing": null, "crossing:markings": null, "direction": null, "tiger:cfcc": null, "tiger:county": null, "service": null, "source:name": null, "tiger:reviewed": null, "access": null, "tiger:name_base": null, "tiger:name_type": null, "tiger:zip_left": null, "tiger:zip_right": null, "name_1": null, "tiger:name_base_1": null, "tiger:name_type_1": null, "bicycle": null, "foot": null, "hgv": null, "hgv:national_network": null, "horse": null, "lanes": null, "maxspeed": null, "oneway": null, "source:hgv:national_network": null, "surface": null, "tiger:separated": null, "tiger:source": null, "tiger:tlid": null, "tiger:upload_uuid": null, "destination": null, "destination:ref": null, "destination:ref:to": null, "start_date": null, "source:geometry": null, "maxheight:signed": null, "bridge": null, "layer": null, "emergency": null, "tunnel": null, "addr:city": null, "addr:housenumber": null, "addr:postcode": null, "addr:state": null, "addr:street": null, "area": null, "brand": null, "brand:wikidata": null, "check_date": null, "email": null, "fax": null, "phone": null, "website": null, "construction": null, "source": null, "motor_vehicle": null, "fixme": null, "footway": null, "informal": null, "cycleway": null, "covered": null }, "geometry": { "type": "LineString", "coordinates": [ [ -78.069975, 39.3077016 ], [ -78.0702077, 39.3077974 ], [ -78.070759516492586, 39.307956389476047 ] ] } },
{ "type": "Feature", "properties": { "element": "way", "id": 883137978, "highway": "service", "ref": null, "noref": null, "traffic_signals": null, "name": null, "crossing": null, "crossing:markings": null, "direction": null, "tiger:cfcc": null, "tiger:county": null, "service": "driveway", "source:name": null, "tiger:reviewed": null, "access": null, "tiger:name_base": null, "tiger:name_type": null, "tiger:zip_left": null, "tiger:zip_right": null, "name_1": null, "tiger:name_base_1": null, "tiger:name_type_1": null, "bicycle": null, "foot": null, "hgv": null, "hgv:national_network": null, "horse": null, "lanes": null, "maxspeed": null, "oneway": null, "source:hgv:national_network": null, "surface": null, "tiger:separated": null, "tiger:source": null, "tiger:tlid": null, "tiger:upload_uuid": null, "destination": null, "destination:ref": null, "destination:ref:to": null, "start_date": null, "source:geometry": null, "maxheight:signed": null, "bridge": null, "layer": null, "emergency": null, "tunnel": null, "addr:city": null, "addr:housenumber": null, "addr:postcode": null, "addr:state": null, "addr:street": null, "area": null, "brand": null, "brand:wikidata": null, "check_date": null, "email": null, "fax": null, "phone": null, "website": null, "construction": null, "source": null, "motor_vehicle": null, "fixme": null, "footway": null, "informal": null, "cycleway": null, "covered": null }, "geometry": { "type": "LineString", "coordinates": [ [ -78.0774081, 39.2969911 ], [ -78.0777944, 39.297179 ], [ -78.0778388, 39.2971867 ], [ -78.0779006, 39.2971695 ], [ -78.0779426, 39.2971274 ], [ -78.0779821, 39.2970548 ], [ -78.0779846, 39.2970127 ], [ -78.0779648, 39.2969879 ], [ -78.0779204, 39.2969592 ], [ -78.0775916, 39.2968 ] ] } },
{ "type": "Feature", "properties": { "element": "way", "id": 883137979, "highway": "service", "ref": null, "noref": null, "traffic_signals": null, "name": null, "crossing": null, "crossing:markings": null, "direction": null, "tiger:cfcc": null, "tiger:county": null, "service": null, "source:name": null, "tiger:reviewed": null, "access": "private", "tiger:name_base": null, "tiger:name_type": null, "tiger:zip_left": null, "tiger:zip_right": null, "name_1": null, "tiger:name_base_1": null, "tiger:name_type_1": null, "bicycle": null, "foot": null, "hgv": null, "hgv:national_network": null, "horse": null, "lanes": null, "maxspeed": null, "oneway": null, "source:hgv:national_network": null, "surface": null, "tiger:separated": null, "tiger:source": null, "tiger:tlid": null, "tiger:upload_uuid": null, "destination": null, "destination:ref": null, "destination:ref:to": null, "start_date": null, "source:geometry": null, "maxheight:signed": null, "bridge": null, "layer": null, "emergency": null, "tunnel": null, "addr:city": null, "addr:housenumber": null, "addr:postcode": null, "addr:state": null, "addr:street": null, "area": null, "brand": null, "brand:wikidata": null, "check_date": null, "email": null, "fax": null, "phone": null, "website": null, "construction": null, "source": null, "motor_vehicle": null, "fixme": null, "footway": null, "informal": null, "cycleway": null, "covered": null }, "geometry": { "type": "LineString", "coordinates": [ [ -78.0771115, 39.2972999 ], [ -78.0771831, 39.2973416 ], [ -78.0774993, 39.2975256 ] ] } },
{ "type": "Feature", "properties": { "element": "way", "id": 904890647, "highway": "service", "ref": null, "noref": null, "traffic_signals": null, "name": null, "crossing": null, "crossing:markings": null, "direction": null, "tiger:cfcc": null, "tiger:county": null, "service": null, "source:name": null, "tiger:reviewed": null, "access": null, "tiger:name_base": null, "tiger:name_type": null, "tiger:zip_left": null, "tiger:zip_right": null, "name_1": null, "tiger:name_base_1": null, "tiger:name_type_1": null, "bicycle": null, "foot": null, "hgv": null, "hgv:national_network": null, "horse": null, "lanes": null, "maxspeed": null, "oneway": null, "source:hgv:national_network": null, "surface": null, "tiger:separated": null, "tiger:source": null, "tiger:tlid": null, "tiger:upload_uuid": null, "destination": null, "destination:ref": null, "destination:ref:to": null, "start_date": null, "source:geometry": null, "maxheight:signed": null, "bridge": null, "layer": null, "emergency": null, "tunnel": null, "addr:city": null, "addr:housenumber": null, "addr:postcode": null, "addr:state": null, "addr:street": null, "area": null, "brand": null, "brand:wikidata": null, "check_date": null, "email": null, "fax": null, "phone": null, "website": null, "construction": null, "source": null, "motor_vehicle": null, "fixme": null, "footway": null, "informal": null, "cycleway": null, "covered": null }, "geometry": { "type": "LineString", "coordinates": [ [ -78.052685, 39.3042757 ], [ -78.0528533, 39.3043463 ], [ -78.0529477, 39.3044155 ], [ -78.0530047, 39.304472199999985 ], [ -78.053010845304755, 39.304483753900556 ] ] } },
{ "type": "Feature", "properties": { "element": "way", "id": 904916334, "highway": "service", "ref": null, "noref": null, "traffic_signals": null, "name": null, "crossing": null, "crossing:markings": null, "direction": null, "tiger:cfcc": null, "tiger:county": null, "service": null, "source:name": null, "tiger:reviewed": null, "access": "private", "tiger:name_base": null, "tiger:name_type": null, "tiger:zip_left": null, "tiger:zip_right": null, "name_1": null, "tiger:name_base_1": null, "tiger:name_type_1": null, "bicycle": null, "foot": null, "hgv": null, "hgv:national_network": null, "horse": null, "lanes": null, "maxspeed": null, "oneway": null, "source:hgv:national_network": null, "surface": null, "tiger:separated": null, "tiger:source": null, "tiger:tlid": null, "tiger:upload_uuid": null, "destination": null, "destination:ref": null, "destination:ref:to": null, "start_date": null, "source:geometry": null, "maxheight:signed": null, "bridge": null, "layer": null, "emergency": null, "tunnel": null, "addr:city": null, "addr:housenumber": null, "addr:postcode": null, "addr:state": null, "addr:street": null, "area": null, "brand": null, "brand:wikidata": null, "check_date": null, "email": null, "fax": null, "phone": null, "website": null, "construction": null, "source": null, "motor_vehicle": null, "fixme": null, "footway": null, "informal": null, "cycleway": null, "covered": null }, "geometry": { "type": "MultiLineString", "coordinates": [ [ [ -78.0825445, 39.2907827 ], [ -78.0827801, 39.2908178 ], [ -78.0830777, 39.2908507 ], [ -78.0831674, 39.2909363 ], [ -78.0832003, 39.2910323 ], [ -78.0831629, 39.2911515 ], [ -78.083137879206319, 39.291197496579592 ] ], [ [ -78.083120075147164, 39.29123022634694 ], [ -78.0830194, 39.2914153 ], [ -78.0828027, 39.2917763 ], [ -78.0826083, 39.2920944 ], [ -78.0824663, 39.2923189 ], [ -78.0823871, 39.2923524 ], [ -78.082272, 39.2923362 ], [ -78.082094, 39.292291 ] ] ] } },
{ "type": "Feature", "properties": { "element": "way", "id": 975607261, "highway": "residential", "ref": null, "noref": null, "traffic_signals": null, "name": "Safflower Way", "crossing": null, "crossing:markings": null, "direction": null, "tiger:cfcc": null, "tiger:county": null, "service": null, "source:name": null, "tiger:reviewed": null, "access": null, "tiger:name_base": null, "tiger:name_type": null, "tiger:zip_left": null, "tiger:zip_right": null, "name_1": null, "tiger:name_base_1": null, "tiger:name_type_1": null, "bicycle": null, "foot": null, "hgv": null, "hgv:national_network": null, "horse": null, "lanes": null, "maxspeed": null, "oneway": null, "source:hgv:national_network": null, "surface": null, "tiger:separated": null, "tiger:source": null, "tiger:tlid": null, "tiger:upload_uuid": null, "destination": null, "destination:ref": null, "destination:ref:to": null, "start_date": null, "source:geometry": null, "maxheight:signed": null, "bridge": null, "layer": null, "emergency": null, "tunnel": null, "addr:city": null, "addr:housenumber": null, "addr:postcode": null, "addr:state": null, "addr:street": null, "area": null, "brand": null, "brand:wikidata": null, "check_date": null, "email": null, "fax": null, "phone": null, "website": null, "construction": null, "source": null, "motor_vehicle": null, "fixme": null, "footway": null, "informal": null, "cycleway": null, "covered": null }, "geometry": { "type": "LineString", "coordinates": [ [ -78.06337987167592, 39.295317014468047 ], [ -78.0633748, 39.2952624 ], [ -78.0633319, 39.2951669 ], [ -78.0632327, 39.295044499999982 ], [ -78.0631495, 39.2949801 ], [ -78.0630315, 39.2949386 ], [ -78.0627311, 39.2948867 ], [ -78.062419988731335, 39.294840393089586 ] ] } },
{ "type": "Feature", "properties": { "element": "way", "id": 1002168745, "highway": "primary", "ref": "US 11", "noref": null, "traffic_signals": null, "name": "Martinsburg Pike", "crossing": null, "crossing:markings": null, "direction": null, "tiger:cfcc": "A21", "tiger:county": "Frederick, VA", "service": null, "source:name": null, "tiger:reviewed": null, "access": null, "tiger:name_base": "Martinsburg", "tiger:name_type": "Pike", "tiger:zip_left": "22624", "tiger:zip_right": "22624", "name_1": null, "tiger:name_base_1": null, "tiger:name_type_1": null, "bicycle": null, "foot": null, "hgv": null, "hgv:national_network": null, "horse": null, "lanes": "2", "maxspeed": "45 mph", "oneway": null, "source:hgv:national_network": null, "surface": "asphalt", "tiger:separated": null, "tiger:source": null, "tiger:tlid": null, "tiger:upload_uuid": null, "destination": null, "destination:ref": null, "destination:ref:to": null, "start_date": null, "source:geometry": null, "maxheight:signed": null, "bridge": null, "layer": null, "emergency": null, "tunnel": null, "addr:city": null, "addr:housenumber": null, "addr:postcode": null, "addr:state": null, "addr:street": null, "area": null, "brand": null, "brand:wikidata": null, "check_date": null, "email": null, "fax": null, "phone": null, "website": null, "construction": null, "source": null, "motor_vehicle": null, "fixme": null, "footway": null, "informal": null, "cycleway": null, "covered": null }, "geometry": { "type": "LineString", "coordinates": [ [ -78.084688687535518, 39.285413574213564 ], [ -78.084569, 39.285836 ], [ -78.084442, 39.286284 ], [ -78.084349, 39.286593 ], [ -78.084142, 39.287279 ], [ -78.083992, 39.287725 ], [ -78.083799, 39.288253 ], [ -78.083649, 39.28862 ], [ -78.083376900000019, 39.289242 ] ] } },
{ "type": "Feature", "properties": { "element": "way", "id": 1149343122, "highway": "tertiary", "ref": "SR 669", "noref": null, "traffic_signals": null, "name": "Business Boulevard", "crossing": null, "crossing:markings": null, "direction": null, "tiger:cfcc": null, "tiger:county": null, "service": null, "source:name": "https://vgin.maps.arcgis.com", "tiger:reviewed": null, "access": null, "tiger:name_base": null, "tiger:name_type": null, "tiger:zip_left": null, "tiger:zip_right": null, "name_1": null, "tiger:name_base_1": null, "tiger:name_type_1": null, "bicycle": null, "foot": null, "hgv": null, "hgv:national_network": null, "horse": null, "lanes": null, "maxspeed": null, "oneway": "yes", "source:hgv:national_network": null, "surface": "asphalt", "tiger:separated": null, "tiger:source": null, "tiger:tlid": null, "tiger:upload_uuid": null, "destination": null, "destination:ref": null, "destination:ref:to": null, "start_date": null, "source:geometry": "Virginia Imagery Service - Most Recent", "maxheight:signed": null, "bridge": null, "layer": null, "emergency": null, "tunnel": null, "addr:city": null, "addr:housenumber": null, "addr:postcode": null, "addr:state": null, "addr:street": null, "area": null, "brand": null, "brand:wikidata": null, "check_date": null, "email": null, "fax": null, "phone": null, "website": null, "construction": null, "source": null, "motor_vehicle": null, "fixme": null, "footway": null, "informal": null, "cycleway": null, "covered": null }, "geometry": { "type": "LineString", "coordinates": [ [ -78.0804628, 39.2897978 ], [ -78.0805606, 39.2899423 ], [ -78.0806166, 39.2899927 ], [ -78.0806875, 39.2900445 ], [ -78.0807513, 39.2900793 ], [ -78.0808526, 39.2901224 ], [ -78.0808975, 39.2901361 ], [ -78.0809887, 39.2901639 ], [ -78.0811096, 39.290191 ], [ -78.0817437, 39.2903216 ], [ -78.0824148, 39.2904598 ], [ -78.0825155, 39.2904683 ], [ -78.0827025, 39.2904842 ] ] } },
{ "type": "Feature", "properties": { "element": "way", "id": 1149343123, "highway": "tertiary", "ref": "SR 669", "noref": null, "traffic_signals": null, "name": "Business Boulevard", "crossing": null, "crossing:markings": null, "direction": null, "tiger:cfcc": null, "tiger:county": null, "service": null, "source:name": null, "tiger:reviewed": null, "access": null, "tiger:name_base": null, "tiger:name_type": null, "tiger:zip_left": null, "tiger:zip_right": null, "name_1": null, "tiger:name_base_1": null, "tiger:name_type_1": null, "bicycle": null, "foot": null, "hgv": null, "hgv:national_network": null, "horse": null, "lanes": null, "maxspeed": null, "oneway": "yes", "source:hgv:national_network": null, "surface": "asphalt", "tiger:separated": null, "tiger:source": null, "tiger:tlid": null, "tiger:upload_uuid": null, "destination": null, "destination:ref": null, "destination:ref:to": null, "start_date": null, "source:geometry": null, "maxheight:signed": null, "bridge": null, "layer": null, "emergency": null, "tunnel": null, "addr:city": null, "addr:housenumber": null, "addr:postcode": null, "addr:state": null, "addr:street": null, "area": null, "brand": null, "brand:wikidata": null, "check_date": null, "email": null, "fax": null, "phone": null, "website": null, "construction": null, "source": null, "motor_vehicle": null, "fixme": null, "footway": null, "informal": null, "cycleway": null, "covered": null }, "geometry": { "type": "LineString", "coordinates": [ [ -78.0827025, 39.2904842 ], [ -78.0825456, 39.290411099999986 ], [ -78.0824758, 39.2903785 ], [ -78.0817733, 39.290231 ], [ -78.0815113, 39.290176 ], [ -78.0810796, 39.2900853 ], [ -78.0809699, 39.290057 ], [ -78.080895, 39.290030199999983 ], [ -78.0808137, 39.2899912 ], [ -78.0804628, 39.2897978 ] ] } },
{ "type": "Feature", "properties": { "element": "way", "id": 1149343124, "highway": "footway", "ref": null, "noref": null, "traffic_signals": null, "name": null, "crossing": "traffic_signals", "crossing:markings": "lines", "direction": null, "tiger:cfcc": null, "tiger:county": null, "service": null, "source:name": null, "tiger:reviewed": null, "access": null, "tiger:name_base": null, "tiger:name_type": null, "tiger:zip_left": null, "tiger:zip_right": null, "name_1": null, "tiger:name_base_1": null, "tiger:name_type_1": null, "bicycle": null, "foot": null, "hgv": null, "hgv:national_network": null, "horse": null, "lanes": null, "maxspeed": null, "oneway": null, "source:hgv:national_network": null, "surface": null, "tiger:separated": null, "tiger:source": null, "tiger:tlid": null, "tiger:upload_uuid": null, "destination": null, "destination:ref": null, "destination:ref:to": null, "start_date": null, "source:geometry": null, "maxheight:signed": null, "bridge": null, "layer": null, "emergency": null, "tunnel": null, "addr:city": null, "addr:housenumber": null, "addr:postcode": null, "addr:state": null, "addr:street": null, "area": null, "brand": null, "brand:wikidata": null, "check_date": null, "email": null, "fax": null, "phone": null, "website": null, "construction": null, "source": null, "motor_vehicle": null, "fixme": null, "footway": "crossing", "informal": null, "cycleway": null, "covered": null }, "geometry": { "type": "LineString", "coordinates": [ [ -78.082452600000011, 39.290588 ], [ -78.0825155, 39.2904683 ], [ -78.0825456, 39.290411099999986 ], [ -78.0825831, 39.2903398 ] ] } },
{ "type": "Feature", "properties": { "element": "way", "id": 1149343125, "highway": "footway", "ref": null, "noref": null, "traffic_signals": null, "name": null, "crossing": null, "crossing:markings": null, "direction": null, "tiger:cfcc": null, "tiger:county": null, "service": null, "source:name": null, "tiger:reviewed": null, "access": null, "tiger:name_base": null, "tiger:name_type": null, "tiger:zip_left": null, "tiger:zip_right": null, "name_1": null, "tiger:name_base_1": null, "tiger:name_type_1": null, "bicycle": null, "foot": null, "hgv": null, "hgv:national_network": null, "horse": null, "lanes": null, "maxspeed": null, "oneway": null, "source:hgv:national_network": null, "surface": null, "tiger:separated": null, "tiger:source": null, "tiger:tlid": null, "tiger:upload_uuid": null, "destination": null, "destination:ref": null, "destination:ref:to": null, "start_date": null, "source:geometry": null, "maxheight:signed": null, "bridge": null, "layer": null, "emergency": null, "tunnel": null, "addr:city": null, "addr:housenumber": null, "addr:postcode": null, "addr:state": null, "addr:street": null, "area": null, "brand": null, "brand:wikidata": null, "check_date": null, "email": null, "fax": null, "phone": null, "website": null, "construction": null, "source": null, "motor_vehicle": null, "fixme": null, "footway": "sidewalk", "informal": null, "cycleway": null, "covered": null }, "geometry": { "type": "LineString", "coordinates": [ [ -78.0825831, 39.2903398 ], [ -78.0825757, 39.2903219 ] ] } },
{ "type": "Feature", "properties": { "element": "way", "id": 1149343126, "highway": "footway", "ref": null, "noref": null, "traffic_signals": null, "name": null, "crossing": null, "crossing:markings": null, "direction": null, "tiger:cfcc": null, "tiger:county": null, "service": null, "source:name": null, "tiger:reviewed": null, "access": null, "tiger:name_base": null, "tiger:name_type": null, "tiger:zip_left": null, "tiger:zip_right": null, "name_1": null, "tiger:name_base_1": null, "tiger:name_type_1": null, "bicycle": null, "foot": null, "hgv": null, "hgv:national_network": null, "horse": null, "lanes": null, "maxspeed": null, "oneway": null, "source:hgv:national_network": null, "surface": null, "tiger:separated": null, "tiger:source": null, "tiger:tlid": null, "tiger:upload_uuid": null, "destination": null, "destination:ref": null, "destination:ref:to": null, "start_date": null, "source:geometry": null, "maxheight:signed": null, "bridge": null, "layer": null, "emergency": null, "tunnel": null, "addr:city": null, "addr:housenumber": null, "addr:postcode": null, "addr:state": null, "addr:street": null, "area": null, "brand": null, "brand:wikidata": null, "check_date": null, "email": null, "fax": null, "phone": null, "website": null, "construction": null, "source": null, "motor_vehicle": null, "fixme": null, "footway": "sidewalk", "informal": null, "cycleway": null, "covered": null }, "geometry": { "type": "MultiLineString", "coordinates": [ [ [ -78.082452600000011, 39.290588 ], [ -78.0824331, 39.2905956 ], [ -78.0824099, 39.2905757 ], [ -78.0823892, 39.2905606 ], [ -78.0823648, 39.290548399999984 ], [ -78.0823404, 39.2905399 ], [ -78.082300061080829, 39.290530052001401 ] ], [ [ -78.082237637852188, 39.290517055828552 ], [ -78.0810481, 39.290271 ] ] ] } },
{ "type": "Feature", "properties": { "element": "way", "id": 1149343127, "highway": "path", "ref": null, "noref": null, "traffic_signals": null, "name": null, "crossing": null, "crossing:markings": null, "direction": null, "tiger:cfcc": null, "tiger:county": null, "service": null, "source:name": null, "tiger:reviewed": null, "access": null, "tiger:name_base": null, "tiger:name_type": null, "tiger:zip_left": null, "tiger:zip_right": null, "name_1": null, "tiger:name_base_1": null, "tiger:name_type_1": null, "bicycle": null, "foot": null, "hgv": null, "hgv:national_network": null, "horse": null, "lanes": null, "maxspeed": null, "oneway": null, "source:hgv:national_network": null, "surface": null, "tiger:separated": null, "tiger:source": null, "tiger:tlid": null, "tiger:upload_uuid": null, "destination": null, "destination:ref": null, "destination:ref:to": null, "start_date": null, "source:geometry": null, "maxheight:signed": null, "bridge": null, "layer": null, "emergency": null, "tunnel": null, "addr:city": null, "addr:housenumber": null, "addr:postcode": null, "addr:state": null, "addr:street": null, "area": null, "brand": null, "brand:wikidata": null, "check_date": null, "email": null, "fax": null, "phone": null, "website": null, "construction": null, "source": null, "motor_vehicle": null, "fixme": null, "footway": null, "informal": "yes", "cycleway": null, "covered": null }, "geometry": { "type": "LineString", "coordinates": [ [ -78.0813804, 39.2909932 ], [ -78.0813583, 39.2909533 ], [ -78.0813583, 39.2909344 ], [ -78.0813791, 39.2908825 ], [ -78.0814047, 39.2908146 ], [ -78.081408600000017, 39.2907935 ], [ -78.081412, 39.290775900000014 ], [ -78.0814108, 39.2907419 ], [ -78.081401, 39.290691 ], [ -78.0813864, 39.2906428 ], [ -78.0813718, 39.290615499999987 ], [ -78.0813413, 39.2905834 ], [ -78.081285200000011, 39.29054 ], [ -78.0812291, 39.2905136 ], [ -78.0811621, 39.2904938 ], [ -78.0811133, 39.2904777 ], [ -78.081056, 39.2904466 ], [ -78.081034, 39.2904239 ], [ -78.0809853, 39.2903645 ], [ -78.0809475, 39.290306 ], [ -78.080906, 39.2902333 ], [ -78.0809011, 39.290206 ], [ -78.0808975, 39.2901361 ] ] } },
{ "type": "Feature", "properties": { "element": "way", "id": 1149343128, "highway": "path", "ref": null, "noref": null, "traffic_signals": null, "name": null, "crossing": null, "crossing:markings": null, "direction": null, "tiger:cfcc": null, "tiger:county": null, "service": null, "source:name": null, "tiger:reviewed": null, "access": null, "tiger:name_base": null, "tiger:name_type": null, "tiger:zip_left": null, "tiger:zip_right": null, "name_1": null, "tiger:name_base_1": null, "tiger:name_type_1": null, "bicycle": null, "foot": null, "hgv": null, "hgv:national_network": null, "horse": null, "lanes": null, "maxspeed": null, "oneway": null, "source:hgv:national_network": null, "surface": null, "tiger:separated": null, "tiger:source": null, "tiger:tlid": null, "tiger:upload_uuid": null, "destination": null, "destination:ref": null, "destination:ref:to": null, "start_date": null, "source:geometry": null, "maxheight:signed": null, "bridge": null, "layer": null, "emergency": null, "tunnel": null, "addr:city": null, "addr:housenumber": null, "addr:postcode": null, "addr:state": null, "addr:street": null, "area": null, "brand": null, "brand:wikidata": null, "check_date": null, "email": null, "fax": null, "phone": null, "website": null, "construction": null, "source": null, "motor_vehicle": null, "fixme": null, "footway": null, "informal": "yes", "cycleway": null, "covered": null }, "geometry": { "type": "LineString", "coordinates": [ [ -78.0810481, 39.290271 ], [ -78.080906, 39.2902333 ] ] } },
{ "type": "Feature", "properties": { "element": "way", "id": 1149343129, "highway": "service", "ref": null, "noref": null, "traffic_signals": null, "name": null, "crossing": null, "crossing:markings": null, "direction": null, "tiger:cfcc": null, "tiger:county": null, "service": null, "source:name": null, "tiger:reviewed": null, "access": null, "tiger:name_base": null, "tiger:name_type": null, "tiger:zip_left": null, "tiger:zip_right": null, "name_1": null, "tiger:name_base_1": null, "tiger:name_type_1": null, "bicycle": null, "foot": null, "hgv": null, "hgv:national_network": null, "horse": null, "lanes": null, "maxspeed": null, "oneway": null, "source:hgv:national_network": null, "surface": null, "tiger:separated": null, "tiger:source": null, "tiger:tlid": null, "tiger:upload_uuid": null, "destination": null, "destination:ref": null, "destination:ref:to": null, "start_date": null, "source:geometry": null, "maxheight:signed": null, "bridge": null, "layer": null, "emergency": null, "tunnel": null, "addr:city": null, "addr:housenumber": null, "addr:postcode": null, "addr:state": null, "addr:street": null, "area": null, "brand": null, "brand:wikidata": null, "check_date": null, "email": null, "fax": null, "phone": null, "website": null, "construction": null, "source": null, "motor_vehicle": null, "fixme": null, "footway": null, "informal": null, "cycleway": null, "covered": null }, "geometry": { "type": "LineString", "coordinates": [ [ -78.081666, 39.291088899999984 ], [ -78.0817229, 39.2909844 ] ] } },
{ "type": "Feature", "properties": { "element": "way", "id": 1149343130, "highway": "path", "ref": null, "noref": null, "traffic_signals": null, "name": null, "crossing": null, "crossing:markings": null, "direction": null, "tiger:cfcc": null, "tiger:county": null, "service": null, "source:name": null, "tiger:reviewed": null, "access": null, "tiger:name_base": null, "tiger:name_type": null, "tiger:zip_left": null, "tiger:zip_right": null, "name_1": null, "tiger:name_base_1": null, "tiger:name_type_1": null, "bicycle": null, "foot": null, "hgv": null, "hgv:national_network": null, "horse": null, "lanes": null, "maxspeed": null, "oneway": null, "source:hgv:national_network": null, "surface": null, "tiger:separated": null, "tiger:source": null, "tiger:tlid": null, "tiger:upload_uuid": null, "destination": null, "destination:ref": null, "destination:ref:to": null, "start_date": null, "source:geometry": null, "maxheight:signed": null, "bridge": null, "layer": null, "emergency": null, "tunnel": null, "addr:city": null, "addr:housenumber": null, "addr:postcode": null, "addr:state": null, "addr:street": null, "area": null, "brand": null, "brand:wikidata": null, "check_date": null, "email": null, "fax": null, "phone": null, "website": null, "construction": null, "source": null, "motor_vehicle": null, "fixme": null, "footway": null, "informal": "yes", "cycleway": null, "covered": null }, "geometry": { "type": "LineString", "coordinates": [ [ -78.0817229, 39.2909844 ], [ -78.0817265, 39.2909646 ], [ -78.0817217, 39.2909495 ], [ -78.0816961, 39.2909344 ], [ -78.0816631, 39.2909174 ], [ -78.081564, 39.290883 ], [ -78.0815052, 39.2908602 ], [ -78.0814674, 39.2908397 ], [ -78.0814352, 39.2908191 ], [ -78.081408600000017, 39.2907935 ] ] } },
{ "type": "Feature", "properties": { "element": "way", "id": 1149343136, "highway": "footway", "ref": null, "noref": null, "traffic_signals": null, "name": null, "crossing": null, "crossing:markings": null, "direction": null, "tiger:cfcc": null, "tiger:county": null, "service": null, "source:name": null, "tiger:reviewed": null, "access": null, "tiger:name_base": null, "tiger:name_type": null, "tiger:zip_left": null, "tiger:zip_right": null, "name_1": null, "tiger:name_base_1": null, "tiger:name_type_1": null, "bicycle": null, "foot": null, "hgv": null, "hgv:national_network": null, "horse": null, "lanes": null, "maxspeed": null, "oneway": null, "source:hgv:national_network": null, "surface": null, "tiger:separated": null, "tiger:source": null, "tiger:tlid": null, "tiger:upload_uuid": null, "destination": null, "destination:ref": null, "destination:ref:to": null, "start_date": null, "source:geometry": null, "maxheight:signed": null, "bridge": null, "layer": null, "emergency": null, "tunnel": null, "addr:city": null, "addr:housenumber": null, "addr:postcode": null, "addr:state": null, "addr:street": null, "area": null, "brand": null, "brand:wikidata": null, "check_date": null, "email": null, "fax": null, "phone": null, "website": null, "construction": null, "source": null, "motor_vehicle": null, "fixme": null, "footway": null, "informal": null, "cycleway": null, "covered": null }, "geometry": { "type": "LineString", "coordinates": [ [ -78.0814127, 39.291981099999987 ], [ -78.0814546, 39.2918673 ] ] } },
{ "type": "Feature", "properties": { "element": "way", "id": 1149343137, "highway": "footway", "ref": null, "noref": null, "traffic_signals": null, "name": null, "crossing": null, "crossing:markings": null, "direction": null, "tiger:cfcc": null, "tiger:county": null, "service": null, "source:name": null, "tiger:reviewed": null, "access": null, "tiger:name_base": null, "tiger:name_type": null, "tiger:zip_left": null, "tiger:zip_right": null, "name_1": null, "tiger:name_base_1": null, "tiger:name_type_1": null, "bicycle": null, "foot": null, "hgv": null, "hgv:national_network": null, "horse": null, "lanes": null, "maxspeed": null, "oneway": null, "source:hgv:national_network": null, "surface": null, "tiger:separated": null, "tiger:source": null, "tiger:tlid": null, "tiger:upload_uuid": null, "destination": null, "destination:ref": null, "destination:ref:to": null, "start_date": null, "source:geometry": null, "maxheight:signed": null, "bridge": null, "layer": null, "emergency": null, "tunnel": null, "addr:city": null, "addr:housenumber": null, "addr:postcode": null, "addr:state": null, "addr:street": null, "area": null, "brand": null, "brand:wikidata": null, "check_date": null, "email": null, "fax": null, "phone": null, "website": null, "construction": null, "source": null, "motor_vehicle": null, "fixme": null, "footway": "sidewalk", "informal": null, "cycleway": null, "covered": null }, "geometry": { "type": "MultiLineString", "coordinates": [ [ [ -78.0813273, 39.2918493 ], [ -78.0814017, 39.291709 ], [ -78.08156914910613, 39.291393146957212 ] ], [ [ -78.081574195412756, 39.29138362824493 ], [ -78.0816646, 39.2912131 ], [ -78.0816956, 39.2911545 ], [ -78.0814077, 39.2910584 ], [ -78.081327, 39.2912038 ], [ -78.0813926, 39.291227399999983 ], [ -78.081350300000011, 39.2913048 ], [ -78.0810946, 39.2917734 ] ] ] } },
{ "type": "Feature", "properties": { "element": "way", "id": 1149343138, "highway": "footway", "ref": null, "noref": null, "traffic_signals": null, "name": null, "crossing": null, "crossing:markings": null, "direction": null, "tiger:cfcc": null, "tiger:county": null, "service": null, "source:name": null, "tiger:reviewed": null, "access": null, "tiger:name_base": null, "tiger:name_type": null, "tiger:zip_left": null, "tiger:zip_right": null, "name_1": null, "tiger:name_base_1": null, "tiger:name_type_1": null, "bicycle": null, "foot": null, "hgv": null, "hgv:national_network": null, "horse": null, "lanes": null, "maxspeed": null, "oneway": null, "source:hgv:national_network": null, "surface": null, "tiger:separated": null, "tiger:source": null, "tiger:tlid": null, "tiger:upload_uuid": null, "destination": null, "destination:ref": null, "destination:ref:to": null, "start_date": null, "source:geometry": null, "maxheight:signed": null, "bridge": null, "layer": null, "emergency": null, "tunnel": null, "addr:city": null, "addr:housenumber": null, "addr:postcode": null, "addr:state": null, "addr:street": null, "area": null, "brand": null, "brand:wikidata": null, "check_date": null, "email": null, "fax": null, "phone": null, "website": null, "construction": null, "source": null, "motor_vehicle": null, "fixme": null, "footway": "access_aisle", "informal": null, "cycleway": null, "covered": null }, "geometry": { "type": "LineString", "coordinates": [ [ -78.0816646, 39.2912131 ], [ -78.0818051, 39.2912597 ] ] } },
{ "type": "Feature", "properties": { "element": "way", "id": 1149343139, "highway": "service", "ref": null, "noref": null, "traffic_signals": null, "name": null, "crossing": null, "crossing:markings": null, "direction": null, "tiger:cfcc": null, "tiger:county": null, "service": null, "source:name": null, "tiger:reviewed": null, "access": "customers", "tiger:name_base": null, "tiger:name_type": null, "tiger:zip_left": null, "tiger:zip_right": null, "name_1": null, "tiger:name_base_1": null, "tiger:name_type_1": null, "bicycle": null, "foot": null, "hgv": null, "hgv:national_network": null, "horse": null, "lanes": null, "maxspeed": null, "oneway": null, "source:hgv:national_network": null, "surface": null, "tiger:separated": null, "tiger:source": null, "tiger:tlid": null, "tiger:upload_uuid": null, "destination": null, "destination:ref": null, "destination:ref:to": null, "start_date": null, "source:geometry": null, "maxheight:signed": null, "bridge": null, "layer": null, "emergency": null, "tunnel": null, "addr:city": null, "addr:housenumber": null, "addr:postcode": null, "addr:state": null, "addr:street": null, "area": null, "brand": null, "brand:wikidata": null, "check_date": null, "email": null, "fax": null, "phone": null, "website": null, "construction": null, "source": null, "motor_vehicle": null, "fixme": null, "footway": null, "informal": null, "cycleway": null, "covered": null }, "geometry": { "type": "LineString", "coordinates": [ [ -78.0818518, 39.2919878 ], [ -78.0817339, 39.2919445 ], [ -78.0817151, 39.2919375 ], [ -78.0815011, 39.2918589 ] ] } },
{ "type": "Feature", "properties": { "element": "way", "id": 1149343140, "highway": "service", "ref": null, "noref": null, "traffic_signals": null, "name": null, "crossing": null, "crossing:markings": null, "direction": null, "tiger:cfcc": null, "tiger:county": null, "service": null, "source:name": null, "tiger:reviewed": null, "access": "customers", "tiger:name_base": null, "tiger:name_type": null, "tiger:zip_left": null, "tiger:zip_right": null, "name_1": null, "tiger:name_base_1": null, "tiger:name_type_1": null, "bicycle": null, "foot": null, "hgv": null, "hgv:national_network": null, "horse": null, "lanes": null, "maxspeed": null, "oneway": null, "source:hgv:national_network": null, "surface": null, "tiger:separated": null, "tiger:source": null, "tiger:tlid": null, "tiger:upload_uuid": null, "destination": null, "destination:ref": null, "destination:ref:to": null, "start_date": null, "source:geometry": null, "maxheight:signed": null, "bridge": null, "layer": null, "emergency": null, "tunnel": null, "addr:city": null, "addr:housenumber": null, "addr:postcode": null, "addr:state": null, "addr:street": null, "area": null, "brand": null, "brand:wikidata": null, "check_date": null, "email": null, "fax": null, "phone": null, "website": null, "construction": null, "source": null, "motor_vehicle": null, "fixme": null, "footway": null, "informal": null, "cycleway": null, "covered": null }, "geometry": { "type": "LineString", "coordinates": [ [ -78.0813804, 39.2909932 ], [ -78.0812356, 39.2912701 ], [ -78.0809901, 39.2917398 ] ] } },
{ "type": "Feature", "properties": { "element": "way", "id": 1149343141, "highway": "service", "ref": null, "noref": null, "traffic_signals": null, "name": null, "crossing": null, "crossing:markings": null, "direction": null, "tiger:cfcc": null, "tiger:county": null, "service": null, "source:name": null, "tiger:reviewed": null, "access": "customers", "tiger:name_base": null, "tiger:name_type": null, "tiger:zip_left": null, "tiger:zip_right": null, "name_1": null, "tiger:name_base_1": null, "tiger:name_type_1": null, "bicycle": null, "foot": null, "hgv": null, "hgv:national_network": null, "horse": null, "lanes": null, "maxspeed": null, "oneway": null, "source:hgv:national_network": null, "surface": null, "tiger:separated": null, "tiger:source": null, "tiger:tlid": null, "tiger:upload_uuid": null, "destination": null, "destination:ref": null, "destination:ref:to": null, "start_date": null, "source:geometry": null, "maxheight:signed": null, "bridge": null, "layer": null, "emergency": null, "tunnel": null, "addr:city": null, "addr:housenumber": null, "addr:postcode": null, "addr:state": null, "addr:street": null, "area": null, "brand": null, "brand:wikidata": null, "check_date": null, "email": null, "fax": null, "phone": null, "website": null, "construction": null, "source": null, "motor_vehicle": null, "fixme": null, "footway": null, "informal": null, "cycleway": null, "covered": null }, "geometry": { "type": "LineString", "coordinates": [ [ -78.0809303, 39.291720499999983 ], [ -78.0809901, 39.2917398 ], [ -78.0810946, 39.2917734 ], [ -78.0813273, 39.2918493 ], [ -78.081364, 39.2918613 ], [ -78.0813997, 39.2918681 ], [ -78.0814304, 39.29187 ], [ -78.0814546, 39.2918673 ], [ -78.0815011, 39.2918589 ] ] } },
{ "type": "Feature", "properties": { "element": "way", "id": 1149343142, "highway": "footway", "ref": null, "noref": null, "traffic_signals": null, "name": null, "crossing": null, "crossing:markings": null, "direction": null, "tiger:cfcc": null, "tiger:county": null, "service": null, "source:name": null, "tiger:reviewed": null, "access": null, "tiger:name_base": null, "tiger:name_type": null, "tiger:zip_left": null, "tiger:zip_right": null, "name_1": null, "tiger:name_base_1": null, "tiger:name_type_1": null, "bicycle": null, "foot": null, "hgv": null, "hgv:national_network": null, "horse": null, "lanes": null, "maxspeed": null, "oneway": null, "source:hgv:national_network": null, "surface": null, "tiger:separated": null, "tiger:source": null, "tiger:tlid": null, "tiger:upload_uuid": null, "destination": null, "destination:ref": null, "destination:ref:to": null, "start_date": null, "source:geometry": null, "maxheight:signed": null, "bridge": null, "layer": null, "emergency": null, "tunnel": null, "addr:city": null, "addr:housenumber": null, "addr:postcode": null, "addr:state": null, "addr:street": null, "area": null, "brand": null, "brand:wikidata": null, "check_date": null, "email": null, "fax": null, "phone": null, "website": null, "construction": null, "source": null, "motor_vehicle": null, "fixme": null, "footway": "access_aisle", "informal": null, "cycleway": null, "covered": null }, "geometry": { "type": "LineString", "coordinates": [ [ -78.081350300000011, 39.2913048 ], [ -78.0812356, 39.2912701 ] ] } },
{ "type": "Feature", "properties": { "element": "way", "id": 1149343143, "highway": "footway", "ref": null, "noref": null, "traffic_signals": null, "name": null, "crossing": null, "crossing:markings": null, "direction": null, "tiger:cfcc": null, "tiger:county": null, "service": null, "source:name": null, "tiger:reviewed": null, "access": null, "tiger:name_base": null, "tiger:name_type": null, "tiger:zip_left": null, "tiger:zip_right": null, "name_1": null, "tiger:name_base_1": null, "tiger:name_type_1": null, "bicycle": null, "foot": null, "hgv": null, "hgv:national_network": null, "horse": null, "lanes": null, "maxspeed": null, "oneway": null, "source:hgv:national_network": null, "surface": null, "tiger:separated": null, "tiger:source": null, "tiger:tlid": null, "tiger:upload_uuid": null, "destination": null, "destination:ref": null, "destination:ref:to": null, "start_date": null, "source:geometry": null, "maxheight:signed": null, "bridge": null, "layer": null, "emergency": null, "tunnel": null, "addr:city": null, "addr:housenumber": null, "addr:postcode": null, "addr:state": null, "addr:street": null, "area": null, "brand": null, "brand:wikidata": null, "check_date": null, "email": null, "fax": null, "phone": null, "website": null, "construction": null, "source": null, "motor_vehicle": null, "fixme": null, "footway": "access_aisle", "informal": null, "cycleway": null, "covered": null }, "geometry": { "type": "LineString", "coordinates": [ [ -78.0815039, 39.291742 ], [ -78.0814017, 39.291709 ] ] } },
{ "type": "Feature", "properties": { "element": "way", "id": 1149343144, "highway": "footway", "ref": null, "noref": null, "traffic_signals": null, "name": null, "crossing": "unmarked", "crossing:markings": "no", "direction": null, "tiger:cfcc": null, "tiger:county": null, "service": null, "source:name": null, "tiger:reviewed": null, "access": null, "tiger:name_base": null, "tiger:name_type": null, "tiger:zip_left": null, "tiger:zip_right": null, "name_1": null, "tiger:name_base_1": null, "tiger:name_type_1": null, "bicycle": null, "foot": null, "hgv": null, "hgv:national_network": null, "horse": null, "lanes": null, "maxspeed": null, "oneway": null, "source:hgv:national_network": null, "surface": null, "tiger:separated": null, "tiger:source": null, "tiger:tlid": null, "tiger:upload_uuid": null, "destination": null, "destination:ref": null, "destination:ref:to": null, "start_date": null, "source:geometry": null, "maxheight:signed": null, "bridge": null, "layer": null, "emergency": null, "tunnel": null, "addr:city": null, "addr:housenumber": null, "addr:postcode": null, "addr:state": null, "addr:street": null, "area": null, "brand": null, "brand:wikidata": null, "check_date": null, "email": null, "fax": null, "phone": null, "website": null, "construction": null, "source": null, "motor_vehicle": null, "fixme": null, "footway": "crossing", "informal": null, "cycleway": null, "covered": null }, "geometry": { "type": "LineString", "coordinates": [ [ -78.0815039, 39.291742 ], [ -78.0815444, 39.2917736 ], [ -78.0815766, 39.2917988 ] ] } },
{ "type": "Feature", "properties": { "element": "way", "id": 1149343145, "highway": "footway", "ref": null, "noref": null, "traffic_signals": null, "name": null, "crossing": null, "crossing:markings": null, "direction": null, "tiger:cfcc": null, "tiger:county": null, "service": null, "source:name": null, "tiger:reviewed": null, "access": null, "tiger:name_base": null, "tiger:name_type": null, "tiger:zip_left": null, "tiger:zip_right": null, "name_1": null, "tiger:name_base_1": null, "tiger:name_type_1": null, "bicycle": null, "foot": null, "hgv": null, "hgv:national_network": null, "horse": null, "lanes": null, "maxspeed": null, "oneway": null, "source:hgv:national_network": null, "surface": null, "tiger:separated": null, "tiger:source": null, "tiger:tlid": null, "tiger:upload_uuid": null, "destination": null, "destination:ref": null, "destination:ref:to": null, "start_date": null, "source:geometry": null, "maxheight:signed": null, "bridge": null, "layer": null, "emergency": null, "tunnel": null, "addr:city": null, "addr:housenumber": null, "addr:postcode": null, "addr:state": null, "addr:street": null, "area": null, "brand": null, "brand:wikidata": null, "check_date": null, "email": null, "fax": null, "phone": null, "website": null, "construction": null, "source": null, "motor_vehicle": null, "fixme": null, "footway": "sidewalk", "informal": null, "cycleway": null, "covered": null }, "geometry": { "type": "LineString", "coordinates": [ [ -78.0815766, 39.2917988 ], [ -78.0816385, 39.291821 ], [ -78.0816616, 39.2918274 ], [ -78.0816819, 39.291831 ], [ -78.0817087, 39.291830299999987 ], [ -78.081774300000021, 39.2918267 ], [ -78.0817946, 39.2918239 ], [ -78.0818048, 39.2918203 ], [ -78.0818131, 39.2918146 ], [ -78.0818214, 39.2918038 ], [ -78.0819415, 39.291585 ], [ -78.0821975, 39.2911295 ] ] } },
{ "type": "Feature", "properties": { "element": "way", "id": 1149343147, "highway": "footway", "ref": null, "noref": null, "traffic_signals": null, "name": null, "crossing": null, "crossing:markings": null, "direction": null, "tiger:cfcc": null, "tiger:county": null, "service": null, "source:name": null, "tiger:reviewed": null, "access": null, "tiger:name_base": null, "tiger:name_type": null, "tiger:zip_left": null, "tiger:zip_right": null, "name_1": null, "tiger:name_base_1": null, "tiger:name_type_1": null, "bicycle": null, "foot": null, "hgv": null, "hgv:national_network": null, "horse": null, "lanes": null, "maxspeed": null, "oneway": null, "source:hgv:national_network": null, "surface": null, "tiger:separated": null, "tiger:source": null, "tiger:tlid": null, "tiger:upload_uuid": null, "destination": null, "destination:ref": null, "destination:ref:to": null, "start_date": null, "source:geometry": null, "maxheight:signed": null, "bridge": null, "layer": null, "emergency": null, "tunnel": null, "addr:city": null, "addr:housenumber": null, "addr:postcode": null, "addr:state": null, "addr:street": null, "area": null, "brand": null, "brand:wikidata": null, "check_date": null, "email": null, "fax": null, "phone": null, "website": null, "construction": null, "source": null, "motor_vehicle": null, "fixme": null, "footway": "sidewalk", "informal": null, "cycleway": null, "covered": null }, "geometry": { "type": "LineString", "coordinates": [ [ -78.081774300000021, 39.2918267 ], [ -78.0817864, 39.2918528 ] ] } },
{ "type": "Feature", "properties": { "element": "way", "id": 1149343148, "highway": "footway", "ref": null, "noref": null, "traffic_signals": null, "name": null, "crossing": "unmarked", "crossing:markings": "no", "direction": null, "tiger:cfcc": null, "tiger:county": null, "service": null, "source:name": null, "tiger:reviewed": null, "access": null, "tiger:name_base": null, "tiger:name_type": null, "tiger:zip_left": null, "tiger:zip_right": null, "name_1": null, "tiger:name_base_1": null, "tiger:name_type_1": null, "bicycle": null, "foot": null, "hgv": null, "hgv:national_network": null, "horse": null, "lanes": null, "maxspeed": null, "oneway": null, "source:hgv:national_network": null, "surface": null, "tiger:separated": null, "tiger:source": null, "tiger:tlid": null, "tiger:upload_uuid": null, "destination": null, "destination:ref": null, "destination:ref:to": null, "start_date": null, "source:geometry": null, "maxheight:signed": null, "bridge": null, "layer": null, "emergency": null, "tunnel": null, "addr:city": null, "addr:housenumber": null, "addr:postcode": null, "addr:state": null, "addr:street": null, "area": null, "brand": null, "brand:wikidata": null, "check_date": null, "email": null, "fax": null, "phone": null, "website": null, "construction": null, "source": null, "motor_vehicle": null, "fixme": null, "footway": "crossing", "informal": null, "cycleway": null, "covered": null }, "geometry": { "type": "LineString", "coordinates": [ [ -78.0817864, 39.2918528 ], [ -78.0817339, 39.2919445 ], [ -78.0816962, 39.2920103 ] ] } },
{ "type": "Feature", "properties": { "element": "way", "id": 1149343149, "highway": "footway", "ref": null, "noref": null, "traffic_signals": null, "name": null, "crossing": null, "crossing:markings": null, "direction": null, "tiger:cfcc": null, "tiger:county": null, "service": null, "source:name": null, "tiger:reviewed": null, "access": null, "tiger:name_base": null, "tiger:name_type": null, "tiger:zip_left": null, "tiger:zip_right": null, "name_1": null, "tiger:name_base_1": null, "tiger:name_type_1": null, "bicycle": null, "foot": null, "hgv": null, "hgv:national_network": null, "horse": null, "lanes": null, "maxspeed": null, "oneway": null, "source:hgv:national_network": null, "surface": null, "tiger:separated": null, "tiger:source": null, "tiger:tlid": null, "tiger:upload_uuid": null, "destination": null, "destination:ref": null, "destination:ref:to": null, "start_date": null, "source:geometry": null, "maxheight:signed": null, "bridge": null, "layer": null, "emergency": null, "tunnel": null, "addr:city": null, "addr:housenumber": null, "addr:postcode": null, "addr:state": null, "addr:street": null, "area": null, "brand": null, "brand:wikidata": null, "check_date": null, "email": null, "fax": null, "phone": null, "website": null, "construction": null, "source": null, "motor_vehicle": null, "fixme": null, "footway": "sidewalk", "informal": null, "cycleway": null, "covered": null }, "geometry": { "type": "LineString", "coordinates": [ [ -78.0816962, 39.2920103 ], [ -78.0816608, 39.292024499999989 ], [ -78.0815986, 39.29213020000001 ] ] } },
{ "type": "Feature", "properties": { "element": "way", "id": 1149343151, "highway": "footway", "ref": null, "noref": null, "traffic_signals": null, "name": null, "crossing": null, "crossing:markings": null, "direction": null, "tiger:cfcc": null, "tiger:county": null, "service": null, "source:name": null, "tiger:reviewed": null, "access": null, "tiger:name_base": null, "tiger:name_type": null, "tiger:zip_left": null, "tiger:zip_right": null, "name_1": null, "tiger:name_base_1": null, "tiger:name_type_1": null, "bicycle": null, "foot": null, "hgv": null, "hgv:national_network": null, "horse": null, "lanes": null, "maxspeed": null, "oneway": null, "source:hgv:national_network": null, "surface": null, "tiger:separated": null, "tiger:source": null, "tiger:tlid": null, "tiger:upload_uuid": null, "destination": null, "destination:ref": null, "destination:ref:to": null, "start_date": null, "source:geometry": null, "maxheight:signed": null, "bridge": null, "layer": null, "emergency": null, "tunnel": null, "addr:city": null, "addr:housenumber": null, "addr:postcode": null, "addr:state": null, "addr:street": null, "area": null, "brand": null, "brand:wikidata": null, "check_date": null, "email": null, "fax": null, "phone": null, "website": null, "construction": null, "source": null, "motor_vehicle": null, "fixme": null, "footway": "sidewalk", "informal": null, "cycleway": null, "covered": null }, "geometry": { "type": "LineString", "coordinates": [ [ -78.0831434, 39.2894073 ], [ -78.0830159, 39.2896316 ] ] } },
{ "type": "Feature", "properties": { "element": "way", "id": 1149343152, "highway": "footway", "ref": null, "noref": null, "traffic_signals": null, "name": null, "crossing": "uncontrolled", "crossing:markings": null, "direction": null, "tiger:cfcc": null, "tiger:county": null, "service": null, "source:name": null, "tiger:reviewed": null, "access": null, "tiger:name_base": null, "tiger:name_type": null, "tiger:zip_left": null, "tiger:zip_right": null, "name_1": null, "tiger:name_base_1": null, "tiger:name_type_1": null, "bicycle": null, "foot": null, "hgv": null, "hgv:national_network": null, "horse": null, "lanes": null, "maxspeed": null, "oneway": null, "source:hgv:national_network": null, "surface": null, "tiger:separated": null, "tiger:source": null, "tiger:tlid": null, "tiger:upload_uuid": null, "destination": null, "destination:ref": null, "destination:ref:to": null, "start_date": null, "source:geometry": null, "maxheight:signed": null, "bridge": null, "layer": null, "emergency": null, "tunnel": null, "addr:city": null, "addr:housenumber": null, "addr:postcode": null, "addr:state": null, "addr:street": null, "area": null, "brand": null, "brand:wikidata": null, "check_date": null, "email": null, "fax": null, "phone": null, "website": null, "construction": null, "source": null, "motor_vehicle": null, "fixme": null, "footway": "crossing", "informal": null, "cycleway": null, "covered": null }, "geometry": { "type": "LineString", "coordinates": [ [ -78.0830159, 39.2896316 ], [ -78.0829985, 39.2896642 ], [ -78.0829851, 39.2896891 ] ] } },
{ "type": "Feature", "properties": { "element": "way", "id": 1149343153, "highway": "footway", "ref": null, "noref": null, "traffic_signals": null, "name": null, "crossing": null, "crossing:markings": null, "direction": null, "tiger:cfcc": null, "tiger:county": null, "service": null, "source:name": null, "tiger:reviewed": null, "access": null, "tiger:name_base": null, "tiger:name_type": null, "tiger:zip_left": null, "tiger:zip_right": null, "name_1": null, "tiger:name_base_1": null, "tiger:name_type_1": null, "bicycle": null, "foot": null, "hgv": null, "hgv:national_network": null, "horse": null, "lanes": null, "maxspeed": null, "oneway": null, "source:hgv:national_network": null, "surface": null, "tiger:separated": null, "tiger:source": null, "tiger:tlid": null, "tiger:upload_uuid": null, "destination": null, "destination:ref": null, "destination:ref:to": null, "start_date": null, "source:geometry": null, "maxheight:signed": null, "bridge": null, "layer": null, "emergency": null, "tunnel": null, "addr:city": null, "addr:housenumber": null, "addr:postcode": null, "addr:state": null, "addr:street": null, "area": null, "brand": null, "brand:wikidata": null, "check_date": null, "email": null, "fax": null, "phone": null, "website": null, "construction": null, "source": null, "motor_vehicle": null, "fixme": null, "footway": "sidewalk", "informal": null, "cycleway": null, "covered": null }, "geometry": { "type": "LineString", "coordinates": [ [ -78.0829851, 39.2896891 ], [ -78.08267, 39.2902635 ], [ -78.0825757, 39.2903219 ], [ -78.0825476, 39.290325 ], [ -78.0825222, 39.2903242 ], [ -78.0824914, 39.2903193 ], [ -78.0818705, 39.2901903 ] ] } },
{ "type": "Feature", "properties": { "element": "way", "id": 1149343154, "highway": "footway", "ref": null, "noref": null, "traffic_signals": null, "name": null, "crossing": "uncontrolled", "crossing:markings": null, "direction": null, "tiger:cfcc": null, "tiger:county": null, "service": null, "source:name": null, "tiger:reviewed": null, "access": null, "tiger:name_base": null, "tiger:name_type": null, "tiger:zip_left": null, "tiger:zip_right": null, "name_1": null, "tiger:name_base_1": null, "tiger:name_type_1": null, "bicycle": null, "foot": null, "hgv": null, "hgv:national_network": null, "horse": null, "lanes": null, "maxspeed": null, "oneway": null, "source:hgv:national_network": null, "surface": null, "tiger:separated": null, "tiger:source": null, "tiger:tlid": null, "tiger:upload_uuid": null, "destination": null, "destination:ref": null, "destination:ref:to": null, "start_date": null, "source:geometry": null, "maxheight:signed": null, "bridge": null, "layer": null, "emergency": null, "tunnel": null, "addr:city": null, "addr:housenumber": null, "addr:postcode": null, "addr:state": null, "addr:street": null, "area": null, "brand": null, "brand:wikidata": null, "check_date": null, "email": null, "fax": null, "phone": null, "website": null, "construction": null, "source": null, "motor_vehicle": null, "fixme": null, "footway": "crossing", "informal": null, "cycleway": null, "covered": null }, "geometry": { "type": "LineString", "coordinates": [ [ -78.0818705, 39.2901903 ], [ -78.0817915, 39.2901752 ], [ -78.0817463, 39.2901665 ] ] } },
{ "type": "Feature", "properties": { "element": "way", "id": 1149343155, "highway": "footway", "ref": null, "noref": null, "traffic_signals": null, "name": null, "crossing": null, "crossing:markings": null, "direction": null, "tiger:cfcc": null, "tiger:county": null, "service": null, "source:name": null, "tiger:reviewed": null, "access": null, "tiger:name_base": null, "tiger:name_type": null, "tiger:zip_left": null, "tiger:zip_right": null, "name_1": null, "tiger:name_base_1": null, "tiger:name_type_1": null, "bicycle": null, "foot": null, "hgv": null, "hgv:national_network": null, "horse": null, "lanes": null, "maxspeed": null, "oneway": null, "source:hgv:national_network": null, "surface": null, "tiger:separated": null, "tiger:source": null, "tiger:tlid": null, "tiger:upload_uuid": null, "destination": null, "destination:ref": null, "destination:ref:to": null, "start_date": null, "source:geometry": null, "maxheight:signed": null, "bridge": null, "layer": null, "emergency": null, "tunnel": null, "addr:city": null, "addr:housenumber": null, "addr:postcode": null, "addr:state": null, "addr:street": null, "area": null, "brand": null, "brand:wikidata": null, "check_date": null, "email": null, "fax": null, "phone": null, "website": null, "construction": null, "source": null, "motor_vehicle": null, "fixme": null, "footway": "sidewalk", "informal": null, "cycleway": null, "covered": null }, "geometry": { "type": "LineString", "coordinates": [ [ -78.0817463, 39.2901665 ], [ -78.081672, 39.2901517 ] ] } },
{ "type": "Feature", "properties": { "element": "way", "id": 1149343156, "highway": "footway", "ref": null, "noref": null, "traffic_signals": null, "name": null, "crossing": "uncontrolled", "crossing:markings": null, "direction": null, "tiger:cfcc": null, "tiger:county": null, "service": null, "source:name": null, "tiger:reviewed": null, "access": null, "tiger:name_base": null, "tiger:name_type": null, "tiger:zip_left": null, "tiger:zip_right": null, "name_1": null, "tiger:name_base_1": null, "tiger:name_type_1": null, "bicycle": null, "foot": null, "hgv": null, "hgv:national_network": null, "horse": null, "lanes": null, "maxspeed": null, "oneway": null, "source:hgv:national_network": null, "surface": null, "tiger:separated": null, "tiger:source": null, "tiger:tlid": null, "tiger:upload_uuid": null, "destination": null, "destination:ref": null, "destination:ref:to": null, "start_date": null, "source:geometry": null, "maxheight:signed": null, "bridge": null, "layer": null, "emergency": null, "tunnel": null, "addr:city": null, "addr:housenumber": null, "addr:postcode": null, "addr:state": null, "addr:street": null, "area": null, "brand": null, "brand:wikidata": null, "check_date": null, "email": null, "fax": null, "phone": null, "website": null, "construction": null, "source": null, "motor_vehicle": null, "fixme": null, "footway": "crossing", "informal": null, "cycleway": null, "covered": null }, "geometry": { "type": "LineString", "coordinates": [ [ -78.081672, 39.2901517 ], [ -78.081636, 39.2901442 ], [ -78.0815701, 39.2901304 ] ] } },
{ "type": "Feature", "properties": { "element": "way", "id": 1149343157, "highway": "footway", "ref": null, "noref": null, "traffic_signals": null, "name": null, "crossing": null, "crossing:markings": null, "direction": null, "tiger:cfcc": null, "tiger:county": null, "service": null, "source:name": null, "tiger:reviewed": null, "access": null, "tiger:name_base": null, "tiger:name_type": null, "tiger:zip_left": null, "tiger:zip_right": null, "name_1": null, "tiger:name_base_1": null, "tiger:name_type_1": null, "bicycle": null, "foot": null, "hgv": null, "hgv:national_network": null, "horse": null, "lanes": null, "maxspeed": null, "oneway": null, "source:hgv:national_network": null, "surface": null, "tiger:separated": null, "tiger:source": null, "tiger:tlid": null, "tiger:upload_uuid": null, "destination": null, "destination:ref": null, "destination:ref:to": null, "start_date": null, "source:geometry": null, "maxheight:signed": null, "bridge": null, "layer": null, "emergency": null, "tunnel": null, "addr:city": null, "addr:housenumber": null, "addr:postcode": null, "addr:state": null, "addr:street": null, "area": null, "brand": null, "brand:wikidata": null, "check_date": null, "email": null, "fax": null, "phone": null, "website": null, "construction": null, "source": null, "motor_vehicle": null, "fixme": null, "footway": "sidewalk", "informal": null, "cycleway": null, "covered": null }, "geometry": { "type": "LineString", "coordinates": [ [ -78.0815701, 39.2901304 ], [ -78.0811424, 39.29004 ] ] } },
{ "type": "Feature", "properties": { "element": "way", "id": 1149343158, "highway": "cycleway", "ref": null, "noref": null, "traffic_signals": null, "name": null, "crossing": null, "crossing:markings": null, "direction": null, "tiger:cfcc": null, "tiger:county": null, "service": null, "source:name": null, "tiger:reviewed": null, "access": null, "tiger:name_base": null, "tiger:name_type": null, "tiger:zip_left": null, "tiger:zip_right": null, "name_1": null, "tiger:name_base_1": null, "tiger:name_type_1": null, "bicycle": "designated", "foot": "designated", "hgv": null, "hgv:national_network": null, "horse": null, "lanes": null, "maxspeed": null, "oneway": null, "source:hgv:national_network": null, "surface": null, "tiger:separated": null, "tiger:source": null, "tiger:tlid": null, "tiger:upload_uuid": null, "destination": null, "destination:ref": null, "destination:ref:to": null, "start_date": null, "source:geometry": null, "maxheight:signed": null, "bridge": null, "layer": null, "emergency": null, "tunnel": null, "addr:city": null, "addr:housenumber": null, "addr:postcode": null, "addr:state": null, "addr:street": null, "area": null, "brand": null, "brand:wikidata": null, "check_date": null, "email": null, "fax": null, "phone": null, "website": null, "construction": null, "source": null, "motor_vehicle": null, "fixme": null, "footway": null, "informal": null, "cycleway": null, "covered": null }, "geometry": { "type": "LineString", "coordinates": [ [ -78.0807436, 39.2896027 ], [ -78.0805841, 39.289419 ], [ -78.0805618, 39.2893861 ], [ -78.080543800000015, 39.28935 ], [ -78.0805353, 39.289322099999985 ], [ -78.0805332, 39.2892966 ], [ -78.0805353, 39.2892687 ], [ -78.0805427, 39.2892292 ], [ -78.0805555, 39.2891906 ], [ -78.0805778, 39.2891397 ], [ -78.0806361, 39.2890362 ], [ -78.0806865, 39.2889598 ], [ -78.0807073, 39.2889391 ], [ -78.0807426, 39.2889183 ], [ -78.0808036, 39.2888947 ], [ -78.0808625, 39.2888703 ], [ -78.0808961, 39.288855200000015 ], [ -78.0809143, 39.2888389 ], [ -78.0809451, 39.288801 ] ] } },
{ "type": "Feature", "properties": { "element": "way", "id": 1149343159, "highway": "service", "ref": null, "noref": null, "traffic_signals": null, "name": null, "crossing": null, "crossing:markings": null, "direction": null, "tiger:cfcc": null, "tiger:county": null, "service": null, "source:name": null, "tiger:reviewed": null, "access": null, "tiger:name_base": null, "tiger:name_type": null, "tiger:zip_left": null, "tiger:zip_right": null, "name_1": null, "tiger:name_base_1": null, "tiger:name_type_1": null, "bicycle": null, "foot": null, "hgv": null, "hgv:national_network": null, "horse": null, "lanes": null, "maxspeed": null, "oneway": null, "source:hgv:national_network": null, "surface": "gravel", "tiger:separated": null, "tiger:source": null, "tiger:tlid": null, "tiger:upload_uuid": null, "destination": null, "destination:ref": null, "destination:ref:to": null, "start_date": null, "source:geometry": null, "maxheight:signed": null, "bridge": null, "layer": null, "emergency": null, "tunnel": null, "addr:city": null, "addr:housenumber": null, "addr:postcode": null, "addr:state": null, "addr:street": null, "area": null, "brand": null, "brand:wikidata": null, "check_date": null, "email": null, "fax": null, "phone": null, "website": null, "construction": null, "source": null, "motor_vehicle": null, "fixme": null, "footway": null, "informal": null, "cycleway": null, "covered": null }, "geometry": { "type": "LineString", "coordinates": [ [ -78.0804628, 39.2897978 ], [ -78.0807814, 39.2896473 ], [ -78.0808044, 39.2896365 ] ] } },
{ "type": "Feature", "properties": { "element": "way", "id": 1149343160, "highway": "cycleway", "ref": null, "noref": null, "traffic_signals": null, "name": null, "crossing": null, "crossing:markings": null, "direction": null, "tiger:cfcc": null, "tiger:county": null, "service": null, "source:name": null, "tiger:reviewed": null, "access": null, "tiger:name_base": null, "tiger:name_type": null, "tiger:zip_left": null, "tiger:zip_right": null, "name_1": null, "tiger:name_base_1": null, "tiger:name_type_1": null, "bicycle": "designated", "foot": "designated", "hgv": null, "hgv:national_network": null, "horse": null, "lanes": null, "maxspeed": null, "oneway": null, "source:hgv:national_network": null, "surface": null, "tiger:separated": null, "tiger:source": null, "tiger:tlid": null, "tiger:upload_uuid": null, "destination": null, "destination:ref": null, "destination:ref:to": null, "start_date": null, "source:geometry": null, "maxheight:signed": null, "bridge": null, "layer": null, "emergency": null, "tunnel": null, "addr:city": null, "addr:housenumber": null, "addr:postcode": null, "addr:state": null, "addr:street": null, "area": null, "brand": null, "brand:wikidata": null, "check_date": null, "email": null, "fax": null, "phone": null, "website": null, "construction": null, "source": null, "motor_vehicle": null, "fixme": null, "footway": null, "informal": null, "cycleway": null, "covered": null }, "geometry": { "type": "LineString", "coordinates": [ [ -78.0811424, 39.29004 ], [ -78.0810702, 39.2900227 ], [ -78.0810034, 39.2900014 ], [ -78.080946, 39.28998 ], [ -78.0809153, 39.2899636 ], [ -78.0808855, 39.2899422 ], [ -78.0808696, 39.2899258 ], [ -78.0808622, 39.2899102 ], [ -78.0808601, 39.2898913 ], [ -78.0808622, 39.2898576 ], [ -78.0808664, 39.2898182 ], [ -78.0808654, 39.2897936 ], [ -78.080859, 39.2897665 ], [ -78.0808495, 39.2897435 ], [ -78.0808367, 39.2897172 ], [ -78.0808181, 39.2896907 ] ] } },
{ "type": "Feature", "properties": { "element": "way", "id": 1149343161, "highway": "cycleway", "ref": null, "noref": null, "traffic_signals": null, "name": null, "crossing": "unmarked", "crossing:markings": null, "direction": null, "tiger:cfcc": null, "tiger:county": null, "service": null, "source:name": null, "tiger:reviewed": null, "access": null, "tiger:name_base": null, "tiger:name_type": null, "tiger:zip_left": null, "tiger:zip_right": null, "name_1": null, "tiger:name_base_1": null, "tiger:name_type_1": null, "bicycle": "designated", "foot": "designated", "hgv": null, "hgv:national_network": null, "horse": null, "lanes": null, "maxspeed": null, "oneway": null, "source:hgv:national_network": null, "surface": "gravel", "tiger:separated": null, "tiger:source": null, "tiger:tlid": null, "tiger:upload_uuid": null, "destination": null, "destination:ref": null, "destination:ref:to": null, "start_date": null, "source:geometry": null, "maxheight:signed": null, "bridge": null, "layer": null, "emergency": null, "tunnel": null, "addr:city": null, "addr:housenumber": null, "addr:postcode": null, "addr:state": null, "addr:street": null, "area": null, "brand": null, "brand:wikidata": null, "check_date": null, "email": null, "fax": null, "phone": null, "website": null, "construction": null, "source": null, "motor_vehicle": null, "fixme": null, "footway": null, "informal": null, "cycleway": "crossing", "covered": null }, "geometry": { "type": "LineString", "coordinates": [ [ -78.0808181, 39.2896907 ], [ -78.0807814, 39.2896473 ], [ -78.0807436, 39.2896027 ] ] } },
{ "type": "Feature", "properties": { "element": "way", "id": 1149343162, "highway": "service", "ref": null, "noref": null, "traffic_signals": null, "name": null, "crossing": null, "crossing:markings": null, "direction": null, "tiger:cfcc": null, "tiger:county": null, "service": null, "source:name": null, "tiger:reviewed": null, "access": null, "tiger:name_base": null, "tiger:name_type": null, "tiger:zip_left": null, "tiger:zip_right": null, "name_1": null, "tiger:name_base_1": null, "tiger:name_type_1": null, "bicycle": null, "foot": null, "hgv": null, "hgv:national_network": null, "horse": null, "lanes": null, "maxspeed": null, "oneway": null, "source:hgv:national_network": null, "surface": "gravel", "tiger:separated": null, "tiger:source": null, "tiger:tlid": null, "tiger:upload_uuid": null, "destination": null, "destination:ref": null, "destination:ref:to": null, "start_date": null, "source:geometry": null, "maxheight:signed": null, "bridge": null, "layer": null, "emergency": null, "tunnel": null, "addr:city": null, "addr:housenumber": null, "addr:postcode": null, "addr:state": null, "addr:street": null, "area": null, "brand": null, "brand:wikidata": null, "check_date": null, "email": null, "fax": null, "phone": null, "website": null, "construction": null, "source": null, "motor_vehicle": null, "fixme": null, "footway": null, "informal": null, "cycleway": null, "covered": null }, "geometry": { "type": "LineString", "coordinates": [ [ -78.0805806, 39.2886414 ], [ -78.0809681, 39.2887605 ], [ -78.0810012, 39.2887706 ] ] } },
{ "type": "Feature", "properties": { "element": "way", "id": 1149343163, "highway": "cycleway", "ref": null, "noref": null, "traffic_signals": null, "name": null, "crossing": "unmarked", "crossing:markings": null, "direction": null, "tiger:cfcc": null, "tiger:county": null, "service": null, "source:name": null, "tiger:reviewed": null, "access": null, "tiger:name_base": null, "tiger:name_type": null, "tiger:zip_left": null, "tiger:zip_right": null, "name_1": null, "tiger:name_base_1": null, "tiger:name_type_1": null, "bicycle": "designated", "foot": "designated", "hgv": null, "hgv:national_network": null, "horse": null, "lanes": null, "maxspeed": null, "oneway": null, "source:hgv:national_network": null, "surface": "gravel", "tiger:separated": null, "tiger:source": null, "tiger:tlid": null, "tiger:upload_uuid": null, "destination": null, "destination:ref": null, "destination:ref:to": null, "start_date": null, "source:geometry": null, "maxheight:signed": null, "bridge": null, "layer": null, "emergency": null, "tunnel": null, "addr:city": null, "addr:housenumber": null, "addr:postcode": null, "addr:state": null, "addr:street": null, "area": null, "brand": null, "brand:wikidata": null, "check_date": null, "email": null, "fax": null, "phone": null, "website": null, "construction": null, "source": null, "motor_vehicle": null, "fixme": null, "footway": null, "informal": null, "cycleway": "crossing", "covered": null }, "geometry": { "type": "LineString", "coordinates": [ [ -78.0809451, 39.288801 ], [ -78.0809681, 39.2887605 ], [ -78.08099, 39.2887218 ] ] } },
{ "type": "Feature", "properties": { "element": "way", "id": 1149343164, "highway": "cycleway", "ref": null, "noref": null, "traffic_signals": null, "name": null, "crossing": null, "crossing:markings": null, "direction": null, "tiger:cfcc": null, "tiger:county": null, "service": null, "source:name": null, "tiger:reviewed": null, "access": null, "tiger:name_base": null, "tiger:name_type": null, "tiger:zip_left": null, "tiger:zip_right": null, "name_1": null, "tiger:name_base_1": null, "tiger:name_type_1": null, "bicycle": "designated", "foot": "designated", "hgv": null, "hgv:national_network": null, "horse": null, "lanes": null, "maxspeed": null, "oneway": null, "source:hgv:national_network": null, "surface": null, "tiger:separated": null, "tiger:source": null, "tiger:tlid": null, "tiger:upload_uuid": null, "destination": null, "destination:ref": null, "destination:ref:to": null, "start_date": null, "source:geometry": null, "maxheight:signed": null, "bridge": null, "layer": null, "emergency": null, "tunnel": null, "addr:city": null, "addr:housenumber": null, "addr:postcode": null, "addr:state": null, "addr:street": null, "area": null, "brand": null, "brand:wikidata": null, "check_date": null, "email": null, "fax": null, "phone": null, "website": null, "construction": null, "source": null, "motor_vehicle": null, "fixme": null, "footway": null, "informal": null, "cycleway": null, "covered": null }, "geometry": { "type": "LineString", "coordinates": [ [ -78.08099, 39.2887218 ], [ -78.0810092, 39.2886747 ], [ -78.0810135, 39.2886567 ], [ -78.0810135, 39.2886394 ], [ -78.0810092, 39.2886246 ], [ -78.0809933, 39.2885975 ], [ -78.0809318, 39.2885334 ], [ -78.0809148, 39.2885121 ], [ -78.0809052, 39.2884915 ], [ -78.0809031, 39.28846690000001 ], [ -78.080902, 39.2884382 ], [ -78.0809063, 39.2884086 ], [ -78.0809158, 39.2883716 ], [ -78.080950900000019, 39.2882599 ], [ -78.0810722, 39.2878789 ], [ -78.0812038, 39.2874156 ], [ -78.0813601, 39.2869175 ], [ -78.0813601, 39.2869034 ], [ -78.0813517, 39.286892599999987 ], [ -78.0813335, 39.2868796 ], [ -78.0813069, 39.2868687 ], [ -78.0812775, 39.2868611 ] ] } },
{ "type": "Feature", "properties": { "element": "way", "id": 1149343165, "highway": "cycleway", "ref": null, "noref": null, "traffic_signals": null, "name": null, "crossing": "uncontrolled", "crossing:markings": "lines", "direction": null, "tiger:cfcc": null, "tiger:county": null, "service": null, "source:name": null, "tiger:reviewed": null, "access": null, "tiger:name_base": null, "tiger:name_type": null, "tiger:zip_left": null, "tiger:zip_right": null, "name_1": null, "tiger:name_base_1": null, "tiger:name_type_1": null, "bicycle": "designated", "foot": "designated", "hgv": null, "hgv:national_network": null, "horse": null, "lanes": null, "maxspeed": null, "oneway": null, "source:hgv:national_network": null, "surface": null, "tiger:separated": null, "tiger:source": null, "tiger:tlid": null, "tiger:upload_uuid": null, "destination": null, "destination:ref": null, "destination:ref:to": null, "start_date": null, "source:geometry": null, "maxheight:signed": null, "bridge": null, "layer": null, "emergency": null, "tunnel": null, "addr:city": null, "addr:housenumber": null, "addr:postcode": null, "addr:state": null, "addr:street": null, "area": null, "brand": null, "brand:wikidata": null, "check_date": null, "email": null, "fax": null, "phone": null, "website": null, "construction": null, "source": null, "motor_vehicle": null, "fixme": null, "footway": null, "informal": null, "cycleway": "crossing", "covered": null }, "geometry": { "type": "LineString", "coordinates": [ [ -78.0812775, 39.2868611 ], [ -78.0811754, 39.2868426 ], [ -78.081053, 39.2868205 ] ] } },
{ "type": "Feature", "properties": { "element": "way", "id": 1149343166, "highway": "cycleway", "ref": null, "noref": null, "traffic_signals": null, "name": null, "crossing": null, "crossing:markings": null, "direction": null, "tiger:cfcc": null, "tiger:county": null, "service": null, "source:name": null, "tiger:reviewed": null, "access": null, "tiger:name_base": null, "tiger:name_type": null, "tiger:zip_left": null, "tiger:zip_right": null, "name_1": null, "tiger:name_base_1": null, "tiger:name_type_1": null, "bicycle": "designated", "foot": "designated", "hgv": null, "hgv:national_network": null, "horse": null, "lanes": null, "maxspeed": null, "oneway": null, "source:hgv:national_network": null, "surface": null, "tiger:separated": null, "tiger:source": null, "tiger:tlid": null, "tiger:upload_uuid": null, "destination": null, "destination:ref": null, "destination:ref:to": null, "start_date": null, "source:geometry": null, "maxheight:signed": null, "bridge": null, "layer": null, "emergency": null, "tunnel": null, "addr:city": null, "addr:housenumber": null, "addr:postcode": null, "addr:state": null, "addr:street": null, "area": null, "brand": null, "brand:wikidata": null, "check_date": null, "email": null, "fax": null, "phone": null, "website": null, "construction": null, "source": null, "motor_vehicle": null, "fixme": null, "footway": null, "informal": null, "cycleway": null, "covered": null }, "geometry": { "type": "LineString", "coordinates": [ [ -78.081053, 39.2868205 ], [ -78.0810387, 39.2868237 ], [ -78.0810274, 39.2868088 ], [ -78.0810106, 39.2867907 ], [ -78.0810194, 39.2867839 ] ] } },
{ "type": "Feature", "properties": { "element": "way", "id": 1149343167, "highway": "cycleway", "ref": null, "noref": null, "traffic_signals": null, "name": null, "crossing": "uncontrolled", "crossing:markings": "zebra", "direction": null, "tiger:cfcc": null, "tiger:county": null, "service": null, "source:name": null, "tiger:reviewed": null, "access": null, "tiger:name_base": null, "tiger:name_type": null, "tiger:zip_left": null, "tiger:zip_right": null, "name_1": null, "tiger:name_base_1": null, "tiger:name_type_1": null, "bicycle": "designated", "foot": "designated", "hgv": null, "hgv:national_network": null, "horse": null, "lanes": null, "maxspeed": null, "oneway": null, "source:hgv:national_network": null, "surface": null, "tiger:separated": null, "tiger:source": null, "tiger:tlid": null, "tiger:upload_uuid": null, "destination": null, "destination:ref": null, "destination:ref:to": null, "start_date": null, "source:geometry": null, "maxheight:signed": null, "bridge": null, "layer": null, "emergency": null, "tunnel": null, "addr:city": null, "addr:housenumber": null, "addr:postcode": null, "addr:state": null, "addr:street": null, "area": null, "brand": null, "brand:wikidata": null, "check_date": null, "email": null, "fax": null, "phone": null, "website": null, "construction": null, "source": null, "motor_vehicle": null, "fixme": null, "footway": null, "informal": null, "cycleway": "crossing", "covered": null }, "geometry": { "type": "LineString", "coordinates": [ [ -78.0810194, 39.2867839 ], [ -78.0810462, 39.2867052 ], [ -78.0810781, 39.2866114 ] ] } },
{ "type": "Feature", "properties": { "element": "way", "id": 1149343168, "highway": "cycleway", "ref": null, "noref": null, "traffic_signals": null, "name": null, "crossing": null, "crossing:markings": null, "direction": null, "tiger:cfcc": null, "tiger:county": null, "service": null, "source:name": null, "tiger:reviewed": null, "access": null, "tiger:name_base": null, "tiger:name_type": null, "tiger:zip_left": null, "tiger:zip_right": null, "name_1": null, "tiger:name_base_1": null, "tiger:name_type_1": null, "bicycle": "designated", "foot": "designated", "hgv": null, "hgv:national_network": null, "horse": null, "lanes": null, "maxspeed": null, "oneway": null, "source:hgv:national_network": null, "surface": null, "tiger:separated": null, "tiger:source": null, "tiger:tlid": null, "tiger:upload_uuid": null, "destination": null, "destination:ref": null, "destination:ref:to": null, "start_date": null, "source:geometry": null, "maxheight:signed": null, "bridge": null, "layer": null, "emergency": null, "tunnel": null, "addr:city": null, "addr:housenumber": null, "addr:postcode": null, "addr:state": null, "addr:street": null, "area": null, "brand": null, "brand:wikidata": null, "check_date": null, "email": null, "fax": null, "phone": null, "website": null, "construction": null, "source": null, "motor_vehicle": null, "fixme": null, "footway": null, "informal": null, "cycleway": null, "covered": null }, "geometry": { "type": "LineString", "coordinates": [ [ -78.0810781, 39.2866114 ], [ -78.0810846, 39.2865685 ], [ -78.0810958, 39.2865348 ], [ -78.08114620000002, 39.2864223 ], [ -78.0811688, 39.2863688 ], [ -78.0811913, 39.2862841 ], [ -78.0812164, 39.2861895 ], [ -78.0812164, 39.286176199999986 ], [ -78.0812103, 39.286163 ], [ -78.0811921, 39.286147 ], [ -78.0811725, 39.2861347 ], [ -78.081153, 39.2861281 ], [ -78.08108230000002, 39.2861177 ] ] } },
{ "type": "Feature", "properties": { "element": "way", "id": 1149343169, "highway": "primary", "ref": "US 11", "noref": null, "traffic_signals": null, "name": "Martinsburg Pike", "crossing": null, "crossing:markings": null, "direction": null, "tiger:cfcc": "A21", "tiger:county": "Frederick, VA", "service": null, "source:name": null, "tiger:reviewed": null, "access": null, "tiger:name_base": "Martinsburg", "tiger:name_type": "Pike", "tiger:zip_left": "22624", "tiger:zip_right": "22624", "name_1": null, "tiger:name_base_1": null, "tiger:name_type_1": null, "bicycle": null, "foot": null, "hgv": null, "hgv:national_network": null, "horse": null, "lanes": "2", "maxspeed": "45 mph", "oneway": null, "source:hgv:national_network": null, "surface": "asphalt", "tiger:separated": null, "tiger:source": null, "tiger:tlid": null, "tiger:upload_uuid": null, "destination": null, "destination:ref": null, "destination:ref:to": null, "start_date": null, "source:geometry": null, "maxheight:signed": null, "bridge": null, "layer": null, "emergency": null, "tunnel": null, "addr:city": null, "addr:housenumber": null, "addr:postcode": null, "addr:state": null, "addr:street": null, "area": null, "brand": null, "brand:wikidata": null, "check_date": null, "email": null, "fax": null, "phone": null, "website": null, "construction": null, "source": null, "motor_vehicle": null, "fixme": null, "footway": null, "informal": null, "cycleway": null, "covered": null }, "geometry": { "type": "MultiLineString", "coordinates": [ [ [ -78.0830189, 39.2899257 ], [ -78.0827025, 39.2904842 ], [ -78.0826157, 39.2906595 ], [ -78.0825445, 39.2907827 ], [ -78.082278784772228, 39.291242578019244 ] ], [ [ -78.082274660306837, 39.291249716248444 ], [ -78.0821, 39.291552 ], [ -78.0818518, 39.2919878 ], [ -78.081822, 39.29204 ], [ -78.08172, 39.292217 ], [ -78.081582, 39.292454 ], [ -78.0815444, 39.2925122 ], [ -78.081332, 39.292841 ], [ -78.081124, 39.293116 ], [ -78.081068, 39.2931822 ], [ -78.080893, 39.293389 ], [ -78.080649, 39.293651 ], [ -78.080339, 39.29397 ], [ -78.08018, 39.2941369 ], [ -78.0800389, 39.294285 ] ] ] } },
{ "type": "Feature", "properties": { "element": "way", "id": 1149343170, "highway": "primary", "ref": "US 11", "noref": null, "traffic_signals": null, "name": "Martinsburg Pike", "crossing": null, "crossing:markings": null, "direction": null, "tiger:cfcc": "A21", "tiger:county": "Frederick, VA", "service": null, "source:name": null, "tiger:reviewed": null, "access": null, "tiger:name_base": "Martinsburg", "tiger:name_type": "Pike", "tiger:zip_left": "22624", "tiger:zip_right": "22624", "name_1": null, "tiger:name_base_1": null, "tiger:name_type_1": null, "bicycle": null, "foot": null, "hgv": null, "hgv:national_network": null, "horse": null, "lanes": "2", "maxspeed": "45 mph", "oneway": "yes", "source:hgv:national_network": null, "surface": "asphalt", "tiger:separated": null, "tiger:source": null, "tiger:tlid": null, "tiger:upload_uuid": null, "destination": null, "destination:ref": null, "destination:ref:to": null, "start_date": null, "source:geometry": null, "maxheight:signed": null, "bridge": null, "layer": null, "emergency": null, "tunnel": null, "addr:city": null, "addr:housenumber": null, "addr:postcode": null, "addr:state": null, "addr:street": null, "area": null, "brand": null, "brand:wikidata": null, "check_date": null, "email": null, "fax": null, "phone": null, "website": null, "construction": null, "source": null, "motor_vehicle": null, "fixme": null, "footway": null, "informal": null, "cycleway": null, "covered": null }, "geometry": { "type": "LineString", "coordinates": [ [ -78.083376900000019, 39.289242 ], [ -78.0832572, 39.2894182 ], [ -78.0832004, 39.2895219 ], [ -78.0830629, 39.2897757 ], [ -78.0830478, 39.289809799999986 ], [ -78.0830189, 39.2899257 ] ] } },
{ "type": "Feature", "properties": { "element": "way", "id": 1149343171, "highway": "primary", "ref": "US 11", "noref": null, "traffic_signals": null, "name": "Martinsburg Pike", "crossing": null, "crossing:markings": null, "direction": null, "tiger:cfcc": "A21", "tiger:county": "Frederick, VA", "service": null, "source:name": null, "tiger:reviewed": null, "access": null, "tiger:name_base": "Martinsburg", "tiger:name_type": "Pike", "tiger:zip_left": "22624", "tiger:zip_right": "22624", "name_1": null, "tiger:name_base_1": null, "tiger:name_type_1": null, "bicycle": null, "foot": null, "hgv": null, "hgv:national_network": null, "horse": null, "lanes": "2", "maxspeed": "45 mph", "oneway": "yes", "source:hgv:national_network": null, "surface": "asphalt", "tiger:separated": null, "tiger:source": null, "tiger:tlid": null, "tiger:upload_uuid": null, "destination": null, "destination:ref": null, "destination:ref:to": null, "start_date": null, "source:geometry": null, "maxheight:signed": null, "bridge": null, "layer": null, "emergency": null, "tunnel": null, "addr:city": null, "addr:housenumber": null, "addr:postcode": null, "addr:state": null, "addr:street": null, "area": null, "brand": null, "brand:wikidata": null, "check_date": null, "email": null, "fax": null, "phone": null, "website": null, "construction": null, "source": null, "motor_vehicle": null, "fixme": null, "footway": null, "informal": null, "cycleway": null, "covered": null }, "geometry": { "type": "LineString", "coordinates": [ [ -78.0830189, 39.2899257 ], [ -78.0831271, 39.289815299999987 ], [ -78.0831491, 39.289787 ], [ -78.0832753, 39.2895378 ], [ -78.0833004, 39.2894743 ], [ -78.083376900000019, 39.289242 ] ] } },
{ "type": "Feature", "properties": { "element": "way", "id": 1149343172, "highway": "primary_link", "ref": null, "noref": null, "traffic_signals": null, "name": null, "crossing": null, "crossing:markings": null, "direction": null, "tiger:cfcc": null, "tiger:county": null, "service": null, "source:name": null, "tiger:reviewed": null, "access": null, "tiger:name_base": null, "tiger:name_type": null, "tiger:zip_left": null, "tiger:zip_right": null, "name_1": null, "tiger:name_base_1": null, "tiger:name_type_1": null, "bicycle": null, "foot": null, "hgv": null, "hgv:national_network": null, "horse": null, "lanes": null, "maxspeed": null, "oneway": "yes", "source:hgv:national_network": null, "surface": null, "tiger:separated": null, "tiger:source": null, "tiger:tlid": null, "tiger:upload_uuid": null, "destination": null, "destination:ref": null, "destination:ref:to": null, "start_date": null, "source:geometry": null, "maxheight:signed": null, "bridge": null, "layer": null, "emergency": null, "tunnel": null, "addr:city": null, "addr:housenumber": null, "addr:postcode": null, "addr:state": null, "addr:street": null, "area": null, "brand": null, "brand:wikidata": null, "check_date": null, "email": null, "fax": null, "phone": null, "website": null, "construction": null, "source": null, "motor_vehicle": null, "fixme": null, "footway": null, "informal": null, "cycleway": null, "covered": null }, "geometry": { "type": "LineString", "coordinates": [ [ -78.0832004, 39.2895219 ], [ -78.083075, 39.2896296 ], [ -78.0830484, 39.2896459 ], [ -78.0830246, 39.2896567 ], [ -78.0829985, 39.2896642 ], [ -78.0829601, 39.2896751 ], [ -78.0827006, 39.2897485 ] ] } },
{ "type": "Feature", "properties": { "element": "way", "id": 1149343173, "highway": "service", "ref": null, "noref": null, "traffic_signals": null, "name": null, "crossing": null, "crossing:markings": null, "direction": null, "tiger:cfcc": null, "tiger:county": null, "service": null, "source:name": null, "tiger:reviewed": null, "access": null, "tiger:name_base": null, "tiger:name_type": null, "tiger:zip_left": null, "tiger:zip_right": null, "name_1": null, "tiger:name_base_1": null, "tiger:name_type_1": null, "bicycle": null, "foot": null, "hgv": null, "hgv:national_network": null, "horse": null, "lanes": null, "maxspeed": null, "oneway": "yes", "source:hgv:national_network": null, "surface": null, "tiger:separated": null, "tiger:source": null, "tiger:tlid": null, "tiger:upload_uuid": null, "destination": null, "destination:ref": null, "destination:ref:to": null, "start_date": null, "source:geometry": null, "maxheight:signed": null, "bridge": null, "layer": null, "emergency": null, "tunnel": null, "addr:city": null, "addr:housenumber": null, "addr:postcode": null, "addr:state": null, "addr:street": null, "area": null, "brand": null, "brand:wikidata": null, "check_date": null, "email": null, "fax": null, "phone": null, "website": null, "construction": null, "source": null, "motor_vehicle": null, "fixme": null, "footway": null, "informal": null, "cycleway": null, "covered": null }, "geometry": { "type": "LineString", "coordinates": [ [ -78.0817437, 39.2903216 ], [ -78.0817733, 39.290231 ], [ -78.0817915, 39.2901752 ], [ -78.0818341, 39.2900447 ] ] } },
{ "type": "Feature", "properties": { "element": "way", "id": 1149343174, "highway": "tertiary_link", "ref": null, "noref": null, "traffic_signals": null, "name": null, "crossing": null, "crossing:markings": null, "direction": null, "tiger:cfcc": null, "tiger:county": null, "service": null, "source:name": null, "tiger:reviewed": null, "access": null, "tiger:name_base": null, "tiger:name_type": null, "tiger:zip_left": null, "tiger:zip_right": null, "name_1": null, "tiger:name_base_1": null, "tiger:name_type_1": null, "bicycle": null, "foot": null, "hgv": null, "hgv:national_network": null, "horse": null, "lanes": null, "maxspeed": null, "oneway": "yes", "source:hgv:national_network": null, "surface": null, "tiger:separated": null, "tiger:source": null, "tiger:tlid": null, "tiger:upload_uuid": null, "destination": null, "destination:ref": null, "destination:ref:to": null, "start_date": null, "source:geometry": null, "maxheight:signed": null, "bridge": null, "layer": null, "emergency": null, "tunnel": null, "addr:city": null, "addr:housenumber": null, "addr:postcode": null, "addr:state": null, "addr:street": null, "area": null, "brand": null, "brand:wikidata": null, "check_date": null, "email": null, "fax": null, "phone": null, "website": null, "construction": null, "source": null, "motor_vehicle": null, "fixme": null, "footway": null, "informal": null, "cycleway": null, "covered": null }, "geometry": { "type": "LineString", "coordinates": [ [ -78.0818341, 39.2900447 ], [ -78.0816689, 39.2901315 ], [ -78.081636, 39.2901442 ], [ -78.0816129, 39.2901531 ], [ -78.0815723, 39.29016510000001 ], [ -78.0815113, 39.290176 ] ] } },
{ "type": "Feature", "properties": { "element": "way", "id": 1149343175, "highway": "service", "ref": null, "noref": null, "traffic_signals": null, "name": null, "crossing": null, "crossing:markings": null, "direction": null, "tiger:cfcc": null, "tiger:county": null, "service": null, "source:name": null, "tiger:reviewed": null, "access": null, "tiger:name_base": null, "tiger:name_type": null, "tiger:zip_left": null, "tiger:zip_right": null, "name_1": null, "tiger:name_base_1": null, "tiger:name_type_1": null, "bicycle": null, "foot": null, "hgv": null, "hgv:national_network": null, "horse": null, "lanes": null, "maxspeed": null, "oneway": null, "source:hgv:national_network": null, "surface": null, "tiger:separated": null, "tiger:source": null, "tiger:tlid": null, "tiger:upload_uuid": null, "destination": null, "destination:ref": null, "destination:ref:to": null, "start_date": null, "source:geometry": null, "maxheight:signed": null, "bridge": null, "layer": null, "emergency": null, "tunnel": null, "addr:city": null, "addr:housenumber": null, "addr:postcode": null, "addr:state": null, "addr:street": null, "area": null, "brand": null, "brand:wikidata": null, "check_date": null, "email": null, "fax": null, "phone": null, "website": null, "construction": null, "source": null, "motor_vehicle": null, "fixme": null, "footway": null, "informal": null, "cycleway": null, "covered": null }, "geometry": { "type": "LineString", "coordinates": [ [ -78.0818341, 39.2900447 ], [ -78.0818734, 39.289971 ], [ -78.0821941, 39.2893901 ], [ -78.0823084, 39.2894178 ], [ -78.0825274, 39.289471 ], [ -78.082623, 39.2894942 ], [ -78.0828167, 39.2895412 ] ] } },
{ "type": "Feature", "properties": { "element": "way", "id": 1149343176, "highway": "service", "ref": null, "noref": null, "traffic_signals": null, "name": null, "crossing": null, "crossing:markings": null, "direction": null, "tiger:cfcc": null, "tiger:county": null, "service": null, "source:name": null, "tiger:reviewed": null, "access": null, "tiger:name_base": null, "tiger:name_type": null, "tiger:zip_left": null, "tiger:zip_right": null, "name_1": null, "tiger:name_base_1": null, "tiger:name_type_1": null, "bicycle": null, "foot": null, "hgv": null, "hgv:national_network": null, "horse": null, "lanes": null, "maxspeed": null, "oneway": null, "source:hgv:national_network": null, "surface": null, "tiger:separated": null, "tiger:source": null, "tiger:tlid": null, "tiger:upload_uuid": null, "destination": null, "destination:ref": null, "destination:ref:to": null, "start_date": null, "source:geometry": null, "maxheight:signed": null, "bridge": null, "layer": null, "emergency": null, "tunnel": null, "addr:city": null, "addr:housenumber": null, "addr:postcode": null, "addr:state": null, "addr:street": null, "area": null, "brand": null, "brand:wikidata": null, "check_date": null, "email": null, "fax": null, "phone": null, "website": null, "construction": null, "source": null, "motor_vehicle": null, "fixme": null, "footway": null, "informal": null, "cycleway": null, "covered": null }, "geometry": { "type": "LineString", "coordinates": [ [ -78.0828691, 39.2894475 ], [ -78.0828167, 39.2895412 ], [ -78.0827006, 39.2897485 ], [ -78.0824602, 39.2901781 ], [ -78.0822768, 39.290139 ], [ -78.082199, 39.2901224 ], [ -78.0820435, 39.2900893 ], [ -78.0819578, 39.290071099999984 ], [ -78.0819024, 39.2900593 ], [ -78.0818341, 39.2900447 ] ] } },
{ "type": "Feature", "properties": { "element": "way", "id": 1149343177, "highway": "service", "ref": null, "noref": null, "traffic_signals": null, "name": null, "crossing": null, "crossing:markings": null, "direction": null, "tiger:cfcc": null, "tiger:county": null, "service": null, "source:name": null, "tiger:reviewed": null, "access": null, "tiger:name_base": null, "tiger:name_type": null, "tiger:zip_left": null, "tiger:zip_right": null, "name_1": null, "tiger:name_base_1": null, "tiger:name_type_1": null, "bicycle": null, "foot": null, "hgv": null, "hgv:national_network": null, "horse": null, "lanes": null, "maxspeed": null, "oneway": null, "source:hgv:national_network": null, "surface": null, "tiger:separated": null, "tiger:source": null, "tiger:tlid": null, "tiger:upload_uuid": null, "destination": null, "destination:ref": null, "destination:ref:to": null, "start_date": null, "source:geometry": null, "maxheight:signed": null, "bridge": null, "layer": null, "emergency": null, "tunnel": null, "addr:city": null, "addr:housenumber": null, "addr:postcode": null, "addr:state": null, "addr:street": null, "area": null, "brand": null, "brand:wikidata": null, "check_date": null, "email": null, "fax": null, "phone": null, "website": null, "construction": null, "source": null, "motor_vehicle": null, "fixme": null, "footway": null, "informal": null, "cycleway": null, "covered": null }, "geometry": { "type": "LineString", "coordinates": [ [ -78.082623, 39.2894942 ], [ -78.0823701, 39.2899653 ], [ -78.0823369, 39.2900272 ], [ -78.0822768, 39.290139 ] ] } },
{ "type": "Feature", "properties": { "element": "way", "id": 1149343179, "highway": "footway", "ref": null, "noref": null, "traffic_signals": null, "name": null, "crossing": null, "crossing:markings": null, "direction": null, "tiger:cfcc": null, "tiger:county": null, "service": null, "source:name": null, "tiger:reviewed": null, "access": null, "tiger:name_base": null, "tiger:name_type": null, "tiger:zip_left": null, "tiger:zip_right": null, "name_1": null, "tiger:name_base_1": null, "tiger:name_type_1": null, "bicycle": null, "foot": null, "hgv": null, "hgv:national_network": null, "horse": null, "lanes": null, "maxspeed": null, "oneway": null, "source:hgv:national_network": null, "surface": null, "tiger:separated": null, "tiger:source": null, "tiger:tlid": null, "tiger:upload_uuid": null, "destination": null, "destination:ref": null, "destination:ref:to": null, "start_date": null, "source:geometry": null, "maxheight:signed": null, "bridge": null, "layer": null, "emergency": null, "tunnel": null, "addr:city": null, "addr:housenumber": null, "addr:postcode": null, "addr:state": null, "addr:street": null, "area": null, "brand": null, "brand:wikidata": null, "check_date": null, "email": null, "fax": null, "phone": null, "website": null, "construction": null, "source": null, "motor_vehicle": null, "fixme": null, "footway": "sidewalk", "informal": null, "cycleway": null, "covered": null }, "geometry": { "type": "LineString", "coordinates": [ [ -78.0825274, 39.289471 ], [ -78.082416, 39.289675699999982 ], [ -78.0822756, 39.2899339 ], [ -78.0822596, 39.2899632 ], [ -78.0822407, 39.289998 ], [ -78.0822319, 39.2900242 ], [ -78.082199, 39.2901224 ] ] } },
{ "type": "Feature", "properties": { "element": "way", "id": 1149343180, "highway": "footway", "ref": null, "noref": null, "traffic_signals": null, "name": null, "crossing": null, "crossing:markings": null, "direction": null, "tiger:cfcc": null, "tiger:county": null, "service": null, "source:name": null, "tiger:reviewed": null, "access": null, "tiger:name_base": null, "tiger:name_type": null, "tiger:zip_left": null, "tiger:zip_right": null, "name_1": null, "tiger:name_base_1": null, "tiger:name_type_1": null, "bicycle": null, "foot": null, "hgv": null, "hgv:national_network": null, "horse": null, "lanes": null, "maxspeed": null, "oneway": null, "source:hgv:national_network": null, "surface": null, "tiger:separated": null, "tiger:source": null, "tiger:tlid": null, "tiger:upload_uuid": null, "destination": null, "destination:ref": null, "destination:ref:to": null, "start_date": null, "source:geometry": null, "maxheight:signed": null, "bridge": null, "layer": null, "emergency": null, "tunnel": null, "addr:city": null, "addr:housenumber": null, "addr:postcode": null, "addr:state": null, "addr:street": null, "area": null, "brand": null, "brand:wikidata": null, "check_date": null, "email": null, "fax": null, "phone": null, "website": null, "construction": null, "source": null, "motor_vehicle": null, "fixme": null, "footway": "sidewalk", "informal": null, "cycleway": null, "covered": null }, "geometry": { "type": "LineString", "coordinates": [ [ -78.0822407, 39.289998 ], [ -78.0823369, 39.2900272 ] ] } },
{ "type": "Feature", "properties": { "element": "way", "id": 1149343181, "highway": "footway", "ref": null, "noref": null, "traffic_signals": null, "name": null, "crossing": null, "crossing:markings": null, "direction": null, "tiger:cfcc": null, "tiger:county": null, "service": null, "source:name": null, "tiger:reviewed": null, "access": null, "tiger:name_base": null, "tiger:name_type": null, "tiger:zip_left": null, "tiger:zip_right": null, "name_1": null, "tiger:name_base_1": null, "tiger:name_type_1": null, "bicycle": null, "foot": null, "hgv": null, "hgv:national_network": null, "horse": null, "lanes": null, "maxspeed": null, "oneway": null, "source:hgv:national_network": null, "surface": null, "tiger:separated": null, "tiger:source": null, "tiger:tlid": null, "tiger:upload_uuid": null, "destination": null, "destination:ref": null, "destination:ref:to": null, "start_date": null, "source:geometry": null, "maxheight:signed": null, "bridge": null, "layer": null, "emergency": null, "tunnel": null, "addr:city": null, "addr:housenumber": null, "addr:postcode": null, "addr:state": null, "addr:street": null, "area": null, "brand": null, "brand:wikidata": null, "check_date": null, "email": null, "fax": null, "phone": null, "website": null, "construction": null, "source": null, "motor_vehicle": null, "fixme": null, "footway": "access_aisle", "informal": null, "cycleway": null, "covered": null }, "geometry": { "type": "LineString", "coordinates": [ [ -78.0822756, 39.2899339 ], [ -78.0823701, 39.2899653 ] ] } },
{ "type": "Feature", "properties": { "element": "way", "id": 1149343182, "highway": "footway", "ref": null, "noref": null, "traffic_signals": null, "name": null, "crossing": null, "crossing:markings": null, "direction": null, "tiger:cfcc": null, "tiger:county": null, "service": null, "source:name": null, "tiger:reviewed": null, "access": null, "tiger:name_base": null, "tiger:name_type": null, "tiger:zip_left": null, "tiger:zip_right": null, "name_1": null, "tiger:name_base_1": null, "tiger:name_type_1": null, "bicycle": null, "foot": null, "hgv": null, "hgv:national_network": null, "horse": null, "lanes": null, "maxspeed": null, "oneway": null, "source:hgv:national_network": null, "surface": null, "tiger:separated": null, "tiger:source": null, "tiger:tlid": null, "tiger:upload_uuid": null, "destination": null, "destination:ref": null, "destination:ref:to": null, "start_date": null, "source:geometry": null, "maxheight:signed": null, "bridge": null, "layer": null, "emergency": null, "tunnel": null, "addr:city": null, "addr:housenumber": null, "addr:postcode": null, "addr:state": null, "addr:street": null, "area": null, "brand": null, "brand:wikidata": null, "check_date": null, "email": null, "fax": null, "phone": null, "website": null, "construction": null, "source": null, "motor_vehicle": null, "fixme": null, "footway": null, "informal": null, "cycleway": null, "covered": null }, "geometry": { "type": "LineString", "coordinates": [ [ -78.0822596, 39.2899632 ], [ -78.0821313, 39.289921599999985 ], [ -78.0820899, 39.2899627 ], [ -78.0820815, 39.289975 ], [ -78.082074, 39.2899922 ] ] } },
{ "type": "Feature", "properties": { "element": "way", "id": 1149343183, "highway": "footway", "ref": null, "noref": null, "traffic_signals": null, "name": null, "crossing": null, "crossing:markings": null, "direction": null, "tiger:cfcc": null, "tiger:county": null, "service": null, "source:name": null, "tiger:reviewed": null, "access": null, "tiger:name_base": null, "tiger:name_type": null, "tiger:zip_left": null, "tiger:zip_right": null, "name_1": null, "tiger:name_base_1": null, "tiger:name_type_1": null, "bicycle": null, "foot": null, "hgv": null, "hgv:national_network": null, "horse": null, "lanes": null, "maxspeed": null, "oneway": null, "source:hgv:national_network": null, "surface": null, "tiger:separated": null, "tiger:source": null, "tiger:tlid": null, "tiger:upload_uuid": null, "destination": null, "destination:ref": null, "destination:ref:to": null, "start_date": null, "source:geometry": null, "maxheight:signed": null, "bridge": null, "layer": null, "emergency": null, "tunnel": null, "addr:city": null, "addr:housenumber": null, "addr:postcode": null, "addr:state": null, "addr:street": null, "area": null, "brand": null, "brand:wikidata": null, "check_date": null, "email": null, "fax": null, "phone": null, "website": null, "construction": null, "source": null, "motor_vehicle": null, "fixme": null, "footway": "sidewalk", "informal": null, "cycleway": null, "covered": null }, "geometry": { "type": "LineString", "coordinates": [ [ -78.082074, 39.2899922 ], [ -78.0822319, 39.2900242 ] ] } },
{ "type": "Feature", "properties": { "element": "way", "id": 1149343184, "highway": "footway", "ref": null, "noref": null, "traffic_signals": null, "name": null, "crossing": null, "crossing:markings": null, "direction": null, "tiger:cfcc": null, "tiger:county": null, "service": null, "source:name": null, "tiger:reviewed": null, "access": null, "tiger:name_base": null, "tiger:name_type": null, "tiger:zip_left": null, "tiger:zip_right": null, "name_1": null, "tiger:name_base_1": null, "tiger:name_type_1": null, "bicycle": null, "foot": null, "hgv": null, "hgv:national_network": null, "horse": null, "lanes": null, "maxspeed": null, "oneway": null, "source:hgv:national_network": null, "surface": null, "tiger:separated": null, "tiger:source": null, "tiger:tlid": null, "tiger:upload_uuid": null, "destination": null, "destination:ref": null, "destination:ref:to": null, "start_date": null, "source:geometry": null, "maxheight:signed": null, "bridge": null, "layer": null, "emergency": null, "tunnel": null, "addr:city": null, "addr:housenumber": null, "addr:postcode": null, "addr:state": null, "addr:street": null, "area": null, "brand": null, "brand:wikidata": null, "check_date": null, "email": null, "fax": null, "phone": null, "website": null, "construction": null, "source": null, "motor_vehicle": null, "fixme": null, "footway": "sidewalk", "informal": null, "cycleway": null, "covered": null }, "geometry": { "type": "LineString", "coordinates": [ [ -78.082074, 39.2899922 ], [ -78.0820435, 39.2900893 ] ] } },
{ "type": "Feature", "properties": { "element": "way", "id": 1149343185, "highway": "service", "ref": null, "noref": null, "traffic_signals": null, "name": null, "crossing": null, "crossing:markings": null, "direction": null, "tiger:cfcc": null, "tiger:county": null, "service": "drive-through", "source:name": null, "tiger:reviewed": null, "access": null, "tiger:name_base": null, "tiger:name_type": null, "tiger:zip_left": null, "tiger:zip_right": null, "name_1": null, "tiger:name_base_1": null, "tiger:name_type_1": null, "bicycle": null, "foot": null, "hgv": null, "hgv:national_network": null, "horse": null, "lanes": null, "maxspeed": null, "oneway": "yes", "source:hgv:national_network": null, "surface": null, "tiger:separated": null, "tiger:source": null, "tiger:tlid": null, "tiger:upload_uuid": null, "destination": null, "destination:ref": null, "destination:ref:to": null, "start_date": null, "source:geometry": null, "maxheight:signed": null, "bridge": null, "layer": null, "emergency": null, "tunnel": null, "addr:city": null, "addr:housenumber": null, "addr:postcode": null, "addr:state": null, "addr:street": null, "area": null, "brand": null, "brand:wikidata": null, "check_date": null, "email": null, "fax": null, "phone": null, "website": null, "construction": null, "source": null, "motor_vehicle": null, "fixme": null, "footway": null, "informal": null, "cycleway": null, "covered": null }, "geometry": { "type": "LineString", "coordinates": [ [ -78.0823084, 39.2894178 ], [ -78.082207, 39.2896067 ], [ -78.0819578, 39.290071099999984 ] ] } },
{ "type": "Feature", "properties": { "element": "way", "id": 1149343186, "highway": "footway", "ref": null, "noref": null, "traffic_signals": null, "name": null, "crossing": null, "crossing:markings": null, "direction": null, "tiger:cfcc": null, "tiger:county": null, "service": null, "source:name": null, "tiger:reviewed": null, "access": null, "tiger:name_base": null, "tiger:name_type": null, "tiger:zip_left": null, "tiger:zip_right": null, "name_1": null, "tiger:name_base_1": null, "tiger:name_type_1": null, "bicycle": null, "foot": null, "hgv": null, "hgv:national_network": null, "horse": null, "lanes": null, "maxspeed": null, "oneway": null, "source:hgv:national_network": null, "surface": null, "tiger:separated": null, "tiger:source": null, "tiger:tlid": null, "tiger:upload_uuid": null, "destination": null, "destination:ref": null, "destination:ref:to": null, "start_date": null, "source:geometry": null, "maxheight:signed": null, "bridge": null, "layer": null, "emergency": null, "tunnel": null, "addr:city": null, "addr:housenumber": null, "addr:postcode": null, "addr:state": null, "addr:street": null, "area": null, "brand": null, "brand:wikidata": null, "check_date": null, "email": null, "fax": null, "phone": null, "website": null, "construction": null, "source": null, "motor_vehicle": null, "fixme": null, "footway": null, "informal": null, "cycleway": null, "covered": null }, "geometry": { "type": "LineString", "coordinates": [ [ -78.082207, 39.2896067 ], [ -78.082416, 39.289675699999982 ] ] } },
{ "type": "Feature", "properties": { "element": "way", "id": 1149343189, "highway": "service", "ref": null, "noref": null, "traffic_signals": null, "name": null, "crossing": null, "crossing:markings": null, "direction": null, "tiger:cfcc": null, "tiger:county": null, "service": null, "source:name": null, "tiger:reviewed": null, "access": null, "tiger:name_base": null, "tiger:name_type": null, "tiger:zip_left": null, "tiger:zip_right": null, "name_1": null, "tiger:name_base_1": null, "tiger:name_type_1": null, "bicycle": null, "foot": null, "hgv": null, "hgv:national_network": null, "horse": null, "lanes": null, "maxspeed": null, "oneway": null, "source:hgv:national_network": null, "surface": null, "tiger:separated": null, "tiger:source": null, "tiger:tlid": null, "tiger:upload_uuid": null, "destination": null, "destination:ref": null, "destination:ref:to": null, "start_date": null, "source:geometry": null, "maxheight:signed": null, "bridge": null, "layer": null, "emergency": null, "tunnel": null, "addr:city": null, "addr:housenumber": null, "addr:postcode": null, "addr:state": null, "addr:street": null, "area": null, "brand": null, "brand:wikidata": null, "check_date": null, "email": null, "fax": null, "phone": null, "website": null, "construction": null, "source": null, "motor_vehicle": null, "fixme": null, "footway": null, "informal": null, "cycleway": null, "covered": null }, "geometry": { "type": "LineString", "coordinates": [ [ -78.0818341, 39.2900447 ], [ -78.0816448, 39.2900051 ] ] } },
{ "type": "Feature", "properties": { "element": "way", "id": 1149343196, "highway": "service", "ref": null, "noref": null, "traffic_signals": null, "name": null, "crossing": null, "crossing:markings": null, "direction": null, "tiger:cfcc": null, "tiger:county": null, "service": null, "source:name": null, "tiger:reviewed": null, "access": null, "tiger:name_base": null, "tiger:name_type": null, "tiger:zip_left": null, "tiger:zip_right": null, "name_1": null, "tiger:name_base_1": null, "tiger:name_type_1": null, "bicycle": null, "foot": null, "hgv": null, "hgv:national_network": null, "horse": null, "lanes": null, "maxspeed": null, "oneway": null, "source:hgv:national_network": null, "surface": null, "tiger:separated": null, "tiger:source": null, "tiger:tlid": null, "tiger:upload_uuid": null, "destination": null, "destination:ref": null, "destination:ref:to": null, "start_date": null, "source:geometry": null, "maxheight:signed": null, "bridge": null, "layer": null, "emergency": null, "tunnel": null, "addr:city": null, "addr:housenumber": null, "addr:postcode": null, "addr:state": null, "addr:street": null, "area": null, "brand": null, "brand:wikidata": null, "check_date": null, "email": null, "fax": null, "phone": null, "website": null, "construction": null, "source": null, "motor_vehicle": null, "fixme": null, "footway": null, "informal": null, "cycleway": null, "covered": null }, "geometry": { "type": "LineString", "coordinates": [ [ -78.0830189, 39.2899257 ], [ -78.0832345, 39.2899982 ] ] } },
{ "type": "Feature", "properties": { "element": "way", "id": 1149343197, "highway": "service", "ref": null, "noref": null, "traffic_signals": null, "name": null, "crossing": null, "crossing:markings": null, "direction": null, "tiger:cfcc": null, "tiger:county": null, "service": null, "source:name": null, "tiger:reviewed": null, "access": null, "tiger:name_base": null, "tiger:name_type": null, "tiger:zip_left": null, "tiger:zip_right": null, "name_1": null, "tiger:name_base_1": null, "tiger:name_type_1": null, "bicycle": null, "foot": null, "hgv": null, "hgv:national_network": null, "horse": null, "lanes": null, "maxspeed": null, "oneway": "yes", "source:hgv:national_network": null, "surface": null, "tiger:separated": null, "tiger:source": null, "tiger:tlid": null, "tiger:upload_uuid": null, "destination": null, "destination:ref": null, "destination:ref:to": null, "start_date": null, "source:geometry": null, "maxheight:signed": null, "bridge": null, "layer": null, "emergency": null, "tunnel": null, "addr:city": null, "addr:housenumber": null, "addr:postcode": null, "addr:state": null, "addr:street": null, "area": null, "brand": null, "brand:wikidata": null, "check_date": null, "email": null, "fax": null, "phone": null, "website": null, "construction": null, "source": null, "motor_vehicle": null, "fixme": null, "footway": null, "informal": null, "cycleway": null, "covered": null }, "geometry": { "type": "LineString", "coordinates": [ [ -78.0832345, 39.2899982 ], [ -78.083404819834669, 39.290342703834973 ] ] } },
{ "type": "Feature", "properties": { "element": "way", "id": 1149343198, "highway": "service", "ref": null, "noref": null, "traffic_signals": null, "name": null, "crossing": null, "crossing:markings": null, "direction": null, "tiger:cfcc": null, "tiger:county": null, "service": null, "source:name": null, "tiger:reviewed": null, "access": null, "tiger:name_base": null, "tiger:name_type": null, "tiger:zip_left": null, "tiger:zip_right": null, "name_1": null, "tiger:name_base_1": null, "tiger:name_type_1": null, "bicycle": null, "foot": null, "hgv": null, "hgv:national_network": null, "horse": null, "lanes": null, "maxspeed": null, "oneway": "yes", "source:hgv:national_network": null, "surface": null, "tiger:separated": null, "tiger:source": null, "tiger:tlid": null, "tiger:upload_uuid": null, "destination": null, "destination:ref": null, "destination:ref:to": null, "start_date": null, "source:geometry": null, "maxheight:signed": null, "bridge": null, "layer": null, "emergency": null, "tunnel": null, "addr:city": null, "addr:housenumber": null, "addr:postcode": null, "addr:state": null, "addr:street": null, "area": null, "brand": null, "brand:wikidata": null, "check_date": null, "email": null, "fax": null, "phone": null, "website": null, "construction": null, "source": null, "motor_vehicle": null, "fixme": null, "footway": null, "informal": null, "cycleway": null, "covered": null }, "geometry": { "type": "MultiLineString", "coordinates": [ [ [ -78.0832345, 39.2899982 ], [ -78.0831913, 39.2900157 ], [ -78.083151, 39.2900387 ], [ -78.0831319, 39.29006170000001 ], [ -78.0830788, 39.2901636 ], [ -78.0831977, 39.2903525 ], [ -78.0832175, 39.2903716 ], [ -78.0832422, 39.2903821 ], [ -78.0832762, 39.2903804 ], [ -78.0833144, 39.2903722 ], [ -78.083401850984785, 39.290347200427213 ] ], [ [ -78.083565463444955, 39.290053423150724 ], [ -78.083429, 39.2899894 ], [ -78.083393, 39.2899812 ], [ -78.083381300000013, 39.2899801 ], [ -78.083359, 39.2899779 ], [ -78.0833208, 39.2899763 ], [ -78.0832957, 39.2899804 ], [ -78.0832345, 39.2899982 ] ] ] } },
{ "type": "Feature", "properties": { "element": "way", "id": 1149343203, "highway": "footway", "ref": null, "noref": null, "traffic_signals": null, "name": null, "crossing": null, "crossing:markings": null, "direction": null, "tiger:cfcc": null, "tiger:county": null, "service": null, "source:name": null, "tiger:reviewed": null, "access": null, "tiger:name_base": null, "tiger:name_type": null, "tiger:zip_left": null, "tiger:zip_right": null, "name_1": null, "tiger:name_base_1": null, "tiger:name_type_1": null, "bicycle": null, "foot": null, "hgv": null, "hgv:national_network": null, "horse": null, "lanes": null, "maxspeed": null, "oneway": null, "source:hgv:national_network": null, "surface": null, "tiger:separated": null, "tiger:source": null, "tiger:tlid": null, "tiger:upload_uuid": null, "destination": null, "destination:ref": null, "destination:ref:to": null, "start_date": null, "source:geometry": null, "maxheight:signed": null, "bridge": null, "layer": null, "emergency": null, "tunnel": null, "addr:city": null, "addr:housenumber": null, "addr:postcode": null, "addr:state": null, "addr:street": null, "area": null, "brand": null, "brand:wikidata": null, "check_date": null, "email": null, "fax": null, "phone": null, "website": null, "construction": null, "source": null, "motor_vehicle": null, "fixme": null, "footway": "sidewalk", "informal": null, "cycleway": null, "covered": null }, "geometry": { "type": "LineString", "coordinates": [ [ -78.083434206163403, 39.290292085366282 ], [ -78.0833228, 39.290081 ], [ -78.0833385, 39.2900759 ], [ -78.0834225, 39.2900489 ], [ -78.0834475, 39.2900409 ] ] } },
{ "type": "Feature", "properties": { "element": "way", "id": 1149343204, "highway": "footway", "ref": null, "noref": null, "traffic_signals": null, "name": null, "crossing": null, "crossing:markings": null, "direction": null, "tiger:cfcc": null, "tiger:county": null, "service": null, "source:name": null, "tiger:reviewed": null, "access": null, "tiger:name_base": null, "tiger:name_type": null, "tiger:zip_left": null, "tiger:zip_right": null, "name_1": null, "tiger:name_base_1": null, "tiger:name_type_1": null, "bicycle": null, "foot": null, "hgv": null, "hgv:national_network": null, "horse": null, "lanes": null, "maxspeed": null, "oneway": null, "source:hgv:national_network": null, "surface": null, "tiger:separated": null, "tiger:source": null, "tiger:tlid": null, "tiger:upload_uuid": null, "destination": null, "destination:ref": null, "destination:ref:to": null, "start_date": null, "source:geometry": null, "maxheight:signed": null, "bridge": null, "layer": null, "emergency": null, "tunnel": null, "addr:city": null, "addr:housenumber": null, "addr:postcode": null, "addr:state": null, "addr:street": null, "area": null, "brand": null, "brand:wikidata": null, "check_date": null, "email": null, "fax": null, "phone": null, "website": null, "construction": null, "source": null, "motor_vehicle": null, "fixme": null, "footway": "access_aisle", "informal": null, "cycleway": null, "covered": null }, "geometry": { "type": "LineString", "coordinates": [ [ -78.0833385, 39.2900759 ], [ -78.0832957, 39.2899804 ] ] } },
{ "type": "Feature", "properties": { "element": "way", "id": 1149343205, "highway": "footway", "ref": null, "noref": null, "traffic_signals": null, "name": null, "crossing": null, "crossing:markings": null, "direction": null, "tiger:cfcc": null, "tiger:county": null, "service": null, "source:name": null, "tiger:reviewed": null, "access": null, "tiger:name_base": null, "tiger:name_type": null, "tiger:zip_left": null, "tiger:zip_right": null, "name_1": null, "tiger:name_base_1": null, "tiger:name_type_1": null, "bicycle": null, "foot": null, "hgv": null, "hgv:national_network": null, "horse": null, "lanes": null, "maxspeed": null, "oneway": null, "source:hgv:national_network": null, "surface": null, "tiger:separated": null, "tiger:source": null, "tiger:tlid": null, "tiger:upload_uuid": null, "destination": null, "destination:ref": null, "destination:ref:to": null, "start_date": null, "source:geometry": null, "maxheight:signed": null, "bridge": null, "layer": null, "emergency": null, "tunnel": null, "addr:city": null, "addr:housenumber": null, "addr:postcode": null, "addr:state": null, "addr:street": null, "area": null, "brand": null, "brand:wikidata": null, "check_date": null, "email": null, "fax": null, "phone": null, "website": null, "construction": null, "source": null, "motor_vehicle": null, "fixme": null, "footway": "access_aisle", "informal": null, "cycleway": null, "covered": null }, "geometry": { "type": "LineString", "coordinates": [ [ -78.0834225, 39.2900489 ], [ -78.083381300000013, 39.2899801 ] ] } },
{ "type": "Feature", "properties": { "element": "way", "id": 1149343207, "highway": "service", "ref": null, "noref": null, "traffic_signals": null, "name": null, "crossing": null, "crossing:markings": null, "direction": null, "tiger:cfcc": null, "tiger:county": null, "service": null, "source:name": null, "tiger:reviewed": null, "access": null, "tiger:name_base": null, "tiger:name_type": null, "tiger:zip_left": null, "tiger:zip_right": null, "name_1": null, "tiger:name_base_1": null, "tiger:name_type_1": null, "bicycle": null, "foot": null, "hgv": null, "hgv:national_network": null, "horse": null, "lanes": null, "maxspeed": null, "oneway": "yes", "source:hgv:national_network": null, "surface": null, "tiger:separated": null, "tiger:source": null, "tiger:tlid": null, "tiger:upload_uuid": null, "destination": null, "destination:ref": null, "destination:ref:to": null, "start_date": null, "source:geometry": null, "maxheight:signed": null, "bridge": null, "layer": null, "emergency": null, "tunnel": null, "addr:city": null, "addr:housenumber": null, "addr:postcode": null, "addr:state": null, "addr:street": null, "area": null, "brand": null, "brand:wikidata": null, "check_date": null, "email": null, "fax": null, "phone": null, "website": null, "construction": null, "source": null, "motor_vehicle": null, "fixme": null, "footway": null, "informal": null, "cycleway": null, "covered": null }, "geometry": { "type": "LineString", "coordinates": [ [ -78.0804628, 39.2897978 ], [ -78.0800449, 39.2899882 ] ] } },
{ "type": "Feature", "properties": { "element": "way", "id": 1149343208, "highway": "tertiary_link", "ref": null, "noref": null, "traffic_signals": null, "name": null, "crossing": null, "crossing:markings": null, "direction": null, "tiger:cfcc": null, "tiger:county": null, "service": null, "source:name": null, "tiger:reviewed": null, "access": null, "tiger:name_base": null, "tiger:name_type": null, "tiger:zip_left": null, "tiger:zip_right": null, "name_1": null, "tiger:name_base_1": null, "tiger:name_type_1": null, "bicycle": null, "foot": null, "hgv": null, "hgv:national_network": null, "horse": null, "lanes": null, "maxspeed": null, "oneway": "yes", "source:hgv:national_network": null, "surface": null, "tiger:separated": null, "tiger:source": null, "tiger:tlid": null, "tiger:upload_uuid": null, "destination": null, "destination:ref": null, "destination:ref:to": null, "start_date": null, "source:geometry": null, "maxheight:signed": null, "bridge": null, "layer": null, "emergency": null, "tunnel": null, "addr:city": null, "addr:housenumber": null, "addr:postcode": null, "addr:state": null, "addr:street": null, "area": null, "brand": null, "brand:wikidata": null, "check_date": null, "email": null, "fax": null, "phone": null, "website": null, "construction": null, "source": null, "motor_vehicle": null, "fixme": null, "footway": null, "informal": null, "cycleway": null, "covered": null }, "geometry": { "type": "LineString", "coordinates": [ [ -78.0800449, 39.2899882 ], [ -78.0802656, 39.2899442 ], [ -78.0803123, 39.2899376 ], [ -78.0803632, 39.2899376 ], [ -78.0804142, 39.289942600000018 ], [ -78.080463, 39.2899573 ], [ -78.0805076, 39.2899771 ], [ -78.0807513, 39.2900793 ] ] } },
{ "type": "Feature", "properties": { "element": "way", "id": 1189382890, "highway": "service", "ref": null, "noref": null, "traffic_signals": null, "name": null, "crossing": null, "crossing:markings": null, "direction": null, "tiger:cfcc": null, "tiger:county": null, "service": "parking_aisle", "source:name": null, "tiger:reviewed": null, "access": null, "tiger:name_base": null, "tiger:name_type": null, "tiger:zip_left": null, "tiger:zip_right": null, "name_1": null, "tiger:name_base_1": null, "tiger:name_type_1": null, "bicycle": null, "foot": null, "hgv": null, "hgv:national_network": null, "horse": null, "lanes": null, "maxspeed": null, "oneway": "yes", "source:hgv:national_network": null, "surface": null, "tiger:separated": null, "tiger:source": null, "tiger:tlid": null, "tiger:upload_uuid": null, "destination": null, "destination:ref": null, "destination:ref:to": null, "start_date": null, "source:geometry": null, "maxheight:signed": null, "bridge": null, "layer": null, "emergency": null, "tunnel": null, "addr:city": null, "addr:housenumber": null, "addr:postcode": null, "addr:state": null, "addr:street": null, "area": null, "brand": null, "brand:wikidata": null, "check_date": null, "email": null, "fax": null, "phone": null, "website": null, "construction": null, "source": null, "motor_vehicle": null, "fixme": null, "footway": null, "informal": null, "cycleway": null, "covered": null }, "geometry": { "type": "LineString", "coordinates": [ [ -78.077876299929585, 39.291800217170831 ], [ -78.0775894, 39.2923493 ] ] } },
{ "type": "Feature", "properties": { "element": "way", "id": 1189382891, "highway": "service", "ref": null, "noref": null, "traffic_signals": null, "name": null, "crossing": null, "crossing:markings": null, "direction": null, "tiger:cfcc": null, "tiger:county": null, "service": "parking_aisle", "source:name": null, "tiger:reviewed": null, "access": null, "tiger:name_base": null, "tiger:name_type": null, "tiger:zip_left": null, "tiger:zip_right": null, "name_1": null, "tiger:name_base_1": null, "tiger:name_type_1": null, "bicycle": null, "foot": null, "hgv": null, "hgv:national_network": null, "horse": null, "lanes": null, "maxspeed": null, "oneway": "yes", "source:hgv:national_network": null, "surface": null, "tiger:separated": null, "tiger:source": null, "tiger:tlid": null, "tiger:upload_uuid": null, "destination": null, "destination:ref": null, "destination:ref:to": null, "start_date": null, "source:geometry": null, "maxheight:signed": null, "bridge": null, "layer": null, "emergency": null, "tunnel": null, "addr:city": null, "addr:housenumber": null, "addr:postcode": null, "addr:state": null, "addr:street": null, "area": null, "brand": null, "brand:wikidata": null, "check_date": null, "email": null, "fax": null, "phone": null, "website": null, "construction": null, "source": null, "motor_vehicle": null, "fixme": null, "footway": null, "informal": null, "cycleway": null, "covered": null }, "geometry": { "type": "LineString", "coordinates": [ [ -78.0773887, 39.2922854 ], [ -78.0776902, 39.291696 ] ] } },
{ "type": "Feature", "properties": { "element": "way", "id": 1189382892, "highway": "service", "ref": null, "noref": null, "traffic_signals": null, "name": null, "crossing": null, "crossing:markings": null, "direction": null, "tiger:cfcc": null, "tiger:county": null, "service": "parking_aisle", "source:name": null, "tiger:reviewed": null, "access": null, "tiger:name_base": null, "tiger:name_type": null, "tiger:zip_left": null, "tiger:zip_right": null, "name_1": null, "tiger:name_base_1": null, "tiger:name_type_1": null, "bicycle": null, "foot": null, "hgv": null, "hgv:national_network": null, "horse": null, "lanes": null, "maxspeed": null, "oneway": "yes", "source:hgv:national_network": null, "surface": null, "tiger:separated": null, "tiger:source": null, "tiger:tlid": null, "tiger:upload_uuid": null, "destination": null, "destination:ref": null, "destination:ref:to": null, "start_date": null, "source:geometry": null, "maxheight:signed": null, "bridge": null, "layer": null, "emergency": null, "tunnel": null, "addr:city": null, "addr:housenumber": null, "addr:postcode": null, "addr:state": null, "addr:street": null, "area": null, "brand": null, "brand:wikidata": null, "check_date": null, "email": null, "fax": null, "phone": null, "website": null, "construction": null, "source": null, "motor_vehicle": null, "fixme": null, "footway": null, "informal": null, "cycleway": null, "covered": null }, "geometry": { "type": "MultiLineString", "coordinates": [ [ [ -78.0774735, 39.2916283 ], [ -78.077417739604599, 39.291737867434499 ] ], [ [ -78.077402328038431, 39.291768150610785 ], [ -78.0771739, 39.292217 ] ] ] } },
{ "type": "Feature", "properties": { "element": "way", "id": 1189382893, "highway": "service", "ref": null, "noref": null, "traffic_signals": null, "name": null, "crossing": null, "crossing:markings": null, "direction": null, "tiger:cfcc": null, "tiger:county": null, "service": "parking_aisle", "source:name": null, "tiger:reviewed": null, "access": null, "tiger:name_base": null, "tiger:name_type": null, "tiger:zip_left": null, "tiger:zip_right": null, "name_1": null, "tiger:name_base_1": null, "tiger:name_type_1": null, "bicycle": null, "foot": null, "hgv": null, "hgv:national_network": null, "horse": null, "lanes": null, "maxspeed": null, "oneway": "yes", "source:hgv:national_network": null, "surface": null, "tiger:separated": null, "tiger:source": null, "tiger:tlid": null, "tiger:upload_uuid": null, "destination": null, "destination:ref": null, "destination:ref:to": null, "start_date": null, "source:geometry": null, "maxheight:signed": null, "bridge": null, "layer": null, "emergency": null, "tunnel": null, "addr:city": null, "addr:housenumber": null, "addr:postcode": null, "addr:state": null, "addr:street": null, "area": null, "brand": null, "brand:wikidata": null, "check_date": null, "email": null, "fax": null, "phone": null, "website": null, "construction": null, "source": null, "motor_vehicle": null, "fixme": null, "footway": null, "informal": null, "cycleway": null, "covered": null }, "geometry": { "type": "MultiLineString", "coordinates": [ [ [ -78.076967300000021, 39.2921512 ], [ -78.077162321397196, 39.291761025991768 ] ], [ [ -78.077247032579464, 39.291591545074979 ], [ -78.0772617, 39.2915622 ] ] ] } },
{ "type": "Feature", "properties": { "element": "way", "id": 1260689503, "highway": "service", "ref": null, "noref": null, "traffic_signals": null, "name": null, "crossing": null, "crossing:markings": null, "direction": null, "tiger:cfcc": null, "tiger:county": null, "service": "driveway", "source:name": null, "tiger:reviewed": null, "access": "private", "tiger:name_base": null, "tiger:name_type": null, "tiger:zip_left": null, "tiger:zip_right": null, "name_1": null, "tiger:name_base_1": null, "tiger:name_type_1": null, "bicycle": null, "foot": null, "hgv": null, "hgv:national_network": null, "horse": null, "lanes": null, "maxspeed": null, "oneway": null, "source:hgv:national_network": null, "surface": null, "tiger:separated": null, "tiger:source": null, "tiger:tlid": null, "tiger:upload_uuid": null, "destination": null, "destination:ref": null, "destination:ref:to": null, "start_date": null, "source:geometry": null, "maxheight:signed": null, "bridge": null, "layer": null, "emergency": null, "tunnel": null, "addr:city": null, "addr:housenumber": null, "addr:postcode": null, "addr:state": null, "addr:street": null, "area": null, "brand": null, "brand:wikidata": null, "check_date": null, "email": null, "fax": null, "phone": null, "website": null, "construction": null, "source": null, "motor_vehicle": null, "fixme": null, "footway": null, "informal": null, "cycleway": null, "covered": null }, "geometry": { "type": "MultiLineString", "coordinates": [ [ [ -78.0815444, 39.2925122 ], [ -78.0813663, 39.2924354 ] ], [ [ -78.0813663, 39.2924354 ], [ -78.0811505, 39.2923423 ], [ -78.0812185, 39.2922452 ], [ -78.0813248, 39.292264 ], [ -78.081389300000012, 39.2923288 ], [ -78.0813998, 39.2923841 ], [ -78.0813663, 39.2924354 ] ] ] } },
{ "type": "Feature", "properties": { "element": "way", "id": 1536790236, "highway": "service", "ref": null, "noref": null, "traffic_signals": null, "name": null, "crossing": null, "crossing:markings": null, "direction": null, "tiger:cfcc": null, "tiger:county": null, "service": null, "source:name": null, "tiger:reviewed": null, "access": null, "tiger:name_base": null, "tiger:name_type": null, "tiger:zip_left": null, "tiger:zip_right": null, "name_1": null, "tiger:name_base_1": null, "tiger:name_type_1": null, "bicycle": null, "foot": null, "hgv": null, "hgv:national_network": null, "horse": null, "lanes": null, "maxspeed": null, "oneway": null, "source:hgv:national_network": null, "surface": null, "tiger:separated": null, "tiger:source": null, "tiger:tlid": null, "tiger:upload_uuid": null, "destination": null, "destination:ref": null, "destination:ref:to": null, "start_date": null, "source:geometry": null, "maxheight:signed": null, "bridge": null, "layer": null, "emergency": null, "tunnel": null, "addr:city": null, "addr:housenumber": null, "addr:postcode": null, "addr:state": null, "addr:street": null, "area": null, "brand": null, "brand:wikidata": null, "check_date": null, "email": null, "fax": null, "phone": null, "website": null, "construction": null, "source": null, "motor_vehicle": null, "fixme": null, "footway": null, "informal": null, "cycleway": null, "covered": null }, "geometry": { "type": "LineString", "coordinates": [ [ -78.070621200000019, 39.3067276 ], [ -78.07059262179348, 39.306715549500026 ] ] } }
]
}
