{
"type": "FeatureCollection",
"name": "exposed_wetlands",
"crs": { "type": "name", "properties": { "name": "urn:ogc:def:crs:OGC:1.3:CRS84" } },
"features": [
{ "type": "Feature", "properties": { "Wetlands.OBJECTID": 3934224, "Wetlands.ATTRIBUTE": "PUBHh", "Wetlands.WETLAND_TYPE": "Freshwater Pond", "Wetlands.ACRES": 0.80582343334300621, "Wetlands.GLOBALID": "{1422F77B-D007-4B68-9BE8-72560D8B697C}", "Wetlands.Shape_Length": 306.39055706544741, "Wetlands.Shape_Area": 5451.0232536107414, "NWI_Wetland_Codes.OBJECTID": 5472, "NWI_Wetland_Codes.ATTRIBUTE": "PUBHh", "NWI_Wetland_Codes.SYSTEM": "P", "NWI_Wetland_Codes.SYSTEM_NAME": "Palustrine", "NWI_Wetland_Codes.SYSTEM_DEFINITION": "The Palustrine System includes all nontidal wetlands dominated by trees, shrubs, persistent emergents, emergent mosses or lichens, and all such wetlands that occur in tidal areas where salinity due to ocean-derived salts is below 0.5 ppt. It also includes wetlands lacking such vegetation, but with all of the following four characteristics: (1) area less than 8 ha (20 acres); (2) active wave-formed or bedrock shoreline features lacking; (3) water depth in the deepest part of basin less than 2.5 m (8.2 ft) at low water; and (4) salinity due to ocean-derived salts less than 0.5 ppt.", "NWI_Wetland_Codes.SUBSYSTEM": null, "NWI_Wetland_Codes.SUBSYSTEM_NAME": null, "NWI_Wetland_Codes.SUBSYSTEM_DEFINITION": null, "NWI_Wetland_Codes.CLASS": "UB", "NWI_Wetland_Codes.CLASS_NAME": "Unconsolidated Bottom", "NWI_Wetland_Codes.CLASS_DEFINITION": "Includes all wetlands and deepwater habitats with at least 25% cover of particles smaller than stones (less than 6-7 cm), and a vegetative cover less than 30%.", "NWI_Wetland_Codes.SUBCLASS": null, "NWI_Wetland_Codes.SUBCLASS_NAME": null, "NWI_Wetland_Codes.SUBCLASS_DEFINITION": null, "NWI_Wetland_Codes.SPLIT_CLASS": null, "NWI_Wetland_Codes.SPLIT_CLASS_NAME": null, "NWI_Wetland_Codes.SPLIT_CLASS_DEFINITION": null, "NWI_Wetland_Codes.SPLIT_SUBCLASS": null, "NWI_Wetland_Codes.SPLIT_SUBCLASS_NAME": null, "NWI_Wetland_Codes.SPLIT_SUBCLASS_DEFINITION": null, "NWI_Wetland_Codes.WATER_REGIME": "H", "NWI_Wetland_Codes.WATER_REGIME_NAME": "Permanently Flooded", "NWI_Wetland_Codes.WATER_REGIME_SUBGROUP": "Nontidal", "NWI_Wetland_Codes.WATER_REGIME_DEFINITION": "Water covers the substrate throughout the year in all years.", "NWI_Wetland_Codes.MODIFIER1": "h", "NWI_Wetland_Codes.MODIFIER1_NAME": "Diked/Impounded", "NWI_Wetland_Codes.MODIFIER1_GROUP": "Special Modifier", "NWI_Wetland_Codes.MODIFIER1_SUBGROUP": null, "NWI_Wetland_Codes.MODIFIER1_DEFINITION": "These wetlands have been created or modified by a man-made barrier or dam that obstructs the inflow or outflow of water.", "NWI_Wetland_Codes.MODIFIER2": null, "NWI_Wetland_Codes.MODIFIER2_NAME": null, "NWI_Wetland_Codes.MODIFIER2_GROUP": null, "NWI_Wetland_Codes.MODIFIER2_SUBGROUP": null, "NWI_Wetland_Codes.MODIFIER2_DEFINITION": null, "NWI_Wetland_Codes.Field1": null }, "geometry": { "type": "Polygon", "coordinates": [ [ [ -78.073198622870038, 39.286641097566253 ], [ -78.073250231083108, 39.286662872502518 ], [ -78.073286050506738, 39.28670060629991 ], [ -78.073317807748666, 39.286773033357591 ], [ -78.073329576577208, 39.286799868526742 ], [ -78.073359406932852, 39.286914620116221 ], [ -78.073369263248139, 39.286952528989005 ], [ -78.073407048185615, 39.287101369942526 ], [ -78.073438821597236, 39.287232348857778 ], [ -78.073434727974487, 39.287353383662008 ], [ -78.07339906216275, 39.287419861946695 ], [ -78.073393185384163, 39.287430815345985 ], [ -78.073331737923795, 39.287469389319376 ], [ -78.073323648594638, 39.287474467621742 ], [ -78.073240389140864, 39.287498228008943 ], [ -78.073111419812136, 39.287494259369893 ], [ -78.073012214363757, 39.287480362178641 ], [ -78.072942751236084, 39.287458532569644 ], [ -78.072899060773935, 39.287420833249229 ], [ -78.072891124158389, 39.287371170958345 ], [ -78.07289709705671, 39.287309726443858 ], [ -78.072908965598245, 39.287256134357236 ], [ -78.072974459070664, 39.286990251505792 ], [ -78.073073687875279, 39.286708569393291 ], [ -78.073079632925811, 39.286686725638006 ], [ -78.073115343653313, 39.286653046040144 ], [ -78.073157087466257, 39.286637140698467 ], [ -78.073198622870038, 39.286641097566253 ] ] ] } },
{ "type": "Feature", "properties": { "Wetlands.OBJECTID": 4697101, "Wetlands.ATTRIBUTE": "R5UBH", "Wetlands.WETLAND_TYPE": "Riverine", "Wetlands.ACRES": 4.3954104965528371, "Wetlands.GLOBALID": "{6C80D5EE-BCAF-45F3-A1BD-5052A7C17A19}", "Wetlands.Shape_Length": 5809.6695160598356, "Wetlands.Shape_Area": 29732.116139727335, "NWI_Wetland_Codes.OBJECTID": 6031, "NWI_Wetland_Codes.ATTRIBUTE": "R5UBH", "NWI_Wetland_Codes.SYSTEM": "R", "NWI_Wetland_Codes.SYSTEM_NAME": "Riverine", "NWI_Wetland_Codes.SYSTEM_DEFINITION": "The Riverine System includes all wetlands and deepwater habitats contained within a channel, with two exceptions: (1) wetlands dominated by trees, shrubs, persistent emergents, emergent mosses, or lichens, and (2) habitats with water containing ocean-derived salts of 0.5 ppt or greater. A channel is an open conduit either naturally or artificially created which periodically or continuously contains moving water, or which forms a connecting link between two bodies of standing water.", "NWI_Wetland_Codes.SUBSYSTEM": "5", "NWI_Wetland_Codes.SUBSYSTEM_NAME": "Unknown Perennial", "NWI_Wetland_Codes.SUBSYSTEM_DEFINITION": "This Subsystem designation was created specifically for use when the distinction between lower perennial, upper perennial, and tidal cannot be made from aerial photography and no data is available.", "NWI_Wetland_Codes.CLASS": "UB", "NWI_Wetland_Codes.CLASS_NAME": "Unconsolidated Bottom", "NWI_Wetland_Codes.CLASS_DEFINITION": "Includes all wetlands and deepwater habitats with at least 25% cover of particles smaller than stones (less than 6-7 cm), and a vegetative cover less than 30%.", "NWI_Wetland_Codes.SUBCLASS": null, "NWI_Wetland_Codes.SUBCLASS_NAME": null, "NWI_Wetland_Codes.SUBCLASS_DEFINITION": null, "NWI_Wetland_Codes.SPLIT_CLASS": null, "NWI_Wetland_Codes.SPLIT_CLASS_NAME": null, "NWI_Wetland_Codes.SPLIT_CLASS_DEFINITION": null, "NWI_Wetland_Codes.SPLIT_SUBCLASS": null, "NWI_Wetland_Codes.SPLIT_SUBCLASS_NAME": null, "NWI_Wetland_Codes.SPLIT_SUBCLASS_DEFINITION": null, "NWI_Wetland_Codes.WATER_REGIME": "H", "NWI_Wetland_Codes.WATER_REGIME_NAME": "Permanently Flooded", "NWI_Wetland_Codes.WATER_REGIME_SUBGROUP": "Nontidal", "NWI_Wetland_Codes.WATER_REGIME_DEFINITION": "Water covers the substrate throughout the year in all years.", "NWI_Wetland_Codes.MODIFIER1": null, "NWI_Wetland_Codes.MODIFIER1_NAME": null, "NWI_Wetland_Codes.MODIFIER1_GROUP": null, "NWI_Wetland_Codes.MODIFIER1_SUBGROUP": null, "NWI_Wetland_Codes.MODIFIER1_DEFINITION": null, "NWI_Wetland_Codes.MODIFIER2": null, "NWI_Wetland_Codes.MODIFIER2_NAME": null, "NWI_Wetland_Codes.MODIFIER2_GROUP": null, "NWI_Wetland_Codes.MODIFIER2_SUBGROUP": null, "NWI_Wetland_Codes.MODIFIER2_DEFINITION": null, "NWI_Wetland_Codes.Field1": null }, "geometry": { "type": "MultiPolygon", "coordinates": [ [ [ [ -78.075231826564973, 39.28543731156941 ], [ -78.07522995537424, 39.285441817094366 ], [ -78.075102665895116, 39.28568359370577 ], [ -78.07510104623266, 39.285686329690087 ], [ -78.074937074048904, 39.285935008318141 ], [ -78.074933287649969, 39.28593978149852 ], [ -78.074928571494752, 39.285944045029495 ], [ -78.074923043262473, 39.285947698789116 ], [ -78.074806209274939, 39.286013418454687 ], [ -78.074800745721376, 39.286016067514701 ], [ -78.074794853671435, 39.286018116538266 ], [ -78.074788649906083, 39.28601952450316 ], [ -78.074782249409679, 39.286020267074257 ], [ -78.074436128530706, 39.286041900364197 ], [ -78.074075457639097, 39.28611776909495 ], [ -78.073981530691313, 39.286218157821288 ], [ -78.073978855508372, 39.286220753336309 ], [ -78.073978009295374, 39.286221479218334 ], [ -78.073887979239288, 39.286296746329988 ], [ -78.073814178147117, 39.286374985716002 ], [ -78.073725013168641, 39.286511736867261 ], [ -78.073721749589225, 39.286515982285998 ], [ -78.073717751187885, 39.286519843906383 ], [ -78.073713093423152, 39.286523248723462 ], [ -78.073632564847827, 39.286574491305011 ], [ -78.073625279510864, 39.286578256972724 ], [ -78.073513159881927, 39.286624237595099 ], [ -78.073427645656793, 39.28665755218217 ], [ -78.073396889138081, 39.286883406100571 ], [ -78.073395523698849, 39.286888968362128 ], [ -78.073393020992455, 39.286894294922476 ], [ -78.073389444799318, 39.28689925159204 ], [ -78.073384884950926, 39.286903715305968 ], [ -78.07337945373672, 39.286907572038018 ], [ -78.073373293090498, 39.286910725839284 ], [ -78.073366553030937, 39.286913094666559 ], [ -78.073359406932852, 39.286914620116221 ], [ -78.073329576577208, 39.286799868526742 ], [ -78.073317807748666, 39.286773033357591 ], [ -78.073336941864227, 39.286632753448878 ], [ -78.073337237409945, 39.286630908857198 ], [ -78.073338655849781, 39.286625124083827 ], [ -78.073341301388311, 39.286619595870313 ], [ -78.073345104855207, 39.286614475093543 ], [ -78.073349961147642, 39.286609903591945 ], [ -78.073355739111548, 39.286605998173521 ], [ -78.073362278846815, 39.2866028749511 ], [ -78.073469711964904, 39.286561012493344 ], [ -78.073576434515616, 39.286517240059027 ], [ -78.073645575148063, 39.286473245105519 ], [ -78.073732056858788, 39.286340606508475 ], [ -78.073733765454477, 39.286338218193741 ], [ -78.073735968123529, 39.286335656056899 ], [ -78.073813568191042, 39.286253389513305 ], [ -78.073816139169395, 39.286250905245694 ], [ -78.073816986280704, 39.286250177973415 ], [ -78.07390695704801, 39.2861749608726 ], [ -78.074008901459692, 39.286066004015893 ], [ -78.074014065874252, 39.286061374769282 ], [ -78.07402018250302, 39.286057480444974 ], [ -78.074027079767774, 39.286054435070646 ], [ -78.074034556445881, 39.286052326948436 ], [ -78.074415479855602, 39.285972198094186 ], [ -78.074420448437422, 39.285971370697013 ], [ -78.074424101885683, 39.285971031394631 ], [ -78.074761346511323, 39.285949952925769 ], [ -78.074858472359864, 39.285895318250397 ], [ -78.075016530035796, 39.285655610176981 ], [ -78.075141694100964, 39.285417880099246 ], [ -78.075172215520013, 39.285322754711203 ], [ -78.075177446525728, 39.285323913876709 ], [ -78.075267482119486, 39.285326177404819 ], [ -78.075231826564973, 39.28543731156941 ] ] ], [ [ [ -78.085325254876523, 39.286209041882309 ], [ -78.084931943699061, 39.286136206801345 ], [ -78.084313839901512, 39.286021211279795 ], [ -78.084024462005772, 39.286063558677952 ], [ -78.084023123515991, 39.286063738062971 ], [ -78.084021849704925, 39.286063882683479 ], [ -78.083669005834366, 39.286099888311384 ], [ -78.08338790771063, 39.2861771913621 ], [ -78.083261872279607, 39.286247209089268 ], [ -78.083255601140621, 39.286250146685397 ], [ -78.083248803588873, 39.286252299300166 ], [ -78.083241649405934, 39.286253610615162 ], [ -78.083234311966692, 39.286254052123681 ], [ -78.083095243777592, 39.286254051428372 ], [ -78.083087965627129, 39.286253579327195 ], [ -78.083080871631367, 39.286252247848793 ], [ -78.083074137859967, 39.286250091757573 ], [ -78.082870331681562, 39.286170025010435 ], [ -78.082527852572753, 39.286046149983129 ], [ -78.082523943104633, 39.286044559157212 ], [ -78.082517405166001, 39.286040970760041 ], [ -78.082458379563633, 39.286002288229696 ], [ -78.082011744390883, 39.285924564334167 ], [ -78.081507900907596, 39.285836938683808 ], [ -78.081501685464133, 39.285835505684673 ], [ -78.081497652926828, 39.285834169331302 ], [ -78.081147150065902, 39.2857027296021 ], [ -78.081143837079125, 39.285701357786174 ], [ -78.081141791615238, 39.285700373249185 ], [ -78.080777263357788, 39.285514536087661 ], [ -78.080487185674443, 39.285472084758396 ], [ -78.080479383806193, 39.285470397273173 ], [ -78.080472882698487, 39.285468064552511 ], [ -78.080261778606712, 39.285376585686684 ], [ -78.080051792917459, 39.285355587693537 ], [ -78.080049106056464, 39.285355257427042 ], [ -78.080042729814565, 39.285353970430606 ], [ -78.079874778992419, 39.285310156914555 ], [ -78.079863922852212, 39.285306059521318 ], [ -78.079628251634077, 39.28518595288034 ], [ -78.079235790262842, 39.285173464603552 ], [ -78.078853455599813, 39.285223960030692 ], [ -78.078845722003535, 39.285224451607263 ], [ -78.078619028548331, 39.285224449521309 ], [ -78.078610583486366, 39.285223818189692 ], [ -78.078602530988135, 39.285222065340349 ], [ -78.078259124817961, 39.28511977840725 ], [ -78.078256730807738, 39.285119003842794 ], [ -78.078096042864644, 39.285063110720088 ], [ -78.077894332455827, 39.285049200531027 ], [ -78.07765782131284, 39.285049200531027 ], [ -78.077409918816741, 39.285068269917346 ], [ -78.077414506649745, 39.285048629417702 ], [ -78.077426977018206, 39.285014640125816 ], [ -78.077437242723022, 39.284994427614301 ], [ -78.077650772232815, 39.284978000983955 ], [ -78.077655472218382, 39.284977820205533 ], [ -78.077896773178423, 39.284977821596144 ], [ -78.077900659290336, 39.284977964828286 ], [ -78.078112420050601, 39.284992570332982 ], [ -78.078120195867683, 39.284993615371164 ], [ -78.07812762852835, 39.284995642174984 ], [ -78.078294380997903, 39.285053645589727 ], [ -78.078628174296242, 39.285153072850989 ], [ -78.078841699347706, 39.285153072155673 ], [ -78.079225003292905, 39.285102448046807 ], [ -78.079233394455997, 39.285101959945955 ], [ -78.079234688029985, 39.285101988453228 ], [ -78.079645283691832, 39.285115053146697 ], [ -78.079651643764066, 39.285115591309172 ], [ -78.079657851122661, 39.285116783053802 ], [ -78.0796637835968, 39.285118609607558 ], [ -78.079669338778515, 39.28512103898656 ], [ -78.079910853537598, 39.285244125790463 ], [ -78.080068603091391, 39.285285275659007 ], [ -78.080283027356444, 39.285306720054784 ], [ -78.080288935576064, 39.285307608646121 ], [ -78.080294645268012, 39.285309069467978 ], [ -78.080300065702446, 39.285311075403662 ], [ -78.080512414859186, 39.285403095296445 ], [ -78.080804216409561, 39.285445796974507 ], [ -78.080810244105123, 39.285447001924169 ], [ -78.080816007695972, 39.285448807610415 ], [ -78.080821408367456, 39.285451177182402 ], [ -78.081191242074979, 39.285639718514652 ], [ -78.081534048170568, 39.285768272892923 ], [ -78.082032563745912, 39.2858549711084 ], [ -78.082490502419873, 39.285934660672098 ], [ -78.082497720383188, 39.285936396816524 ], [ -78.082504475714117, 39.285938995123153 ], [ -78.082510595037832, 39.285942390234396 ], [ -78.082573646889301, 39.285983712124981 ], [ -78.082911169094373, 39.286105793413412 ], [ -78.082912545313405, 39.286106311404751 ], [ -78.083106920079629, 39.286182673026161 ], [ -78.083219070251275, 39.286182672330867 ], [ -78.083338188654565, 39.286116496713653 ], [ -78.083342919182869, 39.286114186959132 ], [ -78.083349873041485, 39.286111768043916 ], [ -78.083642201902919, 39.286031379218826 ], [ -78.083650353215802, 39.286029787697288 ], [ -78.083651627026882, 39.286029643772004 ], [ -78.084008114464226, 39.285993268908136 ], [ -78.084306207814848, 39.285949644216132 ], [ -78.084312845466499, 39.285949044874428 ], [ -78.084319528932198, 39.285949171417599 ], [ -78.084326120769759, 39.285950022455012 ], [ -78.084954079984286, 39.286066852965952 ], [ -78.085202149669271, 39.28611279246261 ], [ -78.085202932444645, 39.28611560218819 ], [ -78.085211519753031, 39.286119900298715 ], [ -78.085225180425525, 39.286128317131237 ], [ -78.085240475669096, 39.286135972610822 ], [ -78.085276114271252, 39.286157930901382 ], [ -78.085308811742578, 39.286182497980548 ], [ -78.085338253191551, 39.28620943741398 ], [ -78.085341024943006, 39.286212546314175 ], [ -78.085325254876523, 39.286209041882309 ] ] ] ] } },
{ "type": "Feature", "properties": { "Wetlands.OBJECTID": 14422586, "Wetlands.ATTRIBUTE": "PEM1A", "Wetlands.WETLAND_TYPE": "Freshwater Emergent Wetland", "Wetlands.ACRES": 0.92109550230156712, "Wetlands.GLOBALID": "{83B3865C-82BF-4654-9FDB-11CB4696B5FC}", "Wetlands.Shape_Length": 394.70929946112847, "Wetlands.Shape_Area": 6234.3637551073352, "NWI_Wetland_Codes.OBJECTID": 1927, "NWI_Wetland_Codes.ATTRIBUTE": "PEM1A", "NWI_Wetland_Codes.SYSTEM": "P", "NWI_Wetland_Codes.SYSTEM_NAME": "Palustrine", "NWI_Wetland_Codes.SYSTEM_DEFINITION": "The Palustrine System includes all nontidal wetlands dominated by trees, shrubs, persistent emergents, emergent mosses or lichens, and all such wetlands that occur in tidal areas where salinity due to ocean-derived salts is below 0.5 ppt. It also includes wetlands lacking such vegetation, but with all of the following four characteristics: (1) area less than 8 ha (20 acres); (2) active wave-formed or bedrock shoreline features lacking; (3) water depth in the deepest part of basin less than 2.5 m (8.2 ft) at low water; and (4) salinity due to ocean-derived salts less than 0.5 ppt.", "NWI_Wetland_Codes.SUBSYSTEM": null, "NWI_Wetland_Codes.SUBSYSTEM_NAME": null, "NWI_Wetland_Codes.SUBSYSTEM_DEFINITION": null, "NWI_Wetland_Codes.CLASS": "EM", "NWI_Wetland_Codes.CLASS_NAME": "Emergent", "NWI_Wetland_Codes.CLASS_DEFINITION": "Characterized by erect, rooted, herbaceous hydrophytes, excluding mosses and lichens. This vegetation is present for most of the growing season in most years. These wetlands are usually dominated by perennial plants.", "NWI_Wetland_Codes.SUBCLASS": "1", "NWI_Wetland_Codes.SUBCLASS_NAME": "Persistent", "NWI_Wetland_Codes.SUBCLASS_DEFINITION": "Dominated by species that normally remain standing at least until the beginning of the next growing season. This subclass is found only in the Estuarine and Palustrine systems.", "NWI_Wetland_Codes.SPLIT_CLASS": null, "NWI_Wetland_Codes.SPLIT_CLASS_NAME": null, "NWI_Wetland_Codes.SPLIT_CLASS_DEFINITION": null, "NWI_Wetland_Codes.SPLIT_SUBCLASS": null, "NWI_Wetland_Codes.SPLIT_SUBCLASS_NAME": null, "NWI_Wetland_Codes.SPLIT_SUBCLASS_DEFINITION": null, "NWI_Wetland_Codes.WATER_REGIME": "A", "NWI_Wetland_Codes.WATER_REGIME_NAME": "Temporary Flooded", "NWI_Wetland_Codes.WATER_REGIME_SUBGROUP": "Nontidal", "NWI_Wetland_Codes.WATER_REGIME_DEFINITION": "Surface water is present for brief periods (from a few days to a few weeks) during the growing season, but the water table usually lies well below the ground surface for the most of the season.", "NWI_Wetland_Codes.MODIFIER1": null, "NWI_Wetland_Codes.MODIFIER1_NAME": null, "NWI_Wetland_Codes.MODIFIER1_GROUP": null, "NWI_Wetland_Codes.MODIFIER1_SUBGROUP": null, "NWI_Wetland_Codes.MODIFIER1_DEFINITION": null, "NWI_Wetland_Codes.MODIFIER2": null, "NWI_Wetland_Codes.MODIFIER2_NAME": null, "NWI_Wetland_Codes.MODIFIER2_GROUP": null, "NWI_Wetland_Codes.MODIFIER2_SUBGROUP": null, "NWI_Wetland_Codes.MODIFIER2_DEFINITION": null, "NWI_Wetland_Codes.Field1": null }, "geometry": { "type": "Polygon", "coordinates": [ [ [ -78.07016433123259, 39.307560518710737 ], [ -78.070167640626096, 39.307561710768447 ], [ -78.07017352908278, 39.307562982064958 ], [ -78.070179617863772, 39.307563454022521 ], [ -78.070185722814443, 39.307563114129664 ], [ -78.070191656186893, 39.307561970032296 ], [ -78.070197240114695, 39.307560057874369 ], [ -78.070202302121331, 39.307557436042352 ], [ -78.070206691289798, 39.307554183774954 ], [ -78.070210271974531, 39.30755040046823 ], [ -78.070211456852377, 39.307548757305007 ], [ -78.070212152148429, 39.307547707737946 ], [ -78.070213632572006, 39.307545149157484 ], [ -78.07021529984516, 39.307540660346518 ], [ -78.070215918784399, 39.307536018618151 ], [ -78.070215472321706, 39.307531364378058 ], [ -78.070213972135193, 39.307526841507404 ], [ -78.070211464038906, 39.30752258485122 ], [ -78.070208025288011, 39.307518725779261 ], [ -78.070203758290404, 39.30751537967457 ], [ -78.070198795098463, 39.30751264940875 ], [ -78.070196579852961, 39.307511832692249 ], [ -78.070589268497955, 39.306918987826357 ], [ -78.070641836111747, 39.306903908677349 ], [ -78.070660624375918, 39.306917984820473 ], [ -78.070709340912089, 39.306951159771415 ], [ -78.07076881297715, 39.306964164086544 ], [ -78.070806827883345, 39.306926224343123 ], [ -78.070870501369015, 39.306922450038535 ], [ -78.070921319064624, 39.306947236025181 ], [ -78.070944876484631, 39.306989791109011 ], [ -78.070955328382979, 39.307039132953491 ], [ -78.07094703244131, 39.307101831459434 ], [ -78.07093351818618, 39.307148988583883 ], [ -78.070890000200563, 39.30718612747313 ], [ -78.070830778765455, 39.307194897311057 ], [ -78.070767104381474, 39.307198670905848 ], [ -78.070724638323057, 39.307231614956997 ], [ -78.070737020700932, 39.307247720669359 ], [ -78.070732560565546, 39.307250030421834 ], [ -78.070728171397079, 39.307253282703357 ], [ -78.070724590712345, 39.307257066721256 ], [ -78.070721926309233, 39.307261267787162 ], [ -78.070720258137726, 39.30726575661604 ], [ -78.070719639198515, 39.307270398362334 ], [ -78.070720085661208, 39.307275052619786 ], [ -78.070721586746032, 39.307279575506698 ], [ -78.070724094842319, 39.307283832177696 ], [ -78.070727533593228, 39.307287691262601 ], [ -78.070731800590821, 39.307291037378157 ], [ -78.070736763782762, 39.307293766957585 ], [ -78.070742274048726, 39.307295798676513 ], [ -78.070748162505396, 39.307297069977906 ], [ -78.070754251286417, 39.307297541937245 ], [ -78.070759099493998, 39.307297338278779 ], [ -78.070786696637825, 39.307294710876278 ], [ -78.070797962409799, 39.307303151232695 ], [ -78.070835831788941, 39.307341935293479 ], [ -78.070870237264316, 39.307378880848255 ], [ -78.070900347894323, 39.307418042294884 ], [ -78.070905298509842, 39.307466583802324 ], [ -78.070871733857572, 39.307509518777913 ], [ -78.070819314465822, 39.307536667125596 ], [ -78.070772395458519, 39.30756461688695 ], [ -78.070725476451216, 39.307592565247006 ], [ -78.070669655139454, 39.307610524646378 ], [ -78.07060388049436, 39.307622687101031 ], [ -78.070543607132052, 39.307635650281838 ], [ -78.070483332871433, 39.307648614155369 ], [ -78.070421760545244, 39.307643998847034 ], [ -78.070383744740724, 39.307681938896444 ], [ -78.070341276885671, 39.307714883415137 ], [ -78.070289907624471, 39.307737837596861 ], [ -78.070228584131584, 39.307754995536968 ], [ -78.070177213073762, 39.307777948315376 ], [ -78.070115639849249, 39.307773333015639 ], [ -78.070064822153611, 39.307748547321559 ], [ -78.070070875900328, 39.3077016074648 ], [ -78.07016433123259, 39.307560518710737 ] ] ] } },
{ "type": "Feature", "properties": { "Wetlands.OBJECTID": 14422775, "Wetlands.ATTRIBUTE": "PEM1C", "Wetlands.WETLAND_TYPE": "Freshwater Emergent Wetland", "Wetlands.ACRES": 2.2515600426917186, "Wetlands.GLOBALID": "{A6292370-BDA0-4D4A-BB9A-A585DB808CC2}", "Wetlands.Shape_Length": 715.56077306702218, "Wetlands.Shape_Area": 15233.852230298027, "NWI_Wetland_Codes.OBJECTID": 1965, "NWI_Wetland_Codes.ATTRIBUTE": "PEM1C", "NWI_Wetland_Codes.SYSTEM": "P", "NWI_Wetland_Codes.SYSTEM_NAME": "Palustrine", "NWI_Wetland_Codes.SYSTEM_DEFINITION": "The Palustrine System includes all nontidal wetlands dominated by trees, shrubs, persistent emergents, emergent mosses or lichens, and all such wetlands that occur in tidal areas where salinity due to ocean-derived salts is below 0.5 ppt. It also includes wetlands lacking such vegetation, but with all of the following four characteristics: (1) area less than 8 ha (20 acres); (2) active wave-formed or bedrock shoreline features lacking; (3) water depth in the deepest part of basin less than 2.5 m (8.2 ft) at low water; and (4) salinity due to ocean-derived salts less than 0.5 ppt.", "NWI_Wetland_Codes.SUBSYSTEM": null, "NWI_Wetland_Codes.SUBSYSTEM_NAME": null, "NWI_Wetland_Codes.SUBSYSTEM_DEFINITION": null, "NWI_Wetland_Codes.CLASS": "EM", "NWI_Wetland_Codes.CLASS_NAME": "Emergent", "NWI_Wetland_Codes.CLASS_DEFINITION": "Characterized by erect, rooted, herbaceous hydrophytes, excluding mosses and lichens. This vegetation is present for most of the growing season in most years. These wetlands are usually dominated by perennial plants.", "NWI_Wetland_Codes.SUBCLASS": "1", "NWI_Wetland_Codes.SUBCLASS_NAME": "Persistent", "NWI_Wetland_Codes.SUBCLASS_DEFINITION": "Dominated by species that normally remain standing at least until the beginning of the next growing season. This subclass is found only in the Estuarine and Palustrine systems.", "NWI_Wetland_Codes.SPLIT_CLASS": null, "NWI_Wetland_Codes.SPLIT_CLASS_NAME": null, "NWI_Wetland_Codes.SPLIT_CLASS_DEFINITION": null, "NWI_Wetland_Codes.SPLIT_SUBCLASS": null, "NWI_Wetland_Codes.SPLIT_SUBCLASS_NAME": null, "NWI_Wetland_Codes.SPLIT_SUBCLASS_DEFINITION": null, "NWI_Wetland_Codes.WATER_REGIME": "C", "NWI_Wetland_Codes.WATER_REGIME_NAME": "Seasonally Flooded", "NWI_Wetland_Codes.WATER_REGIME_SUBGROUP": "Nontidal", "NWI_Wetland_Codes.WATER_REGIME_DEFINITION": "Surface water is present for extended periods especially early in the growing season, but is absent by the end of the growing season in most years.  The water table after flooding ceases is variable, extending from saturated to the surface to a water table well below the ground surface.", "NWI_Wetland_Codes.MODIFIER1": null, "NWI_Wetland_Codes.MODIFIER1_NAME": null, "NWI_Wetland_Codes.MODIFIER1_GROUP": null, "NWI_Wetland_Codes.MODIFIER1_SUBGROUP": null, "NWI_Wetland_Codes.MODIFIER1_DEFINITION": null, "NWI_Wetland_Codes.MODIFIER2": null, "NWI_Wetland_Codes.MODIFIER2_NAME": null, "NWI_Wetland_Codes.MODIFIER2_GROUP": null, "NWI_Wetland_Codes.MODIFIER2_SUBGROUP": null, "NWI_Wetland_Codes.MODIFIER2_DEFINITION": null, "NWI_Wetland_Codes.Field1": null }, "geometry": { "type": "Polygon", "coordinates": [ [ [ -78.059766355175086, 39.294684764706524 ], [ -78.059705531145511, 39.294675904314829 ], [ -78.059642383174307, 39.294676318657189 ], [ -78.059573152710314, 39.29467584800318 ], [ -78.059514652622383, 39.294657712178697 ], [ -78.059463397447203, 39.29463582432416 ], [ -78.05941446711202, 39.294604662414521 ], [ -78.059353643082417, 39.294595801317485 ], [ -78.059292819052857, 39.294586940914535 ], [ -78.059229670183328, 39.294587355257434 ], [ -78.05916652311042, 39.294587770295585 ], [ -78.05910569908086, 39.294578909891577 ], [ -78.059046037471262, 39.294565411069208 ], [ -78.058994782296111, 39.294543523185808 ], [ -78.058961502409772, 39.294500220139348 ], [ -78.058929385841722, 39.294452277946093 ], [ -78.058894943535435, 39.294413612575646 ], [ -78.05884601320021, 39.29438244917673 ], [ -78.058804326879454, 39.294347535113488 ], [ -78.058777129485918, 39.294305117642097 ], [ -78.058742687179603, 39.294266451495218 ], [ -78.058708246669909, 39.29422778532691 ], [ -78.058648585060325, 39.294214287132014 ], [ -78.058581678537976, 39.294204539592798 ], [ -78.058518532363394, 39.294204953938006 ], [ -78.058460305363312, 39.294210891726614 ], [ -78.058399481333723, 39.29420203057974 ], [ -78.058339819724139, 39.294188531684668 ], [ -78.058281320534505, 39.294170395733957 ], [ -78.058230066257664, 39.294148507727137 ], [ -78.058202869762439, 39.294106090830397 ], [ -78.058168428354435, 39.294067423878317 ], [ -78.05814123185921, 39.294025005542061 ], [ -78.058121280276765, 39.293978836509943 ], [ -78.058101327795981, 39.293932667447422 ], [ -78.058074131300756, 39.293890250419921 ], [ -78.058046933907207, 39.293847831976272 ], [ -78.058019737411996, 39.293805414202211 ], [ -78.057993703336734, 39.293758358626874 ], [ -78.057999243247096, 39.293711096541053 ], [ -78.058013519273587, 39.293697516211182 ], [ -78.058066765115413, 39.29366200948288 ], [ -78.058096906288142, 39.293648413848743 ], [ -78.058157729419406, 39.293657275065684 ], [ -78.05822087739061, 39.293656861412508 ], [ -78.058282862941851, 39.293661084151168 ], [ -78.0583422514636, 39.293650509228442 ], [ -78.058388042186891, 39.293618724662068 ], [ -78.058450027738132, 39.293622947403023 ], [ -78.058501282014987, 39.293644835574213 ], [ -78.05850906951018, 39.293689233418334 ], [ -78.058516857005387, 39.293733629843906 ], [ -78.058558542427832, 39.293768544908488 ], [ -78.058618203139119, 39.293782042494101 ], [ -78.058659888561536, 39.293816956839301 ], [ -78.058667676056757, 39.293861354574297 ], [ -78.05866822043582, 39.293909502955231 ], [ -78.058676007930998, 39.293953899936355 ], [ -78.058695960411796, 39.294000069680081 ], [ -78.058730401819773, 39.294038735278932 ], [ -78.058779332154984, 39.294069898830884 ], [ -78.058839883995049, 39.294054684823543 ], [ -78.058900707126284, 39.294063545293845 ], [ -78.058941231027077, 39.294103097946909 ], [ -78.058998567796706, 39.29412587166653 ], [ -78.059057067884638, 39.294144007628788 ], [ -78.05911672859591, 39.294157505837227 ], [ -78.059181310278305, 39.294176527489192 ], [ -78.059248216800682, 39.294186274337143 ], [ -78.059309039033636, 39.294195134790776 ], [ -78.059371024584863, 39.294199358192202 ], [ -78.059429251584945, 39.294193420402628 ], [ -78.059488641005018, 39.294182843474616 ], [ -78.059549192845054, 39.29416763018704 ], [ -78.059604824612279, 39.294146892752842 ], [ -78.059666537973968, 39.294127041706361 ], [ -78.059726199583579, 39.294140539222859 ], [ -78.059777454758745, 39.294162426537007 ], [ -78.05981189706506, 39.294201092046173 ], [ -78.059806358053009, 39.294248355191648 ], [ -78.059820228939316, 39.294293637654341 ], [ -78.059853509723951, 39.294336940828565 ], [ -78.05990476489913, 39.294358828081329 ], [ -78.059963264088736, 39.294376964678449 ], [ -78.060019439336713, 39.294404374651663 ], [ -78.060079100946311, 39.294417872809909 ], [ -78.060137601034242, 39.294436008001306 ], [ -78.06019726264384, 39.294449506153441 ], [ -78.060255761833446, 39.294467641336638 ], [ -78.060304693965307, 39.29449880400248 ], [ -78.060312483257135, 39.29454320130511 ], [ -78.060306944245085, 39.294590463524472 ], [ -78.06029532363857, 39.294636839324589 ], [ -78.060309195423187, 39.294682123621648 ], [ -78.060297575714984, 39.294728499361035 ], [ -78.060268870050081, 39.294767579594648 ], [ -78.060254399089175, 39.294783467795256 ], [ -78.060194253287634, 39.294813459596995 ], [ -78.060134711153992, 39.294824947842002 ], [ -78.060075321733947, 39.294835524672955 ], [ -78.060025228080434, 39.294808999863271 ], [ -78.05997397290524, 39.294787112751258 ], [ -78.059914310397332, 39.294773615359389 ], [ -78.059866541583773, 39.294737814409991 ], [ -78.059817610350265, 39.294706651850525 ], [ -78.059766355175086, 39.294684764706524 ] ] ] } },
{ "type": "Feature", "properties": { "Wetlands.OBJECTID": 14423695, "Wetlands.ATTRIBUTE": "PFO1A", "Wetlands.WETLAND_TYPE": "Freshwater Forested/Shrub Wetland", "Wetlands.ACRES": 0.25273359457355193, "Wetlands.GLOBALID": "{A6D9189A-4332-498B-85FB-B45E2CB9B0C2}", "Wetlands.Shape_Length": 195.17065124421859, "Wetlands.Shape_Area": 1709.6469045065901, "NWI_Wetland_Codes.OBJECTID": 2747, "NWI_Wetland_Codes.ATTRIBUTE": "PFO1A", "NWI_Wetland_Codes.SYSTEM": "P", "NWI_Wetland_Codes.SYSTEM_NAME": "Palustrine", "NWI_Wetland_Codes.SYSTEM_DEFINITION": "The Palustrine System includes all nontidal wetlands dominated by trees, shrubs, persistent emergents, emergent mosses or lichens, and all such wetlands that occur in tidal areas where salinity due to ocean-derived salts is below 0.5 ppt. It also includes wetlands lacking such vegetation, but with all of the following four characteristics: (1) area less than 8 ha (20 acres); (2) active wave-formed or bedrock shoreline features lacking; (3) water depth in the deepest part of basin less than 2.5 m (8.2 ft) at low water; and (4) salinity due to ocean-derived salts less than 0.5 ppt.", "NWI_Wetland_Codes.SUBSYSTEM": null, "NWI_Wetland_Codes.SUBSYSTEM_NAME": null, "NWI_Wetland_Codes.SUBSYSTEM_DEFINITION": null, "NWI_Wetland_Codes.CLASS": "FO", "NWI_Wetland_Codes.CLASS_NAME": "Forested", "NWI_Wetland_Codes.CLASS_DEFINITION": "Characterized by woody vegetation that is 6 m tall or taller.", "NWI_Wetland_Codes.SUBCLASS": "1", "NWI_Wetland_Codes.SUBCLASS_NAME": "Broad-Leaved Deciduous", "NWI_Wetland_Codes.SUBCLASS_DEFINITION": "Woody angiosperms (trees or shrubs) with relatively wide, flat leaves that are shed during the cold or dry season; e.g., black ash (Fraxinus nigra).", "NWI_Wetland_Codes.SPLIT_CLASS": null, "NWI_Wetland_Codes.SPLIT_CLASS_NAME": null, "NWI_Wetland_Codes.SPLIT_CLASS_DEFINITION": null, "NWI_Wetland_Codes.SPLIT_SUBCLASS": null, "NWI_Wetland_Codes.SPLIT_SUBCLASS_NAME": null, "NWI_Wetland_Codes.SPLIT_SUBCLASS_DEFINITION": null, "NWI_Wetland_Codes.WATER_REGIME": "A", "NWI_Wetland_Codes.WATER_REGIME_NAME": "Temporary Flooded", "NWI_Wetland_Codes.WATER_REGIME_SUBGROUP": "Nontidal", "NWI_Wetland_Codes.WATER_REGIME_DEFINITION": "Surface water is present for brief periods (from a few days to a few weeks) during the growing season, but the water table usually lies well below the ground surface for the most of the season.", "NWI_Wetland_Codes.MODIFIER1": null, "NWI_Wetland_Codes.MODIFIER1_NAME": null, "NWI_Wetland_Codes.MODIFIER1_GROUP": null, "NWI_Wetland_Codes.MODIFIER1_SUBGROUP": null, "NWI_Wetland_Codes.MODIFIER1_DEFINITION": null, "NWI_Wetland_Codes.MODIFIER2": null, "NWI_Wetland_Codes.MODIFIER2_NAME": null, "NWI_Wetland_Codes.MODIFIER2_GROUP": null, "NWI_Wetland_Codes.MODIFIER2_SUBGROUP": null, "NWI_Wetland_Codes.MODIFIER2_DEFINITION": null, "NWI_Wetland_Codes.Field1": null }, "geometry": { "type": "Polygon", "coordinates": [ [ [ -78.067822703561276, 39.28742496806376 ], [ -78.06788352220093, 39.287433824506046 ], [ -78.06794318021727, 39.287447318445771 ], [ -78.068002837335285, 39.287460813078241 ], [ -78.068062495351612, 39.287474306317485 ], [ -78.06812215157133, 39.287487800944746 ], [ -78.068310965765946, 39.287539329274288 ], [ -78.068252745054053, 39.287545271799814 ], [ -78.068189602472742, 39.287545691051335 ], [ -78.068131380862553, 39.287551633576371 ], [ -78.068080678151276, 39.287577897625724 ], [ -78.068034895512824, 39.287609686324679 ], [ -78.067989112874372, 39.287641473618706 ], [ -78.067929729742531, 39.287652054315842 ], [ -78.067868024465653, 39.287671909283858 ], [ -78.067827161900013, 39.287709220505945 ], [ -78.067762858695332, 39.28771427723737 ], [ -78.067704007366117, 39.287726930536444 ], [ -78.067614703148791, 39.287703531769559 ], [ -78.067666222428642, 39.287546387022779 ], [ -78.067667383950308, 39.287541748835501 ], [ -78.067685080761407, 39.287496257594988 ], [ -78.06770885916697, 39.287451651412681 ], [ -78.067752934231052, 39.2874253901484 ], [ -78.067755398105419, 39.28742535822569 ], [ -78.067765336479823, 39.287421063130736 ], [ -78.067822703561276, 39.28742496806376 ] ] ] } },
{ "type": "Feature", "properties": { "Wetlands.OBJECTID": 14423696, "Wetlands.ATTRIBUTE": "PFO1A", "Wetlands.WETLAND_TYPE": "Freshwater Forested/Shrub Wetland", "Wetlands.ACRES": 0.03481730784872919, "Wetlands.GLOBALID": "{41AD9175-ABF2-47B3-A1C1-3D53142F2B60}", "Wetlands.Shape_Length": 65.838572178273353, "Wetlands.Shape_Area": 235.52775435823517, "NWI_Wetland_Codes.OBJECTID": 2747, "NWI_Wetland_Codes.ATTRIBUTE": "PFO1A", "NWI_Wetland_Codes.SYSTEM": "P", "NWI_Wetland_Codes.SYSTEM_NAME": "Palustrine", "NWI_Wetland_Codes.SYSTEM_DEFINITION": "The Palustrine System includes all nontidal wetlands dominated by trees, shrubs, persistent emergents, emergent mosses or lichens, and all such wetlands that occur in tidal areas where salinity due to ocean-derived salts is below 0.5 ppt. It also includes wetlands lacking such vegetation, but with all of the following four characteristics: (1) area less than 8 ha (20 acres); (2) active wave-formed or bedrock shoreline features lacking; (3) water depth in the deepest part of basin less than 2.5 m (8.2 ft) at low water; and (4) salinity due to ocean-derived salts less than 0.5 ppt.", "NWI_Wetland_Codes.SUBSYSTEM": null, "NWI_Wetland_Codes.SUBSYSTEM_NAME": null, "NWI_Wetland_Codes.SUBSYSTEM_DEFINITION": null, "NWI_Wetland_Codes.CLASS": "FO", "NWI_Wetland_Codes.CLASS_NAME": "Forested", "NWI_Wetland_Codes.CLASS_DEFINITION": "Characterized by woody vegetation that is 6 m tall or taller.", "NWI_Wetland_Codes.SUBCLASS": "1", "NWI_Wetland_Codes.SUBCLASS_NAME": "Broad-Leaved Deciduous", "NWI_Wetland_Codes.SUBCLASS_DEFINITION": "Woody angiosperms (trees or shrubs) with relatively wide, flat leaves that are shed during the cold or dry season; e.g., black ash (Fraxinus nigra).", "NWI_Wetland_Codes.SPLIT_CLASS": null, "NWI_Wetland_Codes.SPLIT_CLASS_NAME": null, "NWI_Wetland_Codes.SPLIT_CLASS_DEFINITION": null, "NWI_Wetland_Codes.SPLIT_SUBCLASS": null, "NWI_Wetland_Codes.SPLIT_SUBCLASS_NAME": null, "NWI_Wetland_Codes.SPLIT_SUBCLASS_DEFINITION": null, "NWI_Wetland_Codes.WATER_REGIME": "A", "NWI_Wetland_Codes.WATER_REGIME_NAME": "Temporary Flooded", "NWI_Wetland_Codes.WATER_REGIME_SUBGROUP": "Nontidal", "NWI_Wetland_Codes.WATER_REGIME_DEFINITION": "Surface water is present for brief periods (from a few days to a few weeks) during the growing season, but the water table usually lies well below the ground surface for the most of the season.", "NWI_Wetland_Codes.MODIFIER1": null, "NWI_Wetland_Codes.MODIFIER1_NAME": null, "NWI_Wetland_Codes.MODIFIER1_GROUP": null, "NWI_Wetland_Codes.MODIFIER1_SUBGROUP": null, "NWI_Wetland_Codes.MODIFIER1_DEFINITION": null, "NWI_Wetland_Codes.MODIFIER2": null, "NWI_Wetland_Codes.MODIFIER2_NAME": null, "NWI_Wetland_Codes.MODIFIER2_GROUP": null, "NWI_Wetland_Codes.MODIFIER2_SUBGROUP": null, "NWI_Wetland_Codes.MODIFIER2_DEFINITION": null, "NWI_Wetland_Codes.Field1": null }, "geometry": { "type": "Polygon", "coordinates": [ [ [ -78.06762920555073, 39.287920736602672 ], [ -78.067567224491086, 39.287916517689482 ], [ -78.067559432504311, 39.287872121747228 ], [ -78.067591925466445, 39.287773009133495 ], [ -78.067645828875072, 39.287787138488127 ], [ -78.067676908787263, 39.287795286400716 ], [ -78.067672666044189, 39.287898224373201 ], [ -78.067680458929274, 39.287942620298828 ], [ -78.06762920555073, 39.287920736602672 ] ] ] } },
{ "type": "Feature", "properties": { "Wetlands.OBJECTID": 14423697, "Wetlands.ATTRIBUTE": "PFO1A", "Wetlands.WETLAND_TYPE": "Freshwater Forested/Shrub Wetland", "Wetlands.ACRES": 0.90606025669638357, "Wetlands.GLOBALID": "{49B47097-BD40-444C-AF51-03DB55D7DA0B}", "Wetlands.Shape_Length": 630.12430550269323, "Wetlands.Shape_Area": 6129.1482070314678, "NWI_Wetland_Codes.OBJECTID": 2747, "NWI_Wetland_Codes.ATTRIBUTE": "PFO1A", "NWI_Wetland_Codes.SYSTEM": "P", "NWI_Wetland_Codes.SYSTEM_NAME": "Palustrine", "NWI_Wetland_Codes.SYSTEM_DEFINITION": "The Palustrine System includes all nontidal wetlands dominated by trees, shrubs, persistent emergents, emergent mosses or lichens, and all such wetlands that occur in tidal areas where salinity due to ocean-derived salts is below 0.5 ppt. It also includes wetlands lacking such vegetation, but with all of the following four characteristics: (1) area less than 8 ha (20 acres); (2) active wave-formed or bedrock shoreline features lacking; (3) water depth in the deepest part of basin less than 2.5 m (8.2 ft) at low water; and (4) salinity due to ocean-derived salts less than 0.5 ppt.", "NWI_Wetland_Codes.SUBSYSTEM": null, "NWI_Wetland_Codes.SUBSYSTEM_NAME": null, "NWI_Wetland_Codes.SUBSYSTEM_DEFINITION": null, "NWI_Wetland_Codes.CLASS": "FO", "NWI_Wetland_Codes.CLASS_NAME": "Forested", "NWI_Wetland_Codes.CLASS_DEFINITION": "Characterized by woody vegetation that is 6 m tall or taller.", "NWI_Wetland_Codes.SUBCLASS": "1", "NWI_Wetland_Codes.SUBCLASS_NAME": "Broad-Leaved Deciduous", "NWI_Wetland_Codes.SUBCLASS_DEFINITION": "Woody angiosperms (trees or shrubs) with relatively wide, flat leaves that are shed during the cold or dry season; e.g., black ash (Fraxinus nigra).", "NWI_Wetland_Codes.SPLIT_CLASS": null, "NWI_Wetland_Codes.SPLIT_CLASS_NAME": null, "NWI_Wetland_Codes.SPLIT_CLASS_DEFINITION": null, "NWI_Wetland_Codes.SPLIT_SUBCLASS": null, "NWI_Wetland_Codes.SPLIT_SUBCLASS_NAME": null, "NWI_Wetland_Codes.SPLIT_SUBCLASS_DEFINITION": null, "NWI_Wetland_Codes.WATER_REGIME": "A", "NWI_Wetland_Codes.WATER_REGIME_NAME": "Temporary Flooded", "NWI_Wetland_Codes.WATER_REGIME_SUBGROUP": "Nontidal", "NWI_Wetland_Codes.WATER_REGIME_DEFINITION": "Surface water is present for brief periods (from a few days to a few weeks) during the growing season, but the water table usually lies well below the ground surface for the most of the season.", "NWI_Wetland_Codes.MODIFIER1": null, "NWI_Wetland_Codes.MODIFIER1_NAME": null, "NWI_Wetland_Codes.MODIFIER1_GROUP": null, "NWI_Wetland_Codes.MODIFIER1_SUBGROUP": null, "NWI_Wetland_Codes.MODIFIER1_DEFINITION": null, "NWI_Wetland_Codes.MODIFIER2": null, "NWI_Wetland_Codes.MODIFIER2_NAME": null, "NWI_Wetland_Codes.MODIFIER2_GROUP": null, "NWI_Wetland_Codes.MODIFIER2_SUBGROUP": null, "NWI_Wetland_Codes.MODIFIER2_DEFINITION": null, "NWI_Wetland_Codes.Field1": null }, "geometry": { "type": "Polygon", "coordinates": [ [ [ -78.066388964520016, 39.287461327583145 ], [ -78.066445750622393, 39.28743594927333 ], [ -78.066491534159169, 39.287404162581325 ], [ -78.066542237768743, 39.287377898466772 ], [ -78.066605378553433, 39.287377479909544 ], [ -78.066666197193101, 39.287386337053135 ], [ -78.066724693687775, 39.287404469198698 ], [ -78.066775945269683, 39.287426353751478 ], [ -78.066826036228278, 39.287452875795616 ], [ -78.066884532722938, 39.28747100792399 ], [ -78.06694883592759, 39.287465951870246 ], [ -78.067009379682787, 39.28745073503751 ], [ -78.067068762814642, 39.287440155005179 ], [ -78.067131904497657, 39.28743973575304 ], [ -78.06719388376068, 39.287443955390238 ], [ -78.06725702634202, 39.287443536138106 ], [ -78.06732624961947, 39.287444003364392 ], [ -78.067390551925826, 39.287438946613406 ], [ -78.067452532985499, 39.287443165555366 ], [ -78.067511915219043, 39.287432586217193 ], [ -78.067571573235369, 39.287446080157217 ], [ -78.06757936522213, 39.287490476369506 ], [ -78.067506426512637, 39.287675161084501 ], [ -78.067239783180128, 39.287605295659674 ], [ -78.067138043584308, 39.287602635535343 ], [ -78.067071465845345, 39.287600895260539 ], [ -78.06681497078057, 39.287547400735399 ], [ -78.066808888287795, 39.287546514953576 ], [ -78.066746908126433, 39.287542296017847 ], [ -78.066684927965099, 39.287538076386575 ], [ -78.066621786282099, 39.287538495638138 ], [ -78.066542995946847, 39.287551055106668 ], [ -78.066483612814991, 39.287561634426936 ], [ -78.06642306816147, 39.287576851235585 ], [ -78.066358764956803, 39.287581907281321 ], [ -78.066295624172113, 39.287582326532629 ], [ -78.066236241040244, 39.287592905152884 ], [ -78.065714843577993, 39.287661177715037 ], [ -78.065708761983515, 39.287660291934699 ], [ -78.065641860851031, 39.28765054904526 ], [ -78.065578719168045, 39.287650966210315 ], [ -78.065516739905021, 39.287646746585601 ], [ -78.065453597323696, 39.287647164445943 ], [ -78.065390455640681, 39.287647581611047 ], [ -78.065326151537704, 39.287652637651668 ], [ -78.065267929927515, 39.287658578777005 ], [ -78.065209708317312, 39.287664519901902 ], [ -78.065146566634311, 39.287664937762123 ], [ -78.064979140428292, 39.287664976002269 ], [ -78.064994246498088, 39.287618719343619 ], [ -78.065035109962068, 39.287581408073315 ], [ -78.065090735441089, 39.287560668688556 ], [ -78.065141438152367, 39.287534405327989 ], [ -78.06520314432754, 39.287514551711546 ], [ -78.065263690777684, 39.287499334194067 ], [ -78.065330316127358, 39.287485003846442 ], [ -78.065399540303147, 39.287485471767681 ], [ -78.06546152046451, 39.287489692097417 ], [ -78.065522338205867, 39.287498549226754 ], [ -78.065584319265525, 39.287502768860406 ], [ -78.065642539977404, 39.287496827721846 ], [ -78.065700761587593, 39.287490886582738 ], [ -78.065762467762781, 39.287471032258694 ], [ -78.065821850894636, 39.287460452924712 ], [ -78.065881234026492, 39.287449874284448 ], [ -78.065942051767863, 39.287458731418873 ], [ -78.066015034494797, 39.287469360117775 ], [ -78.066077014656145, 39.28747357975319 ], [ -78.066143915788615, 39.287483322667214 ], [ -78.066211977544427, 39.287488427389057 ], [ -78.066275119227441, 39.287488009527713 ], [ -78.06633334083763, 39.287482068387909 ], [ -78.066388964520016, 39.287461327583145 ] ] ] } },
{ "type": "Feature", "properties": { "Wetlands.OBJECTID": 14423698, "Wetlands.ATTRIBUTE": "PFO1A", "Wetlands.WETLAND_TYPE": "Freshwater Forested/Shrub Wetland", "Wetlands.ACRES": 0.61816148395776449, "Wetlands.GLOBALID": "{9577F2BC-965F-40BF-9989-2930F06C66E6}", "Wetlands.Shape_Length": 573.58984748999933, "Wetlands.Shape_Area": 4181.6486037133436, "NWI_Wetland_Codes.OBJECTID": 2747, "NWI_Wetland_Codes.ATTRIBUTE": "PFO1A", "NWI_Wetland_Codes.SYSTEM": "P", "NWI_Wetland_Codes.SYSTEM_NAME": "Palustrine", "NWI_Wetland_Codes.SYSTEM_DEFINITION": "The Palustrine System includes all nontidal wetlands dominated by trees, shrubs, persistent emergents, emergent mosses or lichens, and all such wetlands that occur in tidal areas where salinity due to ocean-derived salts is below 0.5 ppt. It also includes wetlands lacking such vegetation, but with all of the following four characteristics: (1) area less than 8 ha (20 acres); (2) active wave-formed or bedrock shoreline features lacking; (3) water depth in the deepest part of basin less than 2.5 m (8.2 ft) at low water; and (4) salinity due to ocean-derived salts less than 0.5 ppt.", "NWI_Wetland_Codes.SUBSYSTEM": null, "NWI_Wetland_Codes.SUBSYSTEM_NAME": null, "NWI_Wetland_Codes.SUBSYSTEM_DEFINITION": null, "NWI_Wetland_Codes.CLASS": "FO", "NWI_Wetland_Codes.CLASS_NAME": "Forested", "NWI_Wetland_Codes.CLASS_DEFINITION": "Characterized by woody vegetation that is 6 m tall or taller.", "NWI_Wetland_Codes.SUBCLASS": "1", "NWI_Wetland_Codes.SUBCLASS_NAME": "Broad-Leaved Deciduous", "NWI_Wetland_Codes.SUBCLASS_DEFINITION": "Woody angiosperms (trees or shrubs) with relatively wide, flat leaves that are shed during the cold or dry season; e.g., black ash (Fraxinus nigra).", "NWI_Wetland_Codes.SPLIT_CLASS": null, "NWI_Wetland_Codes.SPLIT_CLASS_NAME": null, "NWI_Wetland_Codes.SPLIT_CLASS_DEFINITION": null, "NWI_Wetland_Codes.SPLIT_SUBCLASS": null, "NWI_Wetland_Codes.SPLIT_SUBCLASS_NAME": null, "NWI_Wetland_Codes.SPLIT_SUBCLASS_DEFINITION": null, "NWI_Wetland_Codes.WATER_REGIME": "A", "NWI_Wetland_Codes.WATER_REGIME_NAME": "Temporary Flooded", "NWI_Wetland_Codes.WATER_REGIME_SUBGROUP": "Nontidal", "NWI_Wetland_Codes.WATER_REGIME_DEFINITION": "Surface water is present for brief periods (from a few days to a few weeks) during the growing season, but the water table usually lies well below the ground surface for the most of the season.", "NWI_Wetland_Codes.MODIFIER1": null, "NWI_Wetland_Codes.MODIFIER1_NAME": null, "NWI_Wetland_Codes.MODIFIER1_GROUP": null, "NWI_Wetland_Codes.MODIFIER1_SUBGROUP": null, "NWI_Wetland_Codes.MODIFIER1_DEFINITION": null, "NWI_Wetland_Codes.MODIFIER2": null, "NWI_Wetland_Codes.MODIFIER2_NAME": null, "NWI_Wetland_Codes.MODIFIER2_GROUP": null, "NWI_Wetland_Codes.MODIFIER2_SUBGROUP": null, "NWI_Wetland_Codes.MODIFIER2_DEFINITION": null, "NWI_Wetland_Codes.Field1": null }, "geometry": { "type": "Polygon", "coordinates": [ [ [ -78.065992013369012, 39.287687123287519 ], [ -78.066051396500868, 39.2876765432909 ], [ -78.066115699705534, 39.287671487947286 ], [ -78.066175082837404, 39.287660908643602 ], [ -78.066240548462034, 39.287651215118835 ], [ -78.066306012290042, 39.287641521592661 ], [ -78.066364233900245, 39.287635579770601 ], [ -78.066423617930425, 39.287625000461489 ], [ -78.066487920236781, 39.287619944418871 ], [ -78.06654614184697, 39.287614002594957 ], [ -78.06660436435547, 39.287608060770566 ], [ -78.066673586734652, 39.287608528690981 ], [ -78.06673440627263, 39.287617385110053 ], [ -78.066795224912326, 39.287626242223268 ], [ -78.066854882030341, 39.287639736125982 ], [ -78.066912217003349, 39.287662506385558 ], [ -78.066973035643031, 39.287671363493089 ], [ -78.067039935877204, 39.287681105684314 ], [ -78.067106837907971, 39.287690848569461 ], [ -78.067167656547639, 39.287699704978131 ], [ -78.067229308823912, 39.28767795817523 ], [ -78.067287270820984, 39.287693152014562 ], [ -78.067345233716395, 39.287708345155316 ], [ -78.067404027553408, 39.287723756608948 ], [ -78.067462820492125, 39.287739168059211 ], [ -78.067461297847728, 39.287785727777667 ], [ -78.067415514310952, 39.28781751568701 ], [ -78.067357292700763, 39.287823458188981 ], [ -78.067294151017734, 39.287823876743545 ], [ -78.067231009334748, 39.287824295993396 ], [ -78.067167867651733, 39.287824714547966 ], [ -78.067105886592074, 39.287820495628999 ], [ -78.067043905532429, 39.287816275319187 ], [ -78.066980764747726, 39.287816695264326 ], [ -78.066919945209747, 39.287807838175212 ], [ -78.066859125671726, 39.287798981084926 ], [ -78.066792225437581, 39.28778923821482 ], [ -78.066730245276247, 39.287785018598441 ], [ -78.066661020202133, 39.287784552069695 ], [ -78.066602798591944, 39.2877904938792 ], [ -78.066542253938422, 39.287805710638118 ], [ -78.066473030660944, 39.28780524271901 ], [ -78.066412212021262, 39.28779638562839 ], [ -78.06636212106271, 39.28776986440964 ], [ -78.066297542973544, 39.287750845188889 ], [ -78.066236724333876, 39.287741988091398 ], [ -78.066174744172542, 39.287737768472155 ], [ -78.066110440069551, 39.28774282450626 ], [ -78.066049895416029, 39.287758041970825 ], [ -78.065989350762521, 39.287773258736856 ], [ -78.065931129152318, 39.287779199851961 ], [ -78.065867987469318, 39.28777961771155 ], [ -78.065806006409659, 39.287775398094531 ], [ -78.065744025350014, 39.287771178477293 ], [ -78.065682046086962, 39.287766958859834 ], [ -78.065620065925629, 39.287762739242098 ], [ -78.065558084865955, 39.287758519624106 ], [ -78.065499863255766, 39.287764460740505 ], [ -78.065440480123925, 39.287775038637967 ], [ -78.06538109699207, 39.28778561792442 ], [ -78.0653217138602, 39.287796197209254 ], [ -78.065262330728345, 39.287806776492502 ], [ -78.065204109118142, 39.287812717604766 ], [ -78.065142128058497, 39.287808496599283 ], [ -78.065083632462134, 39.287790363862996 ], [ -78.065026298387451, 39.287767592949692 ], [ -78.064997009715924, 39.287717237716045 ], [ -78.065058483227432, 39.287714598454173 ], [ -78.06512046338878, 39.287718818074858 ], [ -78.065183605970105, 39.287718400910187 ], [ -78.065246748551431, 39.287717982354984 ], [ -78.065309889336106, 39.287717565190306 ], [ -78.065373031019121, 39.287717148025614 ], [ -78.065436173600432, 39.287716729470411 ], [ -78.065494395210635, 39.287710788349955 ], [ -78.06555753689365, 39.287710370490004 ], [ -78.065618356431642, 39.287719228286768 ], [ -78.065686418187454, 39.287724333686661 ], [ -78.065749559870454, 39.287723915826781 ], [ -78.065807781480657, 39.287717974706929 ], [ -78.065867164612513, 39.287707395410273 ], [ -78.065932630237171, 39.287697701891936 ], [ -78.065992013369012, 39.287687123287519 ] ] ] } },
{ "type": "Feature", "properties": { "Wetlands.OBJECTID": 14424771, "Wetlands.ATTRIBUTE": "PFO1B", "Wetlands.WETLAND_TYPE": "Freshwater Forested/Shrub Wetland", "Wetlands.ACRES": 0.40057797649724852, "Wetlands.GLOBALID": "{1D2C7723-6550-4D67-AE16-4DDF60134C93}", "Wetlands.Shape_Length": 235.49082299665702, "Wetlands.Shape_Area": 2710.117303514452, "NWI_Wetland_Codes.OBJECTID": 2760, "NWI_Wetland_Codes.ATTRIBUTE": "PFO1B", "NWI_Wetland_Codes.SYSTEM": "P", "NWI_Wetland_Codes.SYSTEM_NAME": "Palustrine", "NWI_Wetland_Codes.SYSTEM_DEFINITION": "The Palustrine System includes all nontidal wetlands dominated by trees, shrubs, persistent emergents, emergent mosses or lichens, and all such wetlands that occur in tidal areas where salinity due to ocean-derived salts is below 0.5 ppt. It also includes wetlands lacking such vegetation, but with all of the following four characteristics: (1) area less than 8 ha (20 acres); (2) active wave-formed or bedrock shoreline features lacking; (3) water depth in the deepest part of basin less than 2.5 m (8.2 ft) at low water; and (4) salinity due to ocean-derived salts less than 0.5 ppt.", "NWI_Wetland_Codes.SUBSYSTEM": null, "NWI_Wetland_Codes.SUBSYSTEM_NAME": null, "NWI_Wetland_Codes.SUBSYSTEM_DEFINITION": null, "NWI_Wetland_Codes.CLASS": "FO", "NWI_Wetland_Codes.CLASS_NAME": "Forested", "NWI_Wetland_Codes.CLASS_DEFINITION": "Characterized by woody vegetation that is 6 m tall or taller.", "NWI_Wetland_Codes.SUBCLASS": "1", "NWI_Wetland_Codes.SUBCLASS_NAME": "Broad-Leaved Deciduous", "NWI_Wetland_Codes.SUBCLASS_DEFINITION": "Woody angiosperms (trees or shrubs) with relatively wide, flat leaves that are shed during the cold or dry season; e.g., black ash (Fraxinus nigra).", "NWI_Wetland_Codes.SPLIT_CLASS": null, "NWI_Wetland_Codes.SPLIT_CLASS_NAME": null, "NWI_Wetland_Codes.SPLIT_CLASS_DEFINITION": null, "NWI_Wetland_Codes.SPLIT_SUBCLASS": null, "NWI_Wetland_Codes.SPLIT_SUBCLASS_NAME": null, "NWI_Wetland_Codes.SPLIT_SUBCLASS_DEFINITION": null, "NWI_Wetland_Codes.WATER_REGIME": "B", "NWI_Wetland_Codes.WATER_REGIME_NAME": "Seasonally Saturated", "NWI_Wetland_Codes.WATER_REGIME_SUBGROUP": "Nontidal", "NWI_Wetland_Codes.WATER_REGIME_DEFINITION": "The substrate is saturated at or near the surface for extended periods during the growing season, but unsaturated conditions prevail by the end of the season in most years. Surface water is typically absent, but may occur for a few days after heavy rain and upland runoff.", "NWI_Wetland_Codes.MODIFIER1": null, "NWI_Wetland_Codes.MODIFIER1_NAME": null, "NWI_Wetland_Codes.MODIFIER1_GROUP": null, "NWI_Wetland_Codes.MODIFIER1_SUBGROUP": null, "NWI_Wetland_Codes.MODIFIER1_DEFINITION": null, "NWI_Wetland_Codes.MODIFIER2": null, "NWI_Wetland_Codes.MODIFIER2_NAME": null, "NWI_Wetland_Codes.MODIFIER2_GROUP": null, "NWI_Wetland_Codes.MODIFIER2_SUBGROUP": null, "NWI_Wetland_Codes.MODIFIER2_DEFINITION": null, "NWI_Wetland_Codes.Field1": null }, "geometry": { "type": "Polygon", "coordinates": [ [ [ -78.055956911770565, 39.292368812037616 ], [ -78.055922917723564, 39.292335631565649 ], [ -78.055895664634491, 39.29230016586046 ], [ -78.055875609745769, 39.292263913137795 ], [ -78.055871190932891, 39.292220493968536 ], [ -78.055866331945523, 39.292172742793078 ], [ -78.055865445308328, 39.292168494241167 ], [ -78.055863677423844, 39.292164409763274 ], [ -78.055840517059195, 39.292122545763448 ], [ -78.055838480578458, 39.292119443643976 ], [ -78.055835935651231, 39.292116568169597 ], [ -78.055832924498404, 39.292113968006497 ], [ -78.055754229384576, 39.292054301883866 ], [ -78.05575643924017, 39.292048430654582 ], [ -78.055799247556706, 39.292011902489726 ], [ -78.05585876992744, 39.292020575505994 ], [ -78.055916223478079, 39.292037499529719 ], [ -78.055973677927014, 39.292054424939828 ], [ -78.056032167235173, 39.292067224148447 ], [ -78.056089621684123, 39.292084148856134 ], [ -78.056149144054828, 39.292092821863449 ], [ -78.056214078775128, 39.292102283261535 ], [ -78.056270499263178, 39.292123333459877 ], [ -78.056319440378189, 39.292151848341227 ], [ -78.056367348430612, 39.292184488706532 ], [ -78.056415255584696, 39.292217129056553 ], [ -78.056456717326654, 39.29225310718784 ], [ -78.056499213927808, 39.292284958420886 ], [ -78.056527785743725, 39.292327612103385 ], [ -78.056468262474681, 39.292318939125153 ], [ -78.056406672182163, 39.292318517816533 ], [ -78.056346355700725, 39.292335389626096 ], [ -78.056288108039396, 39.292344009069737 ], [ -78.056259467053181, 39.29239115597521 ], [ -78.056248477063988, 39.292435006079735 ], [ -78.056194366144538, 39.292427120807787 ], [ -78.056191217549468, 39.292426773889147 ], [ -78.056130660319539, 39.292422227099941 ], [ -78.056124847321342, 39.292422159662848 ], [ -78.056119099900158, 39.292422823605314 ], [ -78.056113575261151, 39.292424203632343 ], [ -78.056068464562529, 39.292438713033221 ], [ -78.056031210529383, 39.292433285391375 ], [ -78.055997699776029, 39.29240420609954 ], [ -78.055956911770565, 39.292368812037616 ] ] ] } },
{ "type": "Feature", "properties": { "Wetlands.OBJECTID": 14424772, "Wetlands.ATTRIBUTE": "PFO1B", "Wetlands.WETLAND_TYPE": "Freshwater Forested/Shrub Wetland", "Wetlands.ACRES": 0.33834236957554714, "Wetlands.GLOBALID": "{8E2CB865-6260-4B14-9A1B-1A22B8660B95}", "Wetlands.Shape_Length": 265.25440329610558, "Wetlands.Shape_Area": 2289.077338677097, "NWI_Wetland_Codes.OBJECTID": 2760, "NWI_Wetland_Codes.ATTRIBUTE": "PFO1B", "NWI_Wetland_Codes.SYSTEM": "P", "NWI_Wetland_Codes.SYSTEM_NAME": "Palustrine", "NWI_Wetland_Codes.SYSTEM_DEFINITION": "The Palustrine System includes all nontidal wetlands dominated by trees, shrubs, persistent emergents, emergent mosses or lichens, and all such wetlands that occur in tidal areas where salinity due to ocean-derived salts is below 0.5 ppt. It also includes wetlands lacking such vegetation, but with all of the following four characteristics: (1) area less than 8 ha (20 acres); (2) active wave-formed or bedrock shoreline features lacking; (3) water depth in the deepest part of basin less than 2.5 m (8.2 ft) at low water; and (4) salinity due to ocean-derived salts less than 0.5 ppt.", "NWI_Wetland_Codes.SUBSYSTEM": null, "NWI_Wetland_Codes.SUBSYSTEM_NAME": null, "NWI_Wetland_Codes.SUBSYSTEM_DEFINITION": null, "NWI_Wetland_Codes.CLASS": "FO", "NWI_Wetland_Codes.CLASS_NAME": "Forested", "NWI_Wetland_Codes.CLASS_DEFINITION": "Characterized by woody vegetation that is 6 m tall or taller.", "NWI_Wetland_Codes.SUBCLASS": "1", "NWI_Wetland_Codes.SUBCLASS_NAME": "Broad-Leaved Deciduous", "NWI_Wetland_Codes.SUBCLASS_DEFINITION": "Woody angiosperms (trees or shrubs) with relatively wide, flat leaves that are shed during the cold or dry season; e.g., black ash (Fraxinus nigra).", "NWI_Wetland_Codes.SPLIT_CLASS": null, "NWI_Wetland_Codes.SPLIT_CLASS_NAME": null, "NWI_Wetland_Codes.SPLIT_CLASS_DEFINITION": null, "NWI_Wetland_Codes.SPLIT_SUBCLASS": null, "NWI_Wetland_Codes.SPLIT_SUBCLASS_NAME": null, "NWI_Wetland_Codes.SPLIT_SUBCLASS_DEFINITION": null, "NWI_Wetland_Codes.WATER_REGIME": "B", "NWI_Wetland_Codes.WATER_REGIME_NAME": "Seasonally Saturated", "NWI_Wetland_Codes.WATER_REGIME_SUBGROUP": "Nontidal", "NWI_Wetland_Codes.WATER_REGIME_DEFINITION": "The substrate is saturated at or near the surface for extended periods during the growing season, but unsaturated conditions prevail by the end of the season in most years. Surface water is typically absent, but may occur for a few days after heavy rain and upland runoff.", "NWI_Wetland_Codes.MODIFIER1": null, "NWI_Wetland_Codes.MODIFIER1_NAME": null, "NWI_Wetland_Codes.MODIFIER1_GROUP": null, "NWI_Wetland_Codes.MODIFIER1_SUBGROUP": null, "NWI_Wetland_Codes.MODIFIER1_DEFINITION": null, "NWI_Wetland_Codes.MODIFIER2": null, "NWI_Wetland_Codes.MODIFIER2_NAME": null, "NWI_Wetland_Codes.MODIFIER2_GROUP": null, "NWI_Wetland_Codes.MODIFIER2_SUBGROUP": null, "NWI_Wetland_Codes.MODIFIER2_DEFINITION": null, "NWI_Wetland_Codes.Field1": null }, "geometry": { "type": "Polygon", "coordinates": [ [ [ -78.055907770331245, 39.292630723500906 ], [ -78.055848247062215, 39.292622050560254 ], [ -78.055789758652367, 39.292609251452994 ], [ -78.055739782678174, 39.292584862925068 ], [ -78.055703732387514, 39.292549672655809 ], [ -78.055687017435005, 39.292504470406755 ], [ -78.055682158447638, 39.292456719424955 ], [ -78.055688121464499, 39.292410545882575 ], [ -78.055699495932629, 39.292365160003435 ], [ -78.055688191533079, 39.292320746024686 ], [ -78.05568278008181, 39.292319957635307 ], [ -78.055734237377919, 39.292114639599404 ], [ -78.055778512643329, 39.292148209505179 ], [ -78.055796771799791, 39.29218121556314 ], [ -78.055801190612669, 39.292224636147168 ], [ -78.055806049600065, 39.292272386592046 ], [ -78.055806937135557, 39.292276634442473 ], [ -78.055808704121702, 39.292280718913773 ], [ -78.055831864486365, 39.292322584209437 ], [ -78.055833741066991, 39.292325472884713 ], [ -78.055863527405194, 39.292364239521177 ], [ -78.055866150485812, 39.292367186593907 ], [ -78.055902428050246, 39.292402592475568 ], [ -78.055903497045449, 39.29240356648986 ], [ -78.055944958787379, 39.292439544525408 ], [ -78.055986421427647, 39.292475521847173 ], [ -78.055990592305506, 39.292478589884801 ], [ -78.055995368647856, 39.29248109270258 ], [ -78.056000620199015, 39.292482961473105 ], [ -78.056006202330195, 39.292484145444888 ], [ -78.056065725599225, 39.292492818402671 ], [ -78.05607084689467, 39.292493270995465 ], [ -78.056076001427755, 39.292493146549852 ], [ -78.056081075112488, 39.292492447846655 ], [ -78.056085959252698, 39.292491188790471 ], [ -78.056132650087903, 39.292476170494155 ], [ -78.056182754521188, 39.292479933063682 ], [ -78.05623355065724, 39.292487335146866 ], [ -78.056234802010437, 39.292487796777635 ], [ -78.056240688670485, 39.292489068347948 ], [ -78.056246264513462, 39.292489501474421 ], [ -78.056240542245106, 39.292533804805089 ], [ -78.056223757224018, 39.292578401493209 ], [ -78.056186361257048, 39.292615719139064 ], [ -78.056174986788903, 39.292661105551048 ], [ -78.056211037977889, 39.292696295764259 ], [ -78.05626745936425, 39.292717345784013 ], [ -78.056121598114956, 39.292717476486246 ], [ -78.056064142767696, 39.292700551236472 ], [ -78.05600565345955, 39.292687752143571 ], [ -78.055956712344553, 39.292659238175688 ], [ -78.055907770331245, 39.292630723500906 ] ] ] } },
{ "type": "Feature", "properties": { "Wetlands.OBJECTID": 14425189, "Wetlands.ATTRIBUTE": "PSS1/EM1C", "Wetlands.WETLAND_TYPE": "Freshwater Forested/Shrub Wetland", "Wetlands.ACRES": 0.6850493065329184, "Wetlands.GLOBALID": "{EC3048E1-42E5-4FD6-BEAD-60AEAB257409}", "Wetlands.Shape_Length": 436.34995283671992, "Wetlands.Shape_Area": 4636.4961579314222, "NWI_Wetland_Codes.OBJECTID": 4096, "NWI_Wetland_Codes.ATTRIBUTE": "PSS1/EM1C", "NWI_Wetland_Codes.SYSTEM": "P", "NWI_Wetland_Codes.SYSTEM_NAME": "Palustrine", "NWI_Wetland_Codes.SYSTEM_DEFINITION": "The Palustrine System includes all nontidal wetlands dominated by trees, shrubs, persistent emergents, emergent mosses or lichens, and all such wetlands that occur in tidal areas where salinity due to ocean-derived salts is below 0.5 ppt. It also includes wetlands lacking such vegetation, but with all of the following four characteristics: (1) area less than 8 ha (20 acres); (2) active wave-formed or bedrock shoreline features lacking; (3) water depth in the deepest part of basin less than 2.5 m (8.2 ft) at low water; and (4) salinity due to ocean-derived salts less than 0.5 ppt.", "NWI_Wetland_Codes.SUBSYSTEM": null, "NWI_Wetland_Codes.SUBSYSTEM_NAME": null, "NWI_Wetland_Codes.SUBSYSTEM_DEFINITION": null, "NWI_Wetland_Codes.CLASS": "SS", "NWI_Wetland_Codes.CLASS_NAME": "Scrub-Shrub", "NWI_Wetland_Codes.CLASS_DEFINITION": "Includes areas dominated by woody vegetation less than 6 m (20 feet) tall. The species include true shrubs, young trees (saplings), and trees or shrubs that are small or stunted because of environmental conditions.", "NWI_Wetland_Codes.SUBCLASS": "1", "NWI_Wetland_Codes.SUBCLASS_NAME": "Broad-Leaved Deciduous", "NWI_Wetland_Codes.SUBCLASS_DEFINITION": "Woody angiosperms (trees or shrubs) with relatively wide, flat leaves that are shed during the cold or dry season; e.g., black ash (Fraxinus nigra).", "NWI_Wetland_Codes.SPLIT_CLASS": "EM", "NWI_Wetland_Codes.SPLIT_CLASS_NAME": "Emergent", "NWI_Wetland_Codes.SPLIT_CLASS_DEFINITION": "Characterized by erect, rooted, herbaceous hydrophytes, excluding mosses and lichens. This vegetation is present for most of the growing season in most years. These wetlands are usually dominated by perennial plants.", "NWI_Wetland_Codes.SPLIT_SUBCLASS": "1", "NWI_Wetland_Codes.SPLIT_SUBCLASS_NAME": "Persistent", "NWI_Wetland_Codes.SPLIT_SUBCLASS_DEFINITION": "Dominated by species that normally remain standing at least until the beginning of the next growing season. This subclass is found only in the Estuarine and Palustrine systems.", "NWI_Wetland_Codes.WATER_REGIME": "C", "NWI_Wetland_Codes.WATER_REGIME_NAME": "Seasonally Flooded", "NWI_Wetland_Codes.WATER_REGIME_SUBGROUP": "Nontidal", "NWI_Wetland_Codes.WATER_REGIME_DEFINITION": "Surface water is present for extended periods especially early in the growing season, but is absent by the end of the growing season in most years.  The water table after flooding ceases is variable, extending from saturated to the surface to a water table well below the ground surface.", "NWI_Wetland_Codes.MODIFIER1": null, "NWI_Wetland_Codes.MODIFIER1_NAME": null, "NWI_Wetland_Codes.MODIFIER1_GROUP": null, "NWI_Wetland_Codes.MODIFIER1_SUBGROUP": null, "NWI_Wetland_Codes.MODIFIER1_DEFINITION": null, "NWI_Wetland_Codes.MODIFIER2": null, "NWI_Wetland_Codes.MODIFIER2_NAME": null, "NWI_Wetland_Codes.MODIFIER2_GROUP": null, "NWI_Wetland_Codes.MODIFIER2_SUBGROUP": null, "NWI_Wetland_Codes.MODIFIER2_DEFINITION": null, "NWI_Wetland_Codes.Field1": null }, "geometry": { "type": "Polygon", "coordinates": [ [ [ -78.066542953726014, 39.306319135604788 ], [ -78.066533501652614, 39.306302059333277 ], [ -78.066532419182693, 39.306300287549107 ], [ -78.066503362276507, 39.306256931301974 ], [ -78.066500981741001, 39.306253893061964 ], [ -78.066498096352305, 39.306251120346431 ], [ -78.066494755517766, 39.306248662506682 ], [ -78.066491019424504, 39.306246562638435 ], [ -78.066440204423827, 39.306221773623271 ], [ -78.066439259396148, 39.306221329460321 ], [ -78.066407869506122, 39.30620706641043 ], [ -78.066440011020006, 39.306189773882373 ], [ -78.06647977033208, 39.306172596839382 ], [ -78.066521505305531, 39.306158530074114 ], [ -78.066564814061636, 39.306147709117575 ], [ -78.066609279451924, 39.306140238127036 ], [ -78.06663509264061, 39.306137925463425 ], [ -78.066542953726014, 39.306319135604788 ] ] ] } },
{ "type": "Feature", "properties": { "Wetlands.OBJECTID": 14425190, "Wetlands.ATTRIBUTE": "PSS1/EM1C", "Wetlands.WETLAND_TYPE": "Freshwater Forested/Shrub Wetland", "Wetlands.ACRES": 0.25909747815042372, "Wetlands.GLOBALID": "{86DCB24B-E473-4E87-AB2B-8B0CA99D8524}", "Wetlands.Shape_Length": 412.12268846329511, "Wetlands.Shape_Area": 1753.6118253803807, "NWI_Wetland_Codes.OBJECTID": 4096, "NWI_Wetland_Codes.ATTRIBUTE": "PSS1/EM1C", "NWI_Wetland_Codes.SYSTEM": "P", "NWI_Wetland_Codes.SYSTEM_NAME": "Palustrine", "NWI_Wetland_Codes.SYSTEM_DEFINITION": "The Palustrine System includes all nontidal wetlands dominated by trees, shrubs, persistent emergents, emergent mosses or lichens, and all such wetlands that occur in tidal areas where salinity due to ocean-derived salts is below 0.5 ppt. It also includes wetlands lacking such vegetation, but with all of the following four characteristics: (1) area less than 8 ha (20 acres); (2) active wave-formed or bedrock shoreline features lacking; (3) water depth in the deepest part of basin less than 2.5 m (8.2 ft) at low water; and (4) salinity due to ocean-derived salts less than 0.5 ppt.", "NWI_Wetland_Codes.SUBSYSTEM": null, "NWI_Wetland_Codes.SUBSYSTEM_NAME": null, "NWI_Wetland_Codes.SUBSYSTEM_DEFINITION": null, "NWI_Wetland_Codes.CLASS": "SS", "NWI_Wetland_Codes.CLASS_NAME": "Scrub-Shrub", "NWI_Wetland_Codes.CLASS_DEFINITION": "Includes areas dominated by woody vegetation less than 6 m (20 feet) tall. The species include true shrubs, young trees (saplings), and trees or shrubs that are small or stunted because of environmental conditions.", "NWI_Wetland_Codes.SUBCLASS": "1", "NWI_Wetland_Codes.SUBCLASS_NAME": "Broad-Leaved Deciduous", "NWI_Wetland_Codes.SUBCLASS_DEFINITION": "Woody angiosperms (trees or shrubs) with relatively wide, flat leaves that are shed during the cold or dry season; e.g., black ash (Fraxinus nigra).", "NWI_Wetland_Codes.SPLIT_CLASS": "EM", "NWI_Wetland_Codes.SPLIT_CLASS_NAME": "Emergent", "NWI_Wetland_Codes.SPLIT_CLASS_DEFINITION": "Characterized by erect, rooted, herbaceous hydrophytes, excluding mosses and lichens. This vegetation is present for most of the growing season in most years. These wetlands are usually dominated by perennial plants.", "NWI_Wetland_Codes.SPLIT_SUBCLASS": "1", "NWI_Wetland_Codes.SPLIT_SUBCLASS_NAME": "Persistent", "NWI_Wetland_Codes.SPLIT_SUBCLASS_DEFINITION": "Dominated by species that normally remain standing at least until the beginning of the next growing season. This subclass is found only in the Estuarine and Palustrine systems.", "NWI_Wetland_Codes.WATER_REGIME": "C", "NWI_Wetland_Codes.WATER_REGIME_NAME": "Seasonally Flooded", "NWI_Wetland_Codes.WATER_REGIME_SUBGROUP": "Nontidal", "NWI_Wetland_Codes.WATER_REGIME_DEFINITION": "Surface water is present for extended periods especially early in the growing season, but is absent by the end of the growing season in most years.  The water table after flooding ceases is variable, extending from saturated to the surface to a water table well below the ground surface.", "NWI_Wetland_Codes.MODIFIER1": null, "NWI_Wetland_Codes.MODIFIER1_NAME": null, "NWI_Wetland_Codes.MODIFIER1_GROUP": null, "NWI_Wetland_Codes.MODIFIER1_SUBGROUP": null, "NWI_Wetland_Codes.MODIFIER1_DEFINITION": null, "NWI_Wetland_Codes.MODIFIER2": null, "NWI_Wetland_Codes.MODIFIER2_NAME": null, "NWI_Wetland_Codes.MODIFIER2_GROUP": null, "NWI_Wetland_Codes.MODIFIER2_SUBGROUP": null, "NWI_Wetland_Codes.MODIFIER2_DEFINITION": null, "NWI_Wetland_Codes.Field1": null }, "geometry": { "type": "Polygon", "coordinates": [ [ [ -78.066402832711375, 39.306267100473029 ], [ -78.066445156835996, 39.306287746735649 ], [ -78.066469300855871, 39.306323771158048 ], [ -78.06649235701596, 39.306365427870517 ], [ -78.066494232698275, 39.306368315966381 ], [ -78.066500552346298, 39.306376537481427 ], [ -78.066465980682594, 39.306407334790158 ], [ -78.066407560544718, 39.306390134119205 ], [ -78.066349141305167, 39.306372934139127 ], [ -78.066299376435055, 39.306343951693947 ], [ -78.066275157293774, 39.306307813395883 ], [ -78.066295551394887, 39.306287838931361 ], [ -78.066327180634104, 39.306262434979523 ], [ -78.066337367542843, 39.306255018434662 ], [ -78.066347554445628, 39.306247601978832 ], [ -78.06635230489546, 39.306244143468348 ], [ -78.066402832711375, 39.306267100473029 ] ] ] } },
{ "type": "Feature", "properties": { "Wetlands.OBJECTID": 14425873, "Wetlands.ATTRIBUTE": "PUBHh", "Wetlands.WETLAND_TYPE": "Freshwater Pond", "Wetlands.ACRES": 0.222948398428508, "Wetlands.GLOBALID": "{86CC2A53-3FC5-4EDC-BFED-0677819BDA89}", "Wetlands.Shape_Length": 144.64601212139971, "Wetlands.Shape_Area": 1508.3747627550263, "NWI_Wetland_Codes.OBJECTID": 5472, "NWI_Wetland_Codes.ATTRIBUTE": "PUBHh", "NWI_Wetland_Codes.SYSTEM": "P", "NWI_Wetland_Codes.SYSTEM_NAME": "Palustrine", "NWI_Wetland_Codes.SYSTEM_DEFINITION": "The Palustrine System includes all nontidal wetlands dominated by trees, shrubs, persistent emergents, emergent mosses or lichens, and all such wetlands that occur in tidal areas where salinity due to ocean-derived salts is below 0.5 ppt. It also includes wetlands lacking such vegetation, but with all of the following four characteristics: (1) area less than 8 ha (20 acres); (2) active wave-formed or bedrock shoreline features lacking; (3) water depth in the deepest part of basin less than 2.5 m (8.2 ft) at low water; and (4) salinity due to ocean-derived salts less than 0.5 ppt.", "NWI_Wetland_Codes.SUBSYSTEM": null, "NWI_Wetland_Codes.SUBSYSTEM_NAME": null, "NWI_Wetland_Codes.SUBSYSTEM_DEFINITION": null, "NWI_Wetland_Codes.CLASS": "UB", "NWI_Wetland_Codes.CLASS_NAME": "Unconsolidated Bottom", "NWI_Wetland_Codes.CLASS_DEFINITION": "Includes all wetlands and deepwater habitats with at least 25% cover of particles smaller than stones (less than 6-7 cm), and a vegetative cover less than 30%.", "NWI_Wetland_Codes.SUBCLASS": null, "NWI_Wetland_Codes.SUBCLASS_NAME": null, "NWI_Wetland_Codes.SUBCLASS_DEFINITION": null, "NWI_Wetland_Codes.SPLIT_CLASS": null, "NWI_Wetland_Codes.SPLIT_CLASS_NAME": null, "NWI_Wetland_Codes.SPLIT_CLASS_DEFINITION": null, "NWI_Wetland_Codes.SPLIT_SUBCLASS": null, "NWI_Wetland_Codes.SPLIT_SUBCLASS_NAME": null, "NWI_Wetland_Codes.SPLIT_SUBCLASS_DEFINITION": null, "NWI_Wetland_Codes.WATER_REGIME": "H", "NWI_Wetland_Codes.WATER_REGIME_NAME": "Permanently Flooded", "NWI_Wetland_Codes.WATER_REGIME_SUBGROUP": "Nontidal", "NWI_Wetland_Codes.WATER_REGIME_DEFINITION": "Water covers the substrate throughout the year in all years.", "NWI_Wetland_Codes.MODIFIER1": "h", "NWI_Wetland_Codes.MODIFIER1_NAME": "Diked/Impounded", "NWI_Wetland_Codes.MODIFIER1_GROUP": "Special Modifier", "NWI_Wetland_Codes.MODIFIER1_SUBGROUP": null, "NWI_Wetland_Codes.MODIFIER1_DEFINITION": "These wetlands have been created or modified by a man-made barrier or dam that obstructs the inflow or outflow of water.", "NWI_Wetland_Codes.MODIFIER2": null, "NWI_Wetland_Codes.MODIFIER2_NAME": null, "NWI_Wetland_Codes.MODIFIER2_GROUP": null, "NWI_Wetland_Codes.MODIFIER2_SUBGROUP": null, "NWI_Wetland_Codes.MODIFIER2_DEFINITION": null, "NWI_Wetland_Codes.Field1": null }, "geometry": { "type": "Polygon", "coordinates": [ [ [ -78.074302348723648, 39.292409763751266 ], [ -78.074515755197496, 39.292447001535827 ], [ -78.074571905292672, 39.292456799376126 ], [ -78.074618518872725, 39.292497231703749 ], [ -78.07457561353813, 39.292567895234377 ], [ -78.074550676305847, 39.292617139485394 ], [ -78.074513574986312, 39.292664614353328 ], [ -78.074419132405538, 39.292689321961809 ], [ -78.074343821245378, 39.292687973920394 ], [ -78.074267071882446, 39.292667188772683 ], [ -78.074199888678976, 39.292633376481973 ], [ -78.074148353229447, 39.292587419966665 ], [ -78.074160348433438, 39.292539509139317 ], [ -78.074166931287834, 39.292513216360831 ], [ -78.074188167461145, 39.292492016805895 ], [ -78.074208954476831, 39.292471264970871 ], [ -78.074250977665812, 39.29242931355585 ], [ -78.074267786043094, 39.292412532843748 ], [ -78.074302348723648, 39.292409763751266 ] ] ] } },
{ "type": "Feature", "properties": { "Wetlands.OBJECTID": 14425881, "Wetlands.ATTRIBUTE": "PUBHh", "Wetlands.WETLAND_TYPE": "Freshwater Pond", "Wetlands.ACRES": 0.11350918211806799, "Wetlands.GLOBALID": "{F39D61E8-2201-49E2-BC85-AA5E4B5C5DF5}", "Wetlands.Shape_Length": 111.05432908157916, "Wetlands.Shape_Area": 767.91725200339943, "NWI_Wetland_Codes.OBJECTID": 5472, "NWI_Wetland_Codes.ATTRIBUTE": "PUBHh", "NWI_Wetland_Codes.SYSTEM": "P", "NWI_Wetland_Codes.SYSTEM_NAME": "Palustrine", "NWI_Wetland_Codes.SYSTEM_DEFINITION": "The Palustrine System includes all nontidal wetlands dominated by trees, shrubs, persistent emergents, emergent mosses or lichens, and all such wetlands that occur in tidal areas where salinity due to ocean-derived salts is below 0.5 ppt. It also includes wetlands lacking such vegetation, but with all of the following four characteristics: (1) area less than 8 ha (20 acres); (2) active wave-formed or bedrock shoreline features lacking; (3) water depth in the deepest part of basin less than 2.5 m (8.2 ft) at low water; and (4) salinity due to ocean-derived salts less than 0.5 ppt.", "NWI_Wetland_Codes.SUBSYSTEM": null, "NWI_Wetland_Codes.SUBSYSTEM_NAME": null, "NWI_Wetland_Codes.SUBSYSTEM_DEFINITION": null, "NWI_Wetland_Codes.CLASS": "UB", "NWI_Wetland_Codes.CLASS_NAME": "Unconsolidated Bottom", "NWI_Wetland_Codes.CLASS_DEFINITION": "Includes all wetlands and deepwater habitats with at least 25% cover of particles smaller than stones (less than 6-7 cm), and a vegetative cover less than 30%.", "NWI_Wetland_Codes.SUBCLASS": null, "NWI_Wetland_Codes.SUBCLASS_NAME": null, "NWI_Wetland_Codes.SUBCLASS_DEFINITION": null, "NWI_Wetland_Codes.SPLIT_CLASS": null, "NWI_Wetland_Codes.SPLIT_CLASS_NAME": null, "NWI_Wetland_Codes.SPLIT_CLASS_DEFINITION": null, "NWI_Wetland_Codes.SPLIT_SUBCLASS": null, "NWI_Wetland_Codes.SPLIT_SUBCLASS_NAME": null, "NWI_Wetland_Codes.SPLIT_SUBCLASS_DEFINITION": null, "NWI_Wetland_Codes.WATER_REGIME": "H", "NWI_Wetland_Codes.WATER_REGIME_NAME": "Permanently Flooded", "NWI_Wetland_Codes.WATER_REGIME_SUBGROUP": "Nontidal", "NWI_Wetland_Codes.WATER_REGIME_DEFINITION": "Water covers the substrate throughout the year in all years.", "NWI_Wetland_Codes.MODIFIER1": "h", "NWI_Wetland_Codes.MODIFIER1_NAME": "Diked/Impounded", "NWI_Wetland_Codes.MODIFIER1_GROUP": "Special Modifier", "NWI_Wetland_Codes.MODIFIER1_SUBGROUP": null, "NWI_Wetland_Codes.MODIFIER1_DEFINITION": "These wetlands have been created or modified by a man-made barrier or dam that obstructs the inflow or outflow of water.", "NWI_Wetland_Codes.MODIFIER2": null, "NWI_Wetland_Codes.MODIFIER2_NAME": null, "NWI_Wetland_Codes.MODIFIER2_GROUP": null, "NWI_Wetland_Codes.MODIFIER2_SUBGROUP": null, "NWI_Wetland_Codes.MODIFIER2_DEFINITION": null, "NWI_Wetland_Codes.Field1": null }, "geometry": { "type": "Polygon", "coordinates": [ [ [ -78.048069080145169, 39.290697098342882 ], [ -78.048105290335968, 39.290722336422036 ], [ -78.048131147443101, 39.29074035994104 ], [ -78.048103525146416, 39.290756810117593 ], [ -78.048084995597051, 39.290767845728965 ], [ -78.048038842852705, 39.290795332201405 ], [ -78.048001442394181, 39.290832647321309 ], [ -78.047950913956072, 39.290855218398406 ], [ -78.04789163233383, 39.290867959425789 ], [ -78.047829008080427, 39.290871660205063 ], [ -78.047786515970856, 39.290839805548195 ], [ -78.047776953404679, 39.29082251623209 ], [ -78.047763360996115, 39.290797940061182 ], [ -78.047748471420263, 39.290766983626206 ], [ -78.047741239083919, 39.290751947579018 ], [ -78.047758030393211, 39.290707351118137 ], [ -78.047820653748289, 39.290703650330158 ], [ -78.047883278001692, 39.290699948846779 ], [ -78.047946937114304, 39.290692123170501 ], [ -78.048008526508511, 39.290692547965129 ], [ -78.048069080145169, 39.290697098342882 ] ] ] } },
{ "type": "Feature", "properties": { "Wetlands.OBJECTID": 14425882, "Wetlands.ATTRIBUTE": "PUBHh", "Wetlands.WETLAND_TYPE": "Freshwater Pond", "Wetlands.ACRES": 0.12561336450524116, "Wetlands.GLOBALID": "{D7E72A58-243F-416E-BF0C-5850997A378D}", "Wetlands.Shape_Length": 129.42576321470835, "Wetlands.Shape_Area": 849.80153871762525, "NWI_Wetland_Codes.OBJECTID": 5472, "NWI_Wetland_Codes.ATTRIBUTE": "PUBHh", "NWI_Wetland_Codes.SYSTEM": "P", "NWI_Wetland_Codes.SYSTEM_NAME": "Palustrine", "NWI_Wetland_Codes.SYSTEM_DEFINITION": "The Palustrine System includes all nontidal wetlands dominated by trees, shrubs, persistent emergents, emergent mosses or lichens, and all such wetlands that occur in tidal areas where salinity due to ocean-derived salts is below 0.5 ppt. It also includes wetlands lacking such vegetation, but with all of the following four characteristics: (1) area less than 8 ha (20 acres); (2) active wave-formed or bedrock shoreline features lacking; (3) water depth in the deepest part of basin less than 2.5 m (8.2 ft) at low water; and (4) salinity due to ocean-derived salts less than 0.5 ppt.", "NWI_Wetland_Codes.SUBSYSTEM": null, "NWI_Wetland_Codes.SUBSYSTEM_NAME": null, "NWI_Wetland_Codes.SUBSYSTEM_DEFINITION": null, "NWI_Wetland_Codes.CLASS": "UB", "NWI_Wetland_Codes.CLASS_NAME": "Unconsolidated Bottom", "NWI_Wetland_Codes.CLASS_DEFINITION": "Includes all wetlands and deepwater habitats with at least 25% cover of particles smaller than stones (less than 6-7 cm), and a vegetative cover less than 30%.", "NWI_Wetland_Codes.SUBCLASS": null, "NWI_Wetland_Codes.SUBCLASS_NAME": null, "NWI_Wetland_Codes.SUBCLASS_DEFINITION": null, "NWI_Wetland_Codes.SPLIT_CLASS": null, "NWI_Wetland_Codes.SPLIT_CLASS_NAME": null, "NWI_Wetland_Codes.SPLIT_CLASS_DEFINITION": null, "NWI_Wetland_Codes.SPLIT_SUBCLASS": null, "NWI_Wetland_Codes.SPLIT_SUBCLASS_NAME": null, "NWI_Wetland_Codes.SPLIT_SUBCLASS_DEFINITION": null, "NWI_Wetland_Codes.WATER_REGIME": "H", "NWI_Wetland_Codes.WATER_REGIME_NAME": "Permanently Flooded", "NWI_Wetland_Codes.WATER_REGIME_SUBGROUP": "Nontidal", "NWI_Wetland_Codes.WATER_REGIME_DEFINITION": "Water covers the substrate throughout the year in all years.", "NWI_Wetland_Codes.MODIFIER1": "h", "NWI_Wetland_Codes.MODIFIER1_NAME": "Diked/Impounded", "NWI_Wetland_Codes.MODIFIER1_GROUP": "Special Modifier", "NWI_Wetland_Codes.MODIFIER1_SUBGROUP": null, "NWI_Wetland_Codes.MODIFIER1_DEFINITION": "These wetlands have been created or modified by a man-made barrier or dam that obstructs the inflow or outflow of water.", "NWI_Wetland_Codes.MODIFIER2": null, "NWI_Wetland_Codes.MODIFIER2_NAME": null, "NWI_Wetland_Codes.MODIFIER2_GROUP": null, "NWI_Wetland_Codes.MODIFIER2_SUBGROUP": null, "NWI_Wetland_Codes.MODIFIER2_DEFINITION": null, "NWI_Wetland_Codes.Field1": null }, "geometry": { "type": "Polygon", "coordinates": [ [ [ -78.046211454867461, 39.290567415589337 ], [ -78.046274079120849, 39.290563714794018 ], [ -78.046333598796622, 39.290572392856376 ], [ -78.046383570279275, 39.290596785561469 ], [ -78.046442055095824, 39.290609587817563 ], [ -78.046501575669922, 39.290618265178956 ], [ -78.046551546254236, 39.290642657868133 ], [ -78.04655132526868, 39.290649747980375 ], [ -78.046549953541231, 39.29069374726258 ], [ -78.04654891958036, 39.290697872845669 ], [ -78.046539794493683, 39.29070194906614 ], [ -78.04649839024394, 39.290720443270928 ], [ -78.046437834810632, 39.290715891504234 ], [ -78.046377280275635, 39.290711339737172 ], [ -78.046317759701537, 39.290702662387311 ], [ -78.046258239127468, 39.290693985036306 ], [ -78.046198719451667, 39.290685306989026 ], [ -78.046139198877569, 39.290676629635946 ], [ -78.046080713162695, 39.290663826001669 ], [ -78.04607066460791, 39.2906429317948 ], [ -78.046058593047135, 39.290617833431398 ], [ -78.046077477431027, 39.290595340145359 ], [ -78.046090582952729, 39.29057972978805 ], [ -78.046149865473254, 39.290566988708221 ], [ -78.046211454867461, 39.290567415589337 ] ] ] } },
{ "type": "Feature", "properties": { "Wetlands.OBJECTID": 14425883, "Wetlands.ATTRIBUTE": "PUBHh", "Wetlands.WETLAND_TYPE": "Freshwater Pond", "Wetlands.ACRES": 0.16270648736238291, "Wetlands.GLOBALID": "{EA402847-19AB-4048-B964-6E76B5CFAC45}", "Wetlands.Shape_Length": 136.78252797715689, "Wetlands.Shape_Area": 1100.7340749938535, "NWI_Wetland_Codes.OBJECTID": 5472, "NWI_Wetland_Codes.ATTRIBUTE": "PUBHh", "NWI_Wetland_Codes.SYSTEM": "P", "NWI_Wetland_Codes.SYSTEM_NAME": "Palustrine", "NWI_Wetland_Codes.SYSTEM_DEFINITION": "The Palustrine System includes all nontidal wetlands dominated by trees, shrubs, persistent emergents, emergent mosses or lichens, and all such wetlands that occur in tidal areas where salinity due to ocean-derived salts is below 0.5 ppt. It also includes wetlands lacking such vegetation, but with all of the following four characteristics: (1) area less than 8 ha (20 acres); (2) active wave-formed or bedrock shoreline features lacking; (3) water depth in the deepest part of basin less than 2.5 m (8.2 ft) at low water; and (4) salinity due to ocean-derived salts less than 0.5 ppt.", "NWI_Wetland_Codes.SUBSYSTEM": null, "NWI_Wetland_Codes.SUBSYSTEM_NAME": null, "NWI_Wetland_Codes.SUBSYSTEM_DEFINITION": null, "NWI_Wetland_Codes.CLASS": "UB", "NWI_Wetland_Codes.CLASS_NAME": "Unconsolidated Bottom", "NWI_Wetland_Codes.CLASS_DEFINITION": "Includes all wetlands and deepwater habitats with at least 25% cover of particles smaller than stones (less than 6-7 cm), and a vegetative cover less than 30%.", "NWI_Wetland_Codes.SUBCLASS": null, "NWI_Wetland_Codes.SUBCLASS_NAME": null, "NWI_Wetland_Codes.SUBCLASS_DEFINITION": null, "NWI_Wetland_Codes.SPLIT_CLASS": null, "NWI_Wetland_Codes.SPLIT_CLASS_NAME": null, "NWI_Wetland_Codes.SPLIT_CLASS_DEFINITION": null, "NWI_Wetland_Codes.SPLIT_SUBCLASS": null, "NWI_Wetland_Codes.SPLIT_SUBCLASS_NAME": null, "NWI_Wetland_Codes.SPLIT_SUBCLASS_DEFINITION": null, "NWI_Wetland_Codes.WATER_REGIME": "H", "NWI_Wetland_Codes.WATER_REGIME_NAME": "Permanently Flooded", "NWI_Wetland_Codes.WATER_REGIME_SUBGROUP": "Nontidal", "NWI_Wetland_Codes.WATER_REGIME_DEFINITION": "Water covers the substrate throughout the year in all years.", "NWI_Wetland_Codes.MODIFIER1": "h", "NWI_Wetland_Codes.MODIFIER1_NAME": "Diked/Impounded", "NWI_Wetland_Codes.MODIFIER1_GROUP": "Special Modifier", "NWI_Wetland_Codes.MODIFIER1_SUBGROUP": null, "NWI_Wetland_Codes.MODIFIER1_DEFINITION": "These wetlands have been created or modified by a man-made barrier or dam that obstructs the inflow or outflow of water.", "NWI_Wetland_Codes.MODIFIER2": null, "NWI_Wetland_Codes.MODIFIER2_NAME": null, "NWI_Wetland_Codes.MODIFIER2_GROUP": null, "NWI_Wetland_Codes.MODIFIER2_SUBGROUP": null, "NWI_Wetland_Codes.MODIFIER2_DEFINITION": null, "NWI_Wetland_Codes.Field1": null }, "geometry": { "type": "Polygon", "coordinates": [ [ [ -78.04301626508115, 39.29029186466488 ], [ -78.043012051982473, 39.29029152121192 ], [ -78.04301344526948, 39.290280745548543 ], [ -78.043068351197945, 39.290263091783835 ], [ -78.043130975451348, 39.290259393058186 ], [ -78.043181506584389, 39.290236824570016 ], [ -78.04322766022706, 39.290209340659366 ], [ -78.043289249621267, 39.290209767542684 ], [ -78.043345664719411, 39.290230824567189 ], [ -78.043381707823556, 39.290266017392277 ], [ -78.043408898928888, 39.290292566866221 ], [ -78.043417751826027, 39.290301210199758 ], [ -78.043435598655776, 39.290309922361779 ], [ -78.043438420264081, 39.290337701018316 ], [ -78.043439697668433, 39.290350277366038 ], [ -78.04338854220623, 39.290395316927189 ], [ -78.04332925968572, 39.290408055952518 ], [ -78.043266635432303, 39.290411754670366 ], [ -78.043207352911736, 39.290424494387928 ], [ -78.043148070391211, 39.290437233408007 ], [ -78.043087515856243, 39.290432680232314 ], [ -78.043030065898876, 39.290415748868234 ], [ -78.043006913619038, 39.290373882432476 ], [ -78.043007047468024, 39.290362577002675 ], [ -78.043014936472844, 39.290362153596561 ], [ -78.043022846138925, 39.290360629612515 ], [ -78.043030290477674, 39.29035808222303 ], [ -78.043037039520414, 39.290354587905369 ], [ -78.043042891146172, 39.290350252337078 ], [ -78.043047667488537, 39.29034520831042 ], [ -78.043051221223791, 39.290339608084693 ], [ -78.043053446350754, 39.290333622690881 ], [ -78.043054274597452, 39.290327433588764 ], [ -78.043053681709353, 39.29032122919061 ], [ -78.043051682957838, 39.290315197213538 ], [ -78.043048342123299, 39.290309521203319 ], [ -78.043043759817053, 39.290304374276928 ], [ -78.043038073481299, 39.290299912865457 ], [ -78.043031459185855, 39.290296271152158 ], [ -78.043024114560097, 39.29029356107209 ], [ -78.04301626508115, 39.29029186466488 ] ] ] } },
{ "type": "Feature", "properties": { "Wetlands.OBJECTID": 14425886, "Wetlands.ATTRIBUTE": "PUBHh", "Wetlands.WETLAND_TYPE": "Freshwater Pond", "Wetlands.ACRES": 0.71446223158815381, "Wetlands.GLOBALID": "{366AF452-CCB3-4324-96A3-1A64B28CEE07}", "Wetlands.Shape_Length": 274.6924301696115, "Wetlands.Shape_Area": 4833.7543213057725, "NWI_Wetland_Codes.OBJECTID": 5472, "NWI_Wetland_Codes.ATTRIBUTE": "PUBHh", "NWI_Wetland_Codes.SYSTEM": "P", "NWI_Wetland_Codes.SYSTEM_NAME": "Palustrine", "NWI_Wetland_Codes.SYSTEM_DEFINITION": "The Palustrine System includes all nontidal wetlands dominated by trees, shrubs, persistent emergents, emergent mosses or lichens, and all such wetlands that occur in tidal areas where salinity due to ocean-derived salts is below 0.5 ppt. It also includes wetlands lacking such vegetation, but with all of the following four characteristics: (1) area less than 8 ha (20 acres); (2) active wave-formed or bedrock shoreline features lacking; (3) water depth in the deepest part of basin less than 2.5 m (8.2 ft) at low water; and (4) salinity due to ocean-derived salts less than 0.5 ppt.", "NWI_Wetland_Codes.SUBSYSTEM": null, "NWI_Wetland_Codes.SUBSYSTEM_NAME": null, "NWI_Wetland_Codes.SUBSYSTEM_DEFINITION": null, "NWI_Wetland_Codes.CLASS": "UB", "NWI_Wetland_Codes.CLASS_NAME": "Unconsolidated Bottom", "NWI_Wetland_Codes.CLASS_DEFINITION": "Includes all wetlands and deepwater habitats with at least 25% cover of particles smaller than stones (less than 6-7 cm), and a vegetative cover less than 30%.", "NWI_Wetland_Codes.SUBCLASS": null, "NWI_Wetland_Codes.SUBCLASS_NAME": null, "NWI_Wetland_Codes.SUBCLASS_DEFINITION": null, "NWI_Wetland_Codes.SPLIT_CLASS": null, "NWI_Wetland_Codes.SPLIT_CLASS_NAME": null, "NWI_Wetland_Codes.SPLIT_CLASS_DEFINITION": null, "NWI_Wetland_Codes.SPLIT_SUBCLASS": null, "NWI_Wetland_Codes.SPLIT_SUBCLASS_NAME": null, "NWI_Wetland_Codes.SPLIT_SUBCLASS_DEFINITION": null, "NWI_Wetland_Codes.WATER_REGIME": "H", "NWI_Wetland_Codes.WATER_REGIME_NAME": "Permanently Flooded", "NWI_Wetland_Codes.WATER_REGIME_SUBGROUP": "Nontidal", "NWI_Wetland_Codes.WATER_REGIME_DEFINITION": "Water covers the substrate throughout the year in all years.", "NWI_Wetland_Codes.MODIFIER1": "h", "NWI_Wetland_Codes.MODIFIER1_NAME": "Diked/Impounded", "NWI_Wetland_Codes.MODIFIER1_GROUP": "Special Modifier", "NWI_Wetland_Codes.MODIFIER1_SUBGROUP": null, "NWI_Wetland_Codes.MODIFIER1_DEFINITION": "These wetlands have been created or modified by a man-made barrier or dam that obstructs the inflow or outflow of water.", "NWI_Wetland_Codes.MODIFIER2": null, "NWI_Wetland_Codes.MODIFIER2_NAME": null, "NWI_Wetland_Codes.MODIFIER2_GROUP": null, "NWI_Wetland_Codes.MODIFIER2_SUBGROUP": null, "NWI_Wetland_Codes.MODIFIER2_DEFINITION": null, "NWI_Wetland_Codes.Field1": null }, "geometry": { "type": "Polygon", "coordinates": [ [ [ -78.056508654323096, 39.292739659715714 ], [ -78.056449131054066, 39.292730986788513 ], [ -78.056388573824137, 39.292726439323815 ], [ -78.056326982633308, 39.292726018712898 ], [ -78.05626745936425, 39.292717345784013 ], [ -78.056211037977889, 39.292696295764259 ], [ -78.056174986788903, 39.292661105551048 ], [ -78.056186361257048, 39.292615719139064 ], [ -78.056223757224018, 39.292578401493209 ], [ -78.056240542245106, 39.292533804805089 ], [ -78.056246264513462, 39.292489501474421 ], [ -78.056246505261939, 39.292487630618353 ], [ -78.056248092585065, 39.292436541837496 ], [ -78.056248477063988, 39.292435006079735 ], [ -78.056259467053181, 39.29239115597521 ], [ -78.056288108039396, 39.292344009069737 ], [ -78.056346355700725, 39.292335389626096 ], [ -78.056406672182163, 39.292318517816533 ], [ -78.056468262474681, 39.292318939125153 ], [ -78.056527785743725, 39.292327612103385 ], [ -78.056587309012784, 39.292336285080559 ], [ -78.056646831383489, 39.292344957361401 ], [ -78.056696807357682, 39.292369345277713 ], [ -78.05674574937099, 39.292397860058884 ], [ -78.056794691384312, 39.292426373438019 ], [ -78.056851111872362, 39.292447424234147 ], [ -78.056901087846569, 39.292471812114755 ], [ -78.056951063820748, 39.292496200682066 ], [ -78.057007484308798, 39.292517251457213 ], [ -78.057064939656044, 39.292534174665683 ], [ -78.0570945463312, 39.292572702724001 ], [ -78.057062560917188, 39.292610808759008 ], [ -78.057030576401516, 39.292648915468469 ], [ -78.0569886053148, 39.29272024487139 ], [ -78.056974284372544, 39.292744584686453 ], [ -78.056945796998249, 39.292760065249404 ], [ -78.056907807244883, 39.292780709934313 ], [ -78.056857280603396, 39.292803284554779 ], [ -78.056799032043756, 39.292811904636011 ], [ -78.056739508774712, 39.292803232412993 ], [ -78.056682053427451, 39.292786307183931 ], [ -78.056623564119292, 39.292773508801943 ], [ -78.056567142732945, 39.292752457408653 ], [ -78.056508654323096, 39.292739659715714 ] ] ] } },
{ "type": "Feature", "properties": { "Wetlands.OBJECTID": 14425887, "Wetlands.ATTRIBUTE": "PUBHh", "Wetlands.WETLAND_TYPE": "Freshwater Pond", "Wetlands.ACRES": 0.35886881407013405, "Wetlands.GLOBALID": "{D005D7F5-BAF7-4BC3-80E3-1BDFFB47BCA9}", "Wetlands.Shape_Length": 187.7353147721513, "Wetlands.Shape_Area": 2428.1259127057278, "NWI_Wetland_Codes.OBJECTID": 5472, "NWI_Wetland_Codes.ATTRIBUTE": "PUBHh", "NWI_Wetland_Codes.SYSTEM": "P", "NWI_Wetland_Codes.SYSTEM_NAME": "Palustrine", "NWI_Wetland_Codes.SYSTEM_DEFINITION": "The Palustrine System includes all nontidal wetlands dominated by trees, shrubs, persistent emergents, emergent mosses or lichens, and all such wetlands that occur in tidal areas where salinity due to ocean-derived salts is below 0.5 ppt. It also includes wetlands lacking such vegetation, but with all of the following four characteristics: (1) area less than 8 ha (20 acres); (2) active wave-formed or bedrock shoreline features lacking; (3) water depth in the deepest part of basin less than 2.5 m (8.2 ft) at low water; and (4) salinity due to ocean-derived salts less than 0.5 ppt.", "NWI_Wetland_Codes.SUBSYSTEM": null, "NWI_Wetland_Codes.SUBSYSTEM_NAME": null, "NWI_Wetland_Codes.SUBSYSTEM_DEFINITION": null, "NWI_Wetland_Codes.CLASS": "UB", "NWI_Wetland_Codes.CLASS_NAME": "Unconsolidated Bottom", "NWI_Wetland_Codes.CLASS_DEFINITION": "Includes all wetlands and deepwater habitats with at least 25% cover of particles smaller than stones (less than 6-7 cm), and a vegetative cover less than 30%.", "NWI_Wetland_Codes.SUBCLASS": null, "NWI_Wetland_Codes.SUBCLASS_NAME": null, "NWI_Wetland_Codes.SUBCLASS_DEFINITION": null, "NWI_Wetland_Codes.SPLIT_CLASS": null, "NWI_Wetland_Codes.SPLIT_CLASS_NAME": null, "NWI_Wetland_Codes.SPLIT_CLASS_DEFINITION": null, "NWI_Wetland_Codes.SPLIT_SUBCLASS": null, "NWI_Wetland_Codes.SPLIT_SUBCLASS_NAME": null, "NWI_Wetland_Codes.SPLIT_SUBCLASS_DEFINITION": null, "NWI_Wetland_Codes.WATER_REGIME": "H", "NWI_Wetland_Codes.WATER_REGIME_NAME": "Permanently Flooded", "NWI_Wetland_Codes.WATER_REGIME_SUBGROUP": "Nontidal", "NWI_Wetland_Codes.WATER_REGIME_DEFINITION": "Water covers the substrate throughout the year in all years.", "NWI_Wetland_Codes.MODIFIER1": "h", "NWI_Wetland_Codes.MODIFIER1_NAME": "Diked/Impounded", "NWI_Wetland_Codes.MODIFIER1_GROUP": "Special Modifier", "NWI_Wetland_Codes.MODIFIER1_SUBGROUP": null, "NWI_Wetland_Codes.MODIFIER1_DEFINITION": "These wetlands have been created or modified by a man-made barrier or dam that obstructs the inflow or outflow of water.", "NWI_Wetland_Codes.MODIFIER2": null, "NWI_Wetland_Codes.MODIFIER2_NAME": null, "NWI_Wetland_Codes.MODIFIER2_GROUP": null, "NWI_Wetland_Codes.MODIFIER2_SUBGROUP": null, "NWI_Wetland_Codes.MODIFIER2_DEFINITION": null, "NWI_Wetland_Codes.Field1": null }, "geometry": { "type": "Polygon", "coordinates": [ [ [ -78.070529483819158, 39.294829341530374 ], [ -78.070563404204293, 39.294835879226873 ], [ -78.070591585253069, 39.294841311548915 ], [ -78.070688790153341, 39.294847726193311 ], [ -78.070749892660643, 39.29488065589684 ], [ -78.070767254400153, 39.294912024158897 ], [ -78.070706094400634, 39.294980029579627 ], [ -78.070659422430069, 39.29504053092721 ], [ -78.070647808111744, 39.295086907819588 ], [ -78.070639678358447, 39.295119372321231 ], [ -78.070584326865571, 39.295164189826686 ], [ -78.07049104041657, 39.295184256091247 ], [ -78.070398640604779, 39.295175611274871 ], [ -78.070315807850719, 39.295153938399224 ], [ -78.070235297241723, 39.295122990146872 ], [ -78.070192444009422, 39.295092717616441 ], [ -78.070190456037665, 39.295025132207051 ], [ -78.070235140036544, 39.294897046008408 ], [ -78.070267324876539, 39.294844049956282 ], [ -78.070297636729165, 39.294845706626667 ], [ -78.070373051195588, 39.29484982848912 ], [ -78.070374054613765, 39.294849697095614 ], [ -78.070494911257128, 39.294833868697538 ], [ -78.070529483819158, 39.294829341530374 ] ] ] } },
{ "type": "Feature", "properties": { "Wetlands.OBJECTID": 14425888, "Wetlands.ATTRIBUTE": "PUBHh", "Wetlands.WETLAND_TYPE": "Freshwater Pond", "Wetlands.ACRES": 0.18324554762571355, "Wetlands.GLOBALID": "{470CCF10-4549-4B30-BD6A-C8780077B422}", "Wetlands.Shape_Length": 154.71854531132706, "Wetlands.Shape_Area": 1239.8403119833094, "NWI_Wetland_Codes.OBJECTID": 5472, "NWI_Wetland_Codes.ATTRIBUTE": "PUBHh", "NWI_Wetland_Codes.SYSTEM": "P", "NWI_Wetland_Codes.SYSTEM_NAME": "Palustrine", "NWI_Wetland_Codes.SYSTEM_DEFINITION": "The Palustrine System includes all nontidal wetlands dominated by trees, shrubs, persistent emergents, emergent mosses or lichens, and all such wetlands that occur in tidal areas where salinity due to ocean-derived salts is below 0.5 ppt. It also includes wetlands lacking such vegetation, but with all of the following four characteristics: (1) area less than 8 ha (20 acres); (2) active wave-formed or bedrock shoreline features lacking; (3) water depth in the deepest part of basin less than 2.5 m (8.2 ft) at low water; and (4) salinity due to ocean-derived salts less than 0.5 ppt.", "NWI_Wetland_Codes.SUBSYSTEM": null, "NWI_Wetland_Codes.SUBSYSTEM_NAME": null, "NWI_Wetland_Codes.SUBSYSTEM_DEFINITION": null, "NWI_Wetland_Codes.CLASS": "UB", "NWI_Wetland_Codes.CLASS_NAME": "Unconsolidated Bottom", "NWI_Wetland_Codes.CLASS_DEFINITION": "Includes all wetlands and deepwater habitats with at least 25% cover of particles smaller than stones (less than 6-7 cm), and a vegetative cover less than 30%.", "NWI_Wetland_Codes.SUBCLASS": null, "NWI_Wetland_Codes.SUBCLASS_NAME": null, "NWI_Wetland_Codes.SUBCLASS_DEFINITION": null, "NWI_Wetland_Codes.SPLIT_CLASS": null, "NWI_Wetland_Codes.SPLIT_CLASS_NAME": null, "NWI_Wetland_Codes.SPLIT_CLASS_DEFINITION": null, "NWI_Wetland_Codes.SPLIT_SUBCLASS": null, "NWI_Wetland_Codes.SPLIT_SUBCLASS_NAME": null, "NWI_Wetland_Codes.SPLIT_SUBCLASS_DEFINITION": null, "NWI_Wetland_Codes.WATER_REGIME": "H", "NWI_Wetland_Codes.WATER_REGIME_NAME": "Permanently Flooded", "NWI_Wetland_Codes.WATER_REGIME_SUBGROUP": "Nontidal", "NWI_Wetland_Codes.WATER_REGIME_DEFINITION": "Water covers the substrate throughout the year in all years.", "NWI_Wetland_Codes.MODIFIER1": "h", "NWI_Wetland_Codes.MODIFIER1_NAME": "Diked/Impounded", "NWI_Wetland_Codes.MODIFIER1_GROUP": "Special Modifier", "NWI_Wetland_Codes.MODIFIER1_SUBGROUP": null, "NWI_Wetland_Codes.MODIFIER1_DEFINITION": "These wetlands have been created or modified by a man-made barrier or dam that obstructs the inflow or outflow of water.", "NWI_Wetland_Codes.MODIFIER2": null, "NWI_Wetland_Codes.MODIFIER2_NAME": null, "NWI_Wetland_Codes.MODIFIER2_GROUP": null, "NWI_Wetland_Codes.MODIFIER2_SUBGROUP": null, "NWI_Wetland_Codes.MODIFIER2_DEFINITION": null, "NWI_Wetland_Codes.Field1": null }, "geometry": { "type": "Polygon", "coordinates": [ [ [ -78.06323858270008, 39.294688419400529 ], [ -78.063291178161649, 39.294708642222581 ], [ -78.063274544955846, 39.294780191297384 ], [ -78.063242297233785, 39.294801704391759 ], [ -78.063150444495975, 39.294841203097114 ], [ -78.063063240539776, 39.294862149581917 ], [ -78.062974600177427, 39.294863660259118 ], [ -78.062706304843104, 39.294806629217497 ], [ -78.062694816288925, 39.294785870421258 ], [ -78.062711259950206, 39.294749344379682 ], [ -78.06274101933893, 39.294729457353306 ], [ -78.062813656214487, 39.294700819775116 ], [ -78.062967768489685, 39.294689617239115 ], [ -78.063139238012809, 39.294709783749234 ], [ -78.06323858270008, 39.294688419400529 ] ] ] } },
{ "type": "Feature", "properties": { "Wetlands.OBJECTID": 14425916, "Wetlands.ATTRIBUTE": "PUBHh", "Wetlands.WETLAND_TYPE": "Freshwater Pond", "Wetlands.ACRES": 0.22734428274887053, "Wetlands.GLOBALID": "{2AE18AC3-9D0F-418F-943F-9DB296D1FD68}", "Wetlands.Shape_Length": 159.89009624627946, "Wetlands.Shape_Area": 1538.5947416569763, "NWI_Wetland_Codes.OBJECTID": 5472, "NWI_Wetland_Codes.ATTRIBUTE": "PUBHh", "NWI_Wetland_Codes.SYSTEM": "P", "NWI_Wetland_Codes.SYSTEM_NAME": "Palustrine", "NWI_Wetland_Codes.SYSTEM_DEFINITION": "The Palustrine System includes all nontidal wetlands dominated by trees, shrubs, persistent emergents, emergent mosses or lichens, and all such wetlands that occur in tidal areas where salinity due to ocean-derived salts is below 0.5 ppt. It also includes wetlands lacking such vegetation, but with all of the following four characteristics: (1) area less than 8 ha (20 acres); (2) active wave-formed or bedrock shoreline features lacking; (3) water depth in the deepest part of basin less than 2.5 m (8.2 ft) at low water; and (4) salinity due to ocean-derived salts less than 0.5 ppt.", "NWI_Wetland_Codes.SUBSYSTEM": null, "NWI_Wetland_Codes.SUBSYSTEM_NAME": null, "NWI_Wetland_Codes.SUBSYSTEM_DEFINITION": null, "NWI_Wetland_Codes.CLASS": "UB", "NWI_Wetland_Codes.CLASS_NAME": "Unconsolidated Bottom", "NWI_Wetland_Codes.CLASS_DEFINITION": "Includes all wetlands and deepwater habitats with at least 25% cover of particles smaller than stones (less than 6-7 cm), and a vegetative cover less than 30%.", "NWI_Wetland_Codes.SUBCLASS": null, "NWI_Wetland_Codes.SUBCLASS_NAME": null, "NWI_Wetland_Codes.SUBCLASS_DEFINITION": null, "NWI_Wetland_Codes.SPLIT_CLASS": null, "NWI_Wetland_Codes.SPLIT_CLASS_NAME": null, "NWI_Wetland_Codes.SPLIT_CLASS_DEFINITION": null, "NWI_Wetland_Codes.SPLIT_SUBCLASS": null, "NWI_Wetland_Codes.SPLIT_SUBCLASS_NAME": null, "NWI_Wetland_Codes.SPLIT_SUBCLASS_DEFINITION": null, "NWI_Wetland_Codes.WATER_REGIME": "H", "NWI_Wetland_Codes.WATER_REGIME_NAME": "Permanently Flooded", "NWI_Wetland_Codes.WATER_REGIME_SUBGROUP": "Nontidal", "NWI_Wetland_Codes.WATER_REGIME_DEFINITION": "Water covers the substrate throughout the year in all years.", "NWI_Wetland_Codes.MODIFIER1": "h", "NWI_Wetland_Codes.MODIFIER1_NAME": "Diked/Impounded", "NWI_Wetland_Codes.MODIFIER1_GROUP": "Special Modifier", "NWI_Wetland_Codes.MODIFIER1_SUBGROUP": null, "NWI_Wetland_Codes.MODIFIER1_DEFINITION": "These wetlands have been created or modified by a man-made barrier or dam that obstructs the inflow or outflow of water.", "NWI_Wetland_Codes.MODIFIER2": null, "NWI_Wetland_Codes.MODIFIER2_NAME": null, "NWI_Wetland_Codes.MODIFIER2_GROUP": null, "NWI_Wetland_Codes.MODIFIER2_SUBGROUP": null, "NWI_Wetland_Codes.MODIFIER2_DEFINITION": null, "NWI_Wetland_Codes.Field1": null }, "geometry": { "type": "Polygon", "coordinates": [ [ [ -78.051493353803664, 39.303482635885693 ], [ -78.051595123942192, 39.303593115752498 ], [ -78.051631054756925, 39.303624147845149 ], [ -78.051636135628186, 39.303659336023621 ], [ -78.051619495235855, 39.303683684547813 ], [ -78.051511701893347, 39.303711239631973 ], [ -78.051443625764492, 39.303706127056309 ], [ -78.051383957866676, 39.303692624432919 ], [ -78.051324020474297, 39.303655047851962 ], [ -78.051235993661308, 39.303603763550925 ], [ -78.051182140558325, 39.303567073891685 ], [ -78.051176306000542, 39.303507172848235 ], [ -78.051179929804391, 39.303507956245838 ], [ -78.05118804787962, 39.303508586717541 ], [ -78.05119618661611, 39.303508134195901 ], [ -78.051204098078813, 39.303506609802916 ], [ -78.051211543315887, 39.303504062196595 ], [ -78.051218293256923, 39.303500567144781 ], [ -78.051224145781021, 39.303496231695419 ], [ -78.051228922123357, 39.303491187225617 ], [ -78.051231591916391, 39.303487233395316 ], [ -78.051232145278604, 39.303486271352185 ], [ -78.051233029220839, 39.303484624617994 ], [ -78.051235254347802, 39.303478638957621 ], [ -78.051236081696175, 39.303472449627186 ], [ -78.051235487909793, 39.303466245003627 ], [ -78.051233488259953, 39.3034602134639 ], [ -78.051230146527089, 39.303454537824173 ], [ -78.051225562424207, 39.303449391169003 ], [ -78.051219875190142, 39.303444929900031 ], [ -78.051213258199766, 39.303441288175271 ], [ -78.051208019225029, 39.303439355746349 ], [ -78.051230081848402, 39.303401007447697 ], [ -78.051259637444559, 39.30337468650179 ], [ -78.051267268500411, 39.30337939084793 ], [ -78.051299961110658, 39.303403967372503 ], [ -78.051309505268947, 39.303411882668868 ], [ -78.051319049545228, 39.303419797967472 ], [ -78.051328593704056, 39.303427713352427 ], [ -78.051358028275459, 39.303454661099394 ], [ -78.051378297987725, 39.303477409444007 ], [ -78.051407431692382, 39.303470134068675 ], [ -78.051451896734179, 39.303462668873124 ], [ -78.051478997619924, 39.303460244281325 ], [ -78.051493353803664, 39.303482635885693 ] ] ] } },
{ "type": "Feature", "properties": { "Wetlands.OBJECTID": 14428427, "Wetlands.ATTRIBUTE": "R3UBH", "Wetlands.WETLAND_TYPE": "Riverine", "Wetlands.ACRES": 0.95967320203907114, "Wetlands.GLOBALID": "{9E0E8ACD-8558-4FAC-A412-DF93A026B0C2}", "Wetlands.Shape_Length": 1307.7053358865753, "Wetlands.Shape_Area": 6491.8370574536448, "NWI_Wetland_Codes.OBJECTID": 5938, "NWI_Wetland_Codes.ATTRIBUTE": "R3UBH", "NWI_Wetland_Codes.SYSTEM": "R", "NWI_Wetland_Codes.SYSTEM_NAME": "Riverine", "NWI_Wetland_Codes.SYSTEM_DEFINITION": "The Riverine System includes all wetlands and deepwater habitats contained within a channel, with two exceptions: (1) wetlands dominated by trees, shrubs, persistent emergents, emergent mosses, or lichens, and (2) habitats with water containing ocean-derived salts of 0.5 ppt or greater. A channel is an open conduit either naturally or artificially created which periodically or continuously contains moving water, or which forms a connecting link between two bodies of standing water.", "NWI_Wetland_Codes.SUBSYSTEM": "3", "NWI_Wetland_Codes.SUBSYSTEM_NAME": "Upper Perennial", "NWI_Wetland_Codes.SUBSYSTEM_DEFINITION": "This Subsystem is characterized by a high gradient. There is no tidal influence, and some water flows all year, except during years of extreme drought. The substrate consists of rock, cobbles, or gravel with occasional patches of sand. The natural dissolved oxygen concentration is normally near saturation. The fauna is characteristic of running water, and there are few or no planktonic forms. The gradient is high compared with that of the Lower Perennial Subsystem, and there is very little floodplain development.", "NWI_Wetland_Codes.CLASS": "UB", "NWI_Wetland_Codes.CLASS_NAME": "Unconsolidated Bottom", "NWI_Wetland_Codes.CLASS_DEFINITION": "Includes all wetlands and deepwater habitats with at least 25% cover of particles smaller than stones (less than 6-7 cm), and a vegetative cover less than 30%.", "NWI_Wetland_Codes.SUBCLASS": null, "NWI_Wetland_Codes.SUBCLASS_NAME": null, "NWI_Wetland_Codes.SUBCLASS_DEFINITION": null, "NWI_Wetland_Codes.SPLIT_CLASS": null, "NWI_Wetland_Codes.SPLIT_CLASS_NAME": null, "NWI_Wetland_Codes.SPLIT_CLASS_DEFINITION": null, "NWI_Wetland_Codes.SPLIT_SUBCLASS": null, "NWI_Wetland_Codes.SPLIT_SUBCLASS_NAME": null, "NWI_Wetland_Codes.SPLIT_SUBCLASS_DEFINITION": null, "NWI_Wetland_Codes.WATER_REGIME": "H", "NWI_Wetland_Codes.WATER_REGIME_NAME": "Permanently Flooded", "NWI_Wetland_Codes.WATER_REGIME_SUBGROUP": "Nontidal", "NWI_Wetland_Codes.WATER_REGIME_DEFINITION": "Water covers the substrate throughout the year in all years.", "NWI_Wetland_Codes.MODIFIER1": null, "NWI_Wetland_Codes.MODIFIER1_NAME": null, "NWI_Wetland_Codes.MODIFIER1_GROUP": null, "NWI_Wetland_Codes.MODIFIER1_SUBGROUP": null, "NWI_Wetland_Codes.MODIFIER1_DEFINITION": null, "NWI_Wetland_Codes.MODIFIER2": null, "NWI_Wetland_Codes.MODIFIER2_NAME": null, "NWI_Wetland_Codes.MODIFIER2_GROUP": null, "NWI_Wetland_Codes.MODIFIER2_SUBGROUP": null, "NWI_Wetland_Codes.MODIFIER2_DEFINITION": null, "NWI_Wetland_Codes.Field1": null }, "geometry": { "type": "Polygon", "coordinates": [ [ [ -78.063938191541666, 39.2876571819695 ], [ -78.06387737380031, 39.287648324164877 ], [ -78.063552438788989, 39.287586575362781 ], [ -78.063546356296214, 39.287585689581526 ], [ -78.063485539453154, 39.287576831072606 ], [ -78.063420961364002, 39.287557810408849 ], [ -78.063362466665964, 39.287539676912438 ], [ -78.06330281044626, 39.287526180209341 ], [ -78.063243154226569, 39.287512684894246 ], [ -78.06318349710854, 39.28749918818599 ], [ -78.063122678468858, 39.287490328970875 ], [ -78.063055779133038, 39.287480584667243 ], [ -78.062988878000567, 39.287470839666987 ], [ -78.062928061157507, 39.287461981143558 ], [ -78.062866080097848, 39.287457760116872 ], [ -78.0628040999365, 39.287453538394686 ], [ -78.062736039079013, 39.28744843158448 ], [ -78.062675220439317, 39.287439573058151 ], [ -78.062623969755734, 39.28741768642368 ], [ -78.062567798101014, 39.287390276496609 ], [ -78.062516547417431, 39.287368390542014 ], [ -78.062461538182689, 39.287336343785292 ], [ -78.062396961890158, 39.28731732305625 ], [ -78.062336144148816, 39.287308463818121 ], [ -78.062266919973013, 39.287307994505106 ], [ -78.062208144102286, 39.287295213199144 ], [ -78.062152518623265, 39.287315951967194 ], [ -78.062084990466744, 39.287295662349123 ], [ -78.062083304328937, 39.28728605429307 ], [ -78.062047292665824, 39.287233291656442 ], [ -78.06210536964727, 39.287227365791182 ], [ -78.062111450343423, 39.287228251576984 ], [ -78.062253937520538, 39.287234000146036 ], [ -78.062317080101835, 39.287233583673753 ], [ -78.06237789784322, 39.287242442921375 ], [ -78.06243871468628, 39.287251301472573 ], [ -78.062498371804296, 39.287264798923857 ], [ -78.062549622487879, 39.287286684910839 ], [ -78.062599711649796, 39.287313208398444 ], [ -78.062650962333379, 39.287335094370277 ], [ -78.062702214813626, 39.287356981030577 ], [ -78.062761870134992, 39.287370477070972 ], [ -78.062822688774659, 39.287379335606019 ], [ -78.062889589008833, 39.287389080618979 ], [ -78.062950406750204, 39.287397939151631 ], [ -78.06301846850603, 39.287403046660799 ], [ -78.063079287145698, 39.287411905886984 ], [ -78.063140103988758, 39.287420764416787 ], [ -78.063207005121228, 39.28743050872869 ], [ -78.063266662239229, 39.287444004754917 ], [ -78.06332747908229, 39.287452863280613 ], [ -78.063388297721971, 39.287461721805236 ], [ -78.063449116361653, 39.287470580328723 ], [ -78.063516016595784, 39.287480324633719 ], [ -78.063576834337169, 39.287489183850141 ], [ -78.063635329933533, 39.287507318054921 ], [ -78.063694987051534, 39.287520813371067 ], [ -78.063753480851261, 39.287538947567668 ], [ -78.063813137969277, 39.287552443572991 ], [ -78.063872795087306, 39.287565939575735 ], [ -78.063933613726974, 39.287574798086006 ], [ -78.063994431468359, 39.28758365659516 ], [ -78.064052927064708, 39.287601789384972 ], [ -78.064103016226639, 39.287628312753256 ], [ -78.06416267334464, 39.2876418094366 ], [ -78.064223491984336, 39.287650667242055 ], [ -78.064290392218496, 39.287660411521962 ], [ -78.06435237327814, 39.287664631841146 ], [ -78.064415514961155, 39.287664214676198 ], [ -78.064421597453929, 39.287665100456479 ], [ -78.064979140428292, 39.287664976002269 ], [ -78.065146566634311, 39.287664937762123 ], [ -78.065209708317312, 39.287664519901902 ], [ -78.065267929927515, 39.287658578777005 ], [ -78.065326151537704, 39.287652637651668 ], [ -78.065390455640681, 39.287647581611047 ], [ -78.065453597323696, 39.287647164445943 ], [ -78.065516739905021, 39.287646746585601 ], [ -78.065578719168045, 39.287650966210315 ], [ -78.065641860851031, 39.28765054904526 ], [ -78.065708761983515, 39.287660291934699 ], [ -78.065714843577993, 39.287661177715037 ], [ -78.066236241040244, 39.287592905152884 ], [ -78.066295624172113, 39.287582326532629 ], [ -78.066358764956803, 39.287581907281321 ], [ -78.06642306816147, 39.287576851235585 ], [ -78.066483612814991, 39.287561634426936 ], [ -78.066542995946847, 39.287551055106668 ], [ -78.066621786282099, 39.287538495638138 ], [ -78.066684927965099, 39.287538076386575 ], [ -78.066746908126433, 39.287542296017847 ], [ -78.066808888287795, 39.287546514953576 ], [ -78.06681497078057, 39.287547400735399 ], [ -78.067071465845345, 39.287600895260539 ], [ -78.067138043584308, 39.287602635535343 ], [ -78.067239783180128, 39.287605295659674 ], [ -78.067506426512637, 39.287675161084501 ], [ -78.067614703148791, 39.287703531769559 ], [ -78.067704007366117, 39.287726930536444 ], [ -78.067676908787263, 39.287795286400716 ], [ -78.067645828875072, 39.287787138488127 ], [ -78.067591925466445, 39.287773009133495 ], [ -78.067581238209513, 39.287770207874971 ], [ -78.067521613430841, 39.287754578810755 ], [ -78.067462820492125, 39.287739168059211 ], [ -78.067404027553408, 39.287723756608948 ], [ -78.067345233716395, 39.287708345155316 ], [ -78.067287270820984, 39.287693152014562 ], [ -78.067229308823912, 39.28767795817523 ], [ -78.067167656547639, 39.287699704978131 ], [ -78.067106837907971, 39.287690848569461 ], [ -78.067039935877204, 39.287681105684314 ], [ -78.066973035643031, 39.287671363493089 ], [ -78.066912217003349, 39.287662506385558 ], [ -78.066854882030341, 39.287639736125982 ], [ -78.066795224912326, 39.287626242223268 ], [ -78.06673440627263, 39.287617385110053 ], [ -78.066673586734652, 39.287608528690981 ], [ -78.06660436435547, 39.287608060770566 ], [ -78.06654614184697, 39.287614002594957 ], [ -78.066487920236781, 39.287619944418871 ], [ -78.066423617930425, 39.287625000461489 ], [ -78.066364233900245, 39.287635579770601 ], [ -78.066306012290042, 39.287641521592661 ], [ -78.066240548462034, 39.287651215118835 ], [ -78.066175082837404, 39.287660908643602 ], [ -78.066115699705534, 39.287671487947286 ], [ -78.066051396500868, 39.2876765432909 ], [ -78.065992013369012, 39.287687123287519 ], [ -78.065932630237171, 39.287697701891936 ], [ -78.065867164612513, 39.287707395410273 ], [ -78.065807781480657, 39.287717974706929 ], [ -78.065749559870454, 39.287723915826781 ], [ -78.065686418187454, 39.287724333686661 ], [ -78.065618356431642, 39.287719228286768 ], [ -78.06555753689365, 39.287710370490004 ], [ -78.065494395210635, 39.287710788349955 ], [ -78.065436173600432, 39.287716729470411 ], [ -78.065373031019121, 39.287717148025614 ], [ -78.065309889336106, 39.287717565190306 ], [ -78.065246748551431, 39.287717982354984 ], [ -78.065183605970105, 39.287718400910187 ], [ -78.06512046338878, 39.287718818074858 ], [ -78.065058483227432, 39.287714598454173 ], [ -78.064997009715924, 39.287717237716045 ], [ -78.064982015935513, 39.287717882235434 ], [ -78.064912792658035, 39.287717413620499 ], [ -78.064854571047846, 39.287723354740358 ], [ -78.064791428466521, 39.287723772600273 ], [ -78.06472712526184, 39.287728827244827 ], [ -78.064663982680528, 39.287729244409398 ], [ -78.06459475940305, 39.287728775794548 ], [ -78.064532779241716, 39.287724555479208 ], [ -78.064463555964238, 39.287724086864273 ], [ -78.064395493310101, 39.287718980769029 ], [ -78.064326270032609, 39.287718512154115 ], [ -78.064263127451312, 39.287718930014016 ], [ -78.064195065695472, 39.287713823223164 ], [ -78.064128164563002, 39.287704078950647 ], [ -78.064062426748833, 39.287689697889803 ], [ -78.06399784865971, 39.287670677952036 ], [ -78.063938191541666, 39.2876571819695 ] ] ] } },
{ "type": "Feature", "properties": { "Wetlands.OBJECTID": 14428428, "Wetlands.ATTRIBUTE": "R3UBF", "Wetlands.WETLAND_TYPE": "Riverine", "Wetlands.ACRES": 3.6121419022138315, "Wetlands.GLOBALID": "{50AC5C95-5AD0-4B0D-9DEC-77400A4C9682}", "Wetlands.Shape_Length": 4762.1218354303601, "Wetlands.Shape_Area": 24437.883147114866, "NWI_Wetland_Codes.OBJECTID": 5928, "NWI_Wetland_Codes.ATTRIBUTE": "R3UBF", "NWI_Wetland_Codes.SYSTEM": "R", "NWI_Wetland_Codes.SYSTEM_NAME": "Riverine", "NWI_Wetland_Codes.SYSTEM_DEFINITION": "The Riverine System includes all wetlands and deepwater habitats contained within a channel, with two exceptions: (1) wetlands dominated by trees, shrubs, persistent emergents, emergent mosses, or lichens, and (2) habitats with water containing ocean-derived salts of 0.5 ppt or greater. A channel is an open conduit either naturally or artificially created which periodically or continuously contains moving water, or which forms a connecting link between two bodies of standing water.", "NWI_Wetland_Codes.SUBSYSTEM": "3", "NWI_Wetland_Codes.SUBSYSTEM_NAME": "Upper Perennial", "NWI_Wetland_Codes.SUBSYSTEM_DEFINITION": "This Subsystem is characterized by a high gradient. There is no tidal influence, and some water flows all year, except during years of extreme drought. The substrate consists of rock, cobbles, or gravel with occasional patches of sand. The natural dissolved oxygen concentration is normally near saturation. The fauna is characteristic of running water, and there are few or no planktonic forms. The gradient is high compared with that of the Lower Perennial Subsystem, and there is very little floodplain development.", "NWI_Wetland_Codes.CLASS": "UB", "NWI_Wetland_Codes.CLASS_NAME": "Unconsolidated Bottom", "NWI_Wetland_Codes.CLASS_DEFINITION": "Includes all wetlands and deepwater habitats with at least 25% cover of particles smaller than stones (less than 6-7 cm), and a vegetative cover less than 30%.", "NWI_Wetland_Codes.SUBCLASS": null, "NWI_Wetland_Codes.SUBCLASS_NAME": null, "NWI_Wetland_Codes.SUBCLASS_DEFINITION": null, "NWI_Wetland_Codes.SPLIT_CLASS": null, "NWI_Wetland_Codes.SPLIT_CLASS_NAME": null, "NWI_Wetland_Codes.SPLIT_CLASS_DEFINITION": null, "NWI_Wetland_Codes.SPLIT_SUBCLASS": null, "NWI_Wetland_Codes.SPLIT_SUBCLASS_NAME": null, "NWI_Wetland_Codes.SPLIT_SUBCLASS_DEFINITION": null, "NWI_Wetland_Codes.WATER_REGIME": "F", "NWI_Wetland_Codes.WATER_REGIME_NAME": "Semipermanently Flooded", "NWI_Wetland_Codes.WATER_REGIME_SUBGROUP": "Nontidal", "NWI_Wetland_Codes.WATER_REGIME_DEFINITION": "Surface water persists throughout the growing season in most years. When surface water is absent, the water table is usually at or very near the land surface.", "NWI_Wetland_Codes.MODIFIER1": null, "NWI_Wetland_Codes.MODIFIER1_NAME": null, "NWI_Wetland_Codes.MODIFIER1_GROUP": null, "NWI_Wetland_Codes.MODIFIER1_SUBGROUP": null, "NWI_Wetland_Codes.MODIFIER1_DEFINITION": null, "NWI_Wetland_Codes.MODIFIER2": null, "NWI_Wetland_Codes.MODIFIER2_NAME": null, "NWI_Wetland_Codes.MODIFIER2_GROUP": null, "NWI_Wetland_Codes.MODIFIER2_SUBGROUP": null, "NWI_Wetland_Codes.MODIFIER2_DEFINITION": null, "NWI_Wetland_Codes.Field1": null }, "geometry": { "type": "Polygon", "coordinates": [ [ [ -78.033573581751298, 39.292969141850293 ], [ -78.033577779578636, 39.292969605563549 ], [ -78.033631143998093, 39.292977390662422 ], [ -78.033684854268913, 39.292974223925135 ], [ -78.033736791265383, 39.292966547280635 ], [ -78.033793963643319, 39.292950570374451 ], [ -78.033800796229372, 39.292949142387471 ], [ -78.033851200699971, 39.292941693077957 ], [ -78.033894835466569, 39.292922208767372 ], [ -78.033941501148959, 39.292901370852249 ], [ -78.033985329053351, 39.292872018532059 ], [ -78.0339866540684, 39.292871164102635 ], [ -78.033989929325926, 39.292869305075591 ], [ -78.034041498911435, 39.292842613362581 ], [ -78.034048560567896, 39.292839602349304 ], [ -78.034056197146143, 39.292837564648934 ], [ -78.034064178677411, 39.292836558660333 ], [ -78.034126805625775, 39.292832864937139 ], [ -78.034131313371859, 39.292832766215412 ], [ -78.034198536101201, 39.292833990504271 ], [ -78.034202661164997, 39.29283420532834 ], [ -78.034269616196383, 39.292839961084631 ], [ -78.034324063085748, 39.292836749151611 ], [ -78.034385101812674, 39.292825478880637 ], [ -78.034388660039511, 39.292824932434797 ], [ -78.034394350866847, 39.292824502091285 ], [ -78.034466130749621, 39.292822434495854 ], [ -78.034534249997606, 39.29281672601337 ], [ -78.034595490845462, 39.292801752976438 ], [ -78.034602325228164, 39.292800504354183 ], [ -78.034607166249216, 39.292800103905172 ], [ -78.034675202852213, 39.292797198564067 ], [ -78.034678498770973, 39.292797147117518 ], [ -78.034686615947876, 39.292797779076118 ], [ -78.034746137420299, 39.292806462423414 ], [ -78.034803894601495, 39.292814888536782 ], [ -78.03486906108715, 39.292820490650186 ], [ -78.034927256646199, 39.292817057635098 ], [ -78.034931545203364, 39.292816956132405 ], [ -78.034939662380296, 39.292817587395646 ], [ -78.035004594405649, 39.292827059819409 ], [ -78.035091169541161, 39.292839689947435 ], [ -78.035148927620654, 39.292848115361629 ], [ -78.035218158084646, 39.292854067169742 ], [ -78.035272379496888, 39.292858146740812 ], [ -78.035323960760522, 39.292851810474438 ], [ -78.035375948062637, 39.2928340280463 ], [ -78.035424127406273, 39.292809091760169 ], [ -78.035426445958009, 39.292807965497524 ], [ -78.035483426096491, 39.292782062840551 ], [ -78.035484582228264, 39.292781553936457 ], [ -78.035491284558589, 39.292779208945284 ], [ -78.035551976535828, 39.29276224616828 ], [ -78.035558608797572, 39.292760848072099 ], [ -78.035565435993718, 39.292760207770442 ], [ -78.035572315292171, 39.29276033847259 ], [ -78.035630792922206, 39.292764739242777 ], [ -78.035683607572707, 39.292765109102113 ], [ -78.035729147666046, 39.292755325904672 ], [ -78.035774430841201, 39.292731887799718 ], [ -78.035780219584893, 39.292729330763336 ], [ -78.035786426943517, 39.292727431409489 ], [ -78.035850182175849, 39.292711842384271 ], [ -78.035903178286034, 39.29269480659228 ], [ -78.035905991809514, 39.292693982055368 ], [ -78.035913909560406, 39.292692458122083 ], [ -78.03597757855448, 39.292684637535075 ], [ -78.035981411665816, 39.292684289227289 ], [ -78.036041374211024, 39.292680751226499 ], [ -78.036085954903641, 39.292674161186859 ], [ -78.036123251157591, 39.292651956384638 ], [ -78.036125769135339, 39.292650557591067 ], [ -78.036177338720861, 39.29262386579461 ], [ -78.036180812506061, 39.292622229928476 ], [ -78.036182345031932, 39.292621607006232 ], [ -78.036237946256449, 39.292599964625154 ], [ -78.036300112369048, 39.292574942742895 ], [ -78.03636278782642, 39.292549715759854 ], [ -78.036419016973326, 39.292527825855863 ], [ -78.036421141488958, 39.292527050678132 ], [ -78.036478756736344, 39.292507342389051 ], [ -78.036524520510184, 39.29248365530978 ], [ -78.036569527902543, 39.292453511645682 ], [ -78.036570852917592, 39.292452656515977 ], [ -78.036574127276793, 39.292450797477777 ], [ -78.036625695963991, 39.292424104910005 ], [ -78.036677265549514, 39.292397412332043 ], [ -78.036680740233038, 39.292395777155861 ], [ -78.036685371946632, 39.292394055076102 ], [ -78.036740282366708, 39.292376403929843 ], [ -78.036742352983424, 39.292375782395851 ], [ -78.036803044062339, 39.292358818130623 ], [ -78.036811324732625, 39.29235719338191 ], [ -78.036812420677265, 39.29235713289706 ], [ -78.03709774627275, 39.292230161137361 ], [ -78.037102767855188, 39.292228268027046 ], [ -78.037157677376939, 39.292210616143763 ], [ -78.037160490900419, 39.292209792296383 ], [ -78.037161567082123, 39.292209517680604 ], [ -78.03722238572179, 39.292194646017407 ], [ -78.037268889707434, 39.292173882970644 ], [ -78.037270842644858, 39.292173075808343 ], [ -78.037324195386205, 39.292152307193284 ], [ -78.037373348503621, 39.292126864536499 ], [ -78.037376823187131, 39.292125229353935 ], [ -78.037380479330338, 39.292123830549833 ], [ -78.037441834264243, 39.29210284222723 ], [ -78.037445622459799, 39.292101694400976 ], [ -78.037446699539814, 39.29210141978475 ], [ -78.037511796855199, 39.292085501080628 ], [ -78.037583431210905, 39.292066237615316 ], [ -78.037591441488289, 39.29206468794478 ], [ -78.037597132315611, 39.292064256901412 ], [ -78.037670579471552, 39.292062139922102 ], [ -78.037673025584084, 39.292062118369934 ], [ -78.037675372881921, 39.292062189283534 ], [ -78.037751173623917, 39.292065931713566 ], [ -78.037795654603542, 39.292048616281356 ], [ -78.037798753791236, 39.292047516425242 ], [ -78.037853663312987, 39.292029865191637 ], [ -78.037908571936399, 39.292012213953626 ], [ -78.037963480559839, 39.291994561320628 ], [ -78.037969498373926, 39.291992984534517 ], [ -78.037975740766839, 39.291992044580844 ], [ -78.037982092754206, 39.29199175884046 ], [ -78.038043807912544, 39.291992190579542 ], [ -78.038052049955283, 39.291992823240662 ], [ -78.038103471318763, 39.29200032340303 ], [ -78.038151715341101, 39.291994395855454 ], [ -78.038198506787623, 39.291976180775166 ], [ -78.038247659006714, 39.291950738054368 ], [ -78.038299226795587, 39.291924045295964 ], [ -78.038301545347338, 39.291922919019015 ], [ -78.038358680894376, 39.291896945120868 ], [ -78.038409792339081, 39.29187412340039 ], [ -78.038411743479884, 39.291873316234678 ], [ -78.038465091729677, 39.291852548225961 ], [ -78.038514250236958, 39.291827102679271 ], [ -78.038517724920482, 39.291825468185017 ], [ -78.038519255649703, 39.291824845255618 ], [ -78.038575199132367, 39.291803067057693 ], [ -78.038580370733442, 39.291801344963375 ], [ -78.038640107801513, 39.291784644747963 ], [ -78.03870630555312, 39.291764617137424 ], [ -78.0387081974051, 39.291764080416549 ], [ -78.03871255064098, 39.291763104307634 ], [ -78.038770552163911, 39.291752392137084 ], [ -78.038802030029785, 39.291738335191631 ], [ -78.038806825236776, 39.29173389333814 ], [ -78.038812542115238, 39.291730139766649 ], [ -78.038819015375182, 39.291727185019468 ], [ -78.039128644890681, 39.291609954457421 ], [ -78.039180538768022, 39.291589753683134 ], [ -78.03922973500454, 39.291560929887972 ], [ -78.039282337652651, 39.291530110751907 ], [ -78.039289127119559, 39.291526799339948 ], [ -78.039296560678537, 39.291524426497332 ], [ -78.03936229130619, 39.29150835262422 ], [ -78.039365567462028, 39.291507650435022 ], [ -78.039430262332161, 39.291495701398887 ], [ -78.039433820559012, 39.291495154942687 ], [ -78.039437668043362, 39.291494804543241 ], [ -78.03950029319509, 39.291491107968319 ], [ -78.039562917448478, 39.291487411393206 ], [ -78.039622878197065, 39.291483871941516 ], [ -78.039675761119526, 39.291476053305196 ], [ -78.03973883992046, 39.291460627382115 ], [ -78.039744224422279, 39.291459574792867 ], [ -78.039799740306833, 39.291451367516174 ], [ -78.039862819107768, 39.291435940892399 ], [ -78.039864419007273, 39.291435574502238 ], [ -78.039934741822691, 39.291420464903389 ], [ -78.039996077891956, 39.291405464453632 ], [ -78.040047278269896, 39.291385532677509 ], [ -78.040100413618944, 39.291361375237628 ], [ -78.040140950096159, 39.291337237951367 ], [ -78.040180978126898, 39.291303091999104 ], [ -78.040182501669619, 39.291301853778677 ], [ -78.040224281415178, 39.291269455640474 ], [ -78.040228090271981, 39.291266810255316 ], [ -78.040231364631182, 39.291264951185688 ], [ -78.040282931521745, 39.291238256775365 ], [ -78.040286407103579, 39.291236621572082 ], [ -78.040287369199248, 39.291236223199839 ], [ -78.040349757195742, 39.291211107668126 ], [ -78.040353425915356, 39.291209783236326 ], [ -78.040407866516517, 39.291192280572922 ], [ -78.040467622449228, 39.291171837734623 ], [ -78.040522530174329, 39.291150461182561 ], [ -78.04057170844456, 39.291131315650865 ], [ -78.040608162078797, 39.29110304785965 ], [ -78.04064652463299, 39.291073300583911 ], [ -78.040675889661316, 39.291038327860818 ], [ -78.040707881363531, 39.291000225836733 ], [ -78.040711883358128, 39.290996135728818 ], [ -78.040716410867162, 39.290992655347793 ], [ -78.040763602063976, 39.290961046166494 ], [ -78.040765304371433, 39.29095996089336 ], [ -78.040811838899785, 39.290932248531739 ], [ -78.040857994339092, 39.290904764198785 ], [ -78.04086398700035, 39.290901730159113 ], [ -78.040865517729586, 39.290901107221579 ], [ -78.040917469997424, 39.290880881214036 ], [ -78.040959019774249, 39.290856140290956 ], [ -78.041003916673844, 39.290826068231631 ], [ -78.041044494473539, 39.290794601500082 ], [ -78.041048303330342, 39.290791955401794 ], [ -78.041051578587869, 39.290790097014757 ], [ -78.041101851904429, 39.290764071943613 ], [ -78.04114678293999, 39.29073731824657 ], [ -78.041152775601248, 39.290734283504406 ], [ -78.041154306330498, 39.290733660565365 ], [ -78.041210248016498, 39.290711881332818 ], [ -78.041216160727714, 39.290709957590678 ], [ -78.041218837707248, 39.290709315879745 ], [ -78.041278120227787, 39.290696578299737 ], [ -78.041334600004646, 39.290684441409041 ], [ -78.041386820868752, 39.290667651935856 ], [ -78.041441727695542, 39.290649998268698 ], [ -78.041496634522332, 39.290632345292337 ], [ -78.041499448045812, 39.290631520731139 ], [ -78.041505909627645, 39.29063019350744 ], [ -78.041562251962262, 39.290621862379851 ], [ -78.041619655207228, 39.290609528026394 ], [ -78.041677205775912, 39.290597160994274 ], [ -78.041731820650227, 39.290581892003139 ], [ -78.04177925169725, 39.29056050970901 ], [ -78.041780255115427, 39.2905600689229 ], [ -78.041783202487863, 39.290558918290415 ], [ -78.041986007943038, 39.290486412413699 ], [ -78.041990505807675, 39.290485016357842 ], [ -78.041993182787209, 39.290484374644855 ], [ -78.042052465307762, 39.290471636328682 ], [ -78.042056249910061, 39.290470950815006 ], [ -78.042102046023231, 39.290464179107872 ], [ -78.042136226021483, 39.290441283224204 ], [ -78.042170812058231, 39.290406779477706 ], [ -78.042175433890364, 39.290402816565454 ], [ -78.042180773476431, 39.290399420975163 ], [ -78.04218671493372, 39.290396665708045 ], [ -78.042242655721395, 39.290374886370678 ], [ -78.042244779338745, 39.290374110473806 ], [ -78.042306131577675, 39.290353118845772 ], [ -78.042309920671556, 39.290351970990855 ], [ -78.042317838422477, 39.290350447006581 ], [ -78.04238150472159, 39.290342622681749 ], [ -78.042389627288387, 39.290342172160841 ], [ -78.042393546637996, 39.290342339715686 ], [ -78.042449997668754, 39.290346584902196 ], [ -78.042500945620105, 39.290343575867297 ], [ -78.042548850977553, 39.290328173333165 ], [ -78.042551664501033, 39.290327349463652 ], [ -78.042554340582257, 39.290326707749273 ], [ -78.042613623102824, 39.290313968013876 ], [ -78.042618857585964, 39.290313086438552 ], [ -78.042620122413894, 39.290312944607862 ], [ -78.042687820352029, 39.290306049826405 ], [ -78.042742820603607, 39.29029791611088 ], [ -78.042800224746884, 39.29028558170041 ], [ -78.042805457433431, 39.290284699429478 ], [ -78.042810298454484, 39.290284298966085 ], [ -78.042878333260845, 39.290281389349133 ], [ -78.042881630077943, 39.29028133790073 ], [ -78.042889746356536, 39.290281969186758 ], [ -78.042945458972142, 39.290290093170633 ], [ -78.04300858807872, 39.290291238940846 ], [ -78.043012051982473, 39.29029152121192 ], [ -78.04301626508115, 39.29029186466488 ], [ -78.043024114560097, 39.29029356107209 ], [ -78.043031459185855, 39.290296271152158 ], [ -78.043038073481299, 39.290299912865457 ], [ -78.043043759817053, 39.290304374276928 ], [ -78.043048342123299, 39.290309521203319 ], [ -78.043051682957838, 39.290315197213538 ], [ -78.043053681709353, 39.29032122919061 ], [ -78.043054274597452, 39.290327433588764 ], [ -78.043053446350754, 39.290333622690881 ], [ -78.043051221223791, 39.290339608084693 ], [ -78.043047667488537, 39.29034520831042 ], [ -78.043042891146172, 39.290350252337078 ], [ -78.043037039520414, 39.290354587905369 ], [ -78.043030290477674, 39.29035808222303 ], [ -78.043022846138925, 39.290360629612515 ], [ -78.043014936472844, 39.290362153596561 ], [ -78.043007047468024, 39.290362577002675 ], [ -78.043006579445745, 39.290362602726866 ], [ -78.042939359411363, 39.290361383261569 ], [ -78.042931681510623, 39.290360757538167 ], [ -78.042877824814397, 39.290352904014078 ], [ -78.04282066680949, 39.290355348506985 ], [ -78.042766333107863, 39.2903670238099 ], [ -78.04276254850555, 39.290367709324585 ], [ -78.042704300844221, 39.290376322753183 ], [ -78.042702851861677, 39.290376519508342 ], [ -78.042701587033747, 39.290376661338961 ], [ -78.042635817778532, 39.290383359358287 ], [ -78.042582536902415, 39.290394809396247 ], [ -78.04253031693662, 39.290411599630097 ], [ -78.042523172635171, 39.290413395454941 ], [ -78.042515745364398, 39.290414297191148 ], [ -78.042453121110995, 39.290417995908626 ], [ -78.04244883165552, 39.290418098110052 ], [ -78.042444912305939, 39.290417929860119 ], [ -78.042390401636183, 39.290413830679924 ], [ -78.042338829355714, 39.290420168557446 ], [ -78.042284178548783, 39.290438867239459 ], [ -78.042238739066747, 39.290456558503166 ], [ -78.042207784918702, 39.290487438598213 ], [ -78.042206015237582, 39.290489098847871 ], [ -78.042201488626873, 39.290492579253922 ], [ -78.042154299226681, 39.2905241886467 ], [ -78.042149389933641, 39.290527062100736 ], [ -78.042144026991409, 39.29052941620553 ], [ -78.042138303824728, 39.290531210636814 ], [ -78.042132320146621, 39.290532412718001 ], [ -78.042075976913679, 39.290540743856241 ], [ -78.042022267541171, 39.29055228494579 ], [ -78.04192846096764, 39.290585821533455 ], [ -78.041841926256311, 39.290616758581599 ], [ -78.041824972351947, 39.290622819733052 ], [ -78.041775771623833, 39.29064500014983 ], [ -78.04177476820567, 39.290645440240148 ], [ -78.041768065875331, 39.290647785998026 ], [ -78.041707376593052, 39.290664751373036 ], [ -78.041704330405921, 39.290665493199612 ], [ -78.041645046088746, 39.290678232175786 ], [ -78.041585763568193, 39.290690970454442 ], [ -78.041581978965908, 39.290691655965922 ], [ -78.041528513935148, 39.290699560900144 ], [ -78.041478098684792, 39.290715770531634 ], [ -78.041423190959662, 39.290733424877473 ], [ -78.041368284132858, 39.290751077828347 ], [ -78.041365470609378, 39.290751901692893 ], [ -78.04136279542648, 39.290752543403379 ], [ -78.04130351021098, 39.290765282363715 ], [ -78.041248691419085, 39.290777061884953 ], [ -78.041200865113353, 39.290795681213844 ], [ -78.041158242748082, 39.290821060391899 ], [ -78.04115572477032, 39.290822459222078 ], [ -78.041107995482662, 39.290847166785376 ], [ -78.04106946494349, 39.290877046253378 ], [ -78.04106698110175, 39.290878837199472 ], [ -78.041019789904936, 39.290910445722702 ], [ -78.041018085800815, 39.290911530996596 ], [ -78.040971552170788, 39.290939244061683 ], [ -78.040965560407841, 39.290942278099671 ], [ -78.04096402878028, 39.290942901732123 ], [ -78.040912076512456, 39.290963127721731 ], [ -78.040869455045481, 39.290988506839113 ], [ -78.040824371296324, 39.291015352212064 ], [ -78.040783155692765, 39.291042958864132 ], [ -78.040754728505604, 39.291076815722931 ], [ -78.040722735006753, 39.29111491770535 ], [ -78.04071873301217, 39.291119007111128 ], [ -78.040716690243215, 39.291120697241141 ], [ -78.040674911395968, 39.291153094752971 ], [ -78.040633130752141, 39.291185492944997 ], [ -78.040627444416344, 39.291189246545763 ], [ -78.040621041225023, 39.291192256239519 ], [ -78.040565098640712, 39.291214034627409 ], [ -78.040509156056373, 39.291235814399023 ], [ -78.040507031540727, 39.291236590286303 ], [ -78.040445678403458, 39.291257579563812 ], [ -78.040444702833057, 39.291257903545315 ], [ -78.040391670790271, 39.291274952896408 ], [ -78.040333368331687, 39.291298424165298 ], [ -78.040287778831015, 39.291322024045492 ], [ -78.040250037012683, 39.291351290805892 ], [ -78.040207958128136, 39.291387185953475 ], [ -78.040202246639566, 39.291391300371927 ], [ -78.040155713009526, 39.291419013247079 ], [ -78.040150876480041, 39.291421538350363 ], [ -78.04009389903652, 39.291447442901102 ], [ -78.040092742904747, 39.29144795181486 ], [ -78.040091212175497, 39.291448574747598 ], [ -78.040035268692861, 39.291470353750974 ], [ -78.040029355981659, 39.291472277472266 ], [ -78.040028279799941, 39.291472551395678 ], [ -78.039962549172301, 39.291488626667508 ], [ -78.039960949272796, 39.291488993752651 ], [ -78.039890626457392, 39.291504102641504 ], [ -78.039825678262346, 39.291519986020738 ], [ -78.039820293760542, 39.291521037913817 ], [ -78.039764777876002, 39.291529245877598 ], [ -78.039701699075053, 39.291544671785566 ], [ -78.039696314573234, 39.291545724373535 ], [ -78.039638065115255, 39.291554336266707 ], [ -78.039636616132711, 39.291554533018598 ], [ -78.039632768648346, 39.291554882722508 ], [ -78.039570141699997, 39.291558579989292 ], [ -78.039507518344919, 39.291562275865402 ], [ -78.039448642761187, 39.291565752046672 ], [ -78.039389256934385, 39.29157672009265 ], [ -78.039332911006511, 39.291590498976156 ], [ -78.039286771736897, 39.29161753113673 ], [ -78.039234169088786, 39.29164835092952 ], [ -78.039228466583353, 39.291651213213633 ], [ -78.039226934057496, 39.291651836839826 ], [ -78.039170756114572, 39.291673704074867 ], [ -78.038875143910772, 39.291785628504108 ], [ -78.038871553344563, 39.291788973275061 ], [ -78.038867283652039, 39.291791814001222 ], [ -78.038862451614108, 39.291794072816394 ], [ -78.038811497374567, 39.29181682434438 ], [ -78.038803633522562, 39.291819554527244 ], [ -78.038799280286696, 39.291820531330607 ], [ -78.038737779825723, 39.291831889362754 ], [ -78.038674065915899, 39.29185116540674 ], [ -78.038672915174004, 39.291851500509217 ], [ -78.038615247824325, 39.291867622274701 ], [ -78.03856441934893, 39.29188740930509 ], [ -78.038515259943324, 39.29191285413463 ], [ -78.038511786158125, 39.291914488626908 ], [ -78.038510254530564, 39.291915112250685 ], [ -78.038455509400521, 39.291936423912759 ], [ -78.038406332028615, 39.291958385610542 ], [ -78.038350660735503, 39.291983694843999 ], [ -78.038300237400279, 39.292009795242109 ], [ -78.038248669611392, 39.29203648796782 ], [ -78.038245195826192, 39.292038123847654 ], [ -78.038243664198632, 39.292038746775148 ], [ -78.03818772071601, 39.292060525595005 ], [ -78.038181807106483, 39.29206244930004 ], [ -78.038173889355576, 39.292063973247039 ], [ -78.038110221259799, 39.29207179529385 ], [ -78.038102098693045, 39.292072245803638 ], [ -78.038093981516113, 39.292071613838495 ], [ -78.03803860936199, 39.292063537337 ], [ -78.037990922295151, 39.292063204321209 ], [ -78.037944940230688, 39.292077987022736 ], [ -78.037890030708951, 39.292095638939443 ], [ -78.037836700425473, 39.292112782637965 ], [ -78.037782277790612, 39.292133969098295 ], [ -78.037776509708181, 39.292135855258906 ], [ -78.037770462249682, 39.292137135178386 ], [ -78.037764245009612, 39.292137785914164 ], [ -78.037757969379044, 39.29213779703786 ], [ -78.037671725721864, 39.292133538750569 ], [ -78.037607767470263, 39.292135382502082 ], [ -78.037542193149463, 39.292153016328349 ], [ -78.037541018153078, 39.292153317363081 ], [ -78.037477765078975, 39.292168784847412 ], [ -78.037422536655299, 39.292187677031656 ], [ -78.037374359108298, 39.292212614929504 ], [ -78.037370884424774, 39.292214250110035 ], [ -78.037369352797228, 39.292214873035903 ], [ -78.037314619345267, 39.29223617974008 ], [ -78.037264826627393, 39.29225841178809 ], [ -78.03725696277543, 39.292261141258514 ], [ -78.037255885695359, 39.292261415874073 ], [ -78.03719213046304, 39.292277005694807 ], [ -78.037141930808318, 39.292293143352545 ], [ -78.036847399277789, 39.292424211975074 ], [ -78.036840150771781, 39.292426770413009 ], [ -78.036832432446857, 39.292428332589637 ], [ -78.036824473373443, 39.292428850534201 ], [ -78.036775621191651, 39.292442507585179 ], [ -78.036726009933489, 39.292458454712509 ], [ -78.036678275255881, 39.292483162393737 ], [ -78.0366291167486, 39.292508608397249 ], [ -78.036584113847809, 39.292538749256707 ], [ -78.03658278883276, 39.292539604385382 ], [ -78.036579513575248, 39.292541462725978 ], [ -78.036527944888036, 39.292568155249029 ], [ -78.036524470204526, 39.292569790421183 ], [ -78.036520814061319, 39.292571189216424 ], [ -78.03646054788554, 39.292591804062269 ], [ -78.036405876417348, 39.292613085623621 ], [ -78.036343816305944, 39.292638067169186 ], [ -78.036281139051937, 39.292663293425228 ], [ -78.036227505137902, 39.292684171734223 ], [ -78.036179639306297, 39.292708946772677 ], [ -78.03613470737244, 39.29273569832597 ], [ -78.036128578167236, 39.292738789294532 ], [ -78.036121891108252, 39.292741111344668 ], [ -78.036114808790543, 39.292742605382202 ], [ -78.036056558434282, 39.292751216432968 ], [ -78.036055108553398, 39.292751412486268 ], [ -78.036051261069048, 39.292751762184196 ], [ -78.035990553820469, 39.292755343980502 ], [ -78.035934361504502, 39.292762247558706 ], [ -78.035884635261937, 39.292778232155271 ], [ -78.035881821738499, 39.292779055995979 ], [ -78.035880744658442, 39.292779330609491 ], [ -78.03582142979856, 39.292793833679802 ], [ -78.035775438750946, 39.292817638147028 ], [ -78.035768897219043, 39.292820468403079 ], [ -78.035761844545746, 39.292822461609589 ], [ -78.035702558431936, 39.29283519810771 ], [ -78.035697323948796, 39.292836079651273 ], [ -78.035689434045651, 39.292836533632254 ], [ -78.035627717988987, 39.292836101203207 ], [ -78.035623675570221, 39.29283593087338 ], [ -78.035573775952813, 39.292832175275301 ], [ -78.035527609733734, 39.292845081406163 ], [ -78.035475559549553, 39.292868742639953 ], [ -78.035425134417693, 39.292894841317711 ], [ -78.035421660632508, 39.292896476482298 ], [ -78.035418004489287, 39.292897875271031 ], [ -78.035356647758746, 39.292918862660088 ], [ -78.035352859563204, 39.292920010472926 ], [ -78.035344941812284, 39.292921534401266 ], [ -78.035281273716521, 39.292929356352289 ], [ -78.035273149353088, 39.292929806161382 ], [ -78.035269230003507, 39.292929637917474 ], [ -78.035208350278396, 39.292925054314111 ], [ -78.035136651244002, 39.29291889255466 ], [ -78.035133098407044, 39.292918481678029 ], [ -78.035073577832947, 39.292909799039847 ], [ -78.034987002697449, 39.292897168924448 ], [ -78.034928227725032, 39.292888594738443 ], [ -78.034871849457801, 39.292891919990446 ], [ -78.034867560900636, 39.292892022188262 ], [ -78.034862996560676, 39.292891801107309 ], [ -78.034791618224844, 39.292885665068212 ], [ -78.034788066286183, 39.292885254191376 ], [ -78.034728544813774, 39.292876570853842 ], [ -78.034674686320912, 39.292868714135793 ], [ -78.034618375427328, 39.292871118913133 ], [ -78.034558343711851, 39.292885795770196 ], [ -78.034551509329162, 39.292887044390881 ], [ -78.034549164726272, 39.292887286328529 ], [ -78.034474680914514, 39.292893528041411 ], [ -78.034471334690053, 39.292893716446841 ], [ -78.034402573146622, 39.292895697832535 ], [ -78.034342438124881, 39.292906800543435 ], [ -78.034338880796355, 39.292907346988684 ], [ -78.034335032413679, 39.292907696685766 ], [ -78.034272406363641, 39.292911391100247 ], [ -78.034268116009855, 39.292911493298043 ], [ -78.034263551669881, 39.292911272217154 ], [ -78.034194234967629, 39.292905312766365 ], [ -78.034131663714831, 39.292904172600757 ], [ -78.034083791595023, 39.292906995901077 ], [ -78.034044917001125, 39.292927117039952 ], [ -78.033999912303685, 39.292957257024028 ], [ -78.033998588186961, 39.292958112147566 ], [ -78.03399267727238, 39.292961238562725 ], [ -78.033942143444378, 39.292983804087108 ], [ -78.033891188306526, 39.293006553142845 ], [ -78.033883323556196, 39.293009282584109 ], [ -78.033876861974363, 39.293010609067451 ], [ -78.03382229471076, 39.293018674336196 ], [ -78.033765121434499, 39.293034651921978 ], [ -78.033758289746771, 39.293036079212051 ], [ -78.033700038492171, 39.293044688141038 ], [ -78.033698588611315, 39.293044884888765 ], [ -78.033694740228626, 39.293045234585207 ], [ -78.033632113280277, 39.293048927601959 ], [ -78.033627824723112, 39.293049029799498 ], [ -78.033619707546194, 39.293048397843151 ], [ -78.033562275555141, 39.29304001833772 ], [ -78.033555219326942, 39.293039487275657 ], [ -78.033544799430061, 39.293014280889921 ], [ -78.033535200784456, 39.292979733857059 ], [ -78.033533183951135, 39.292966101198076 ], [ -78.033573581751298, 39.292969141850293 ] ] ] } },
{ "type": "Feature", "properties": { "Wetlands.OBJECTID": 14428605, "Wetlands.ATTRIBUTE": "R4SBC", "Wetlands.WETLAND_TYPE": "Riverine", "Wetlands.ACRES": 0.72493475581839573, "Wetlands.GLOBALID": "{AFF5FF27-14FD-49EE-B7ED-7648525168E1}", "Wetlands.Shape_Length": 1287.2676619798224, "Wetlands.Shape_Area": 4903.5731893060547, "NWI_Wetland_Codes.OBJECTID": 6016, "NWI_Wetland_Codes.ATTRIBUTE": "R4SBC", "NWI_Wetland_Codes.SYSTEM": "R", "NWI_Wetland_Codes.SYSTEM_NAME": "Riverine", "NWI_Wetland_Codes.SYSTEM_DEFINITION": "The Riverine System includes all wetlands and deepwater habitats contained within a channel, with two exceptions: (1) wetlands dominated by trees, shrubs, persistent emergents, emergent mosses, or lichens, and (2) habitats with water containing ocean-derived salts of 0.5 ppt or greater. A channel is an open conduit either naturally or artificially created which periodically or continuously contains moving water, or which forms a connecting link between two bodies of standing water.", "NWI_Wetland_Codes.SUBSYSTEM": "4", "NWI_Wetland_Codes.SUBSYSTEM_NAME": "Intermittent", "NWI_Wetland_Codes.SUBSYSTEM_DEFINITION": "This Subsystem includes channels that contain flowing water only part of the year. When the water is not flowing, it may remain in isolated pools or surface water may be absent.", "NWI_Wetland_Codes.CLASS": "SB", "NWI_Wetland_Codes.CLASS_NAME": "Streambed", "NWI_Wetland_Codes.CLASS_DEFINITION": "Includes all wetlands contained within the Intermittent Subsystem of the Riverine System and all channels of the Estuarine System or of the Tidal Subsystem of the Riverine System that are completely dewatered at low tide.", "NWI_Wetland_Codes.SUBCLASS": null, "NWI_Wetland_Codes.SUBCLASS_NAME": null, "NWI_Wetland_Codes.SUBCLASS_DEFINITION": null, "NWI_Wetland_Codes.SPLIT_CLASS": null, "NWI_Wetland_Codes.SPLIT_CLASS_NAME": null, "NWI_Wetland_Codes.SPLIT_CLASS_DEFINITION": null, "NWI_Wetland_Codes.SPLIT_SUBCLASS": null, "NWI_Wetland_Codes.SPLIT_SUBCLASS_NAME": null, "NWI_Wetland_Codes.SPLIT_SUBCLASS_DEFINITION": null, "NWI_Wetland_Codes.WATER_REGIME": "C", "NWI_Wetland_Codes.WATER_REGIME_NAME": "Seasonally Flooded", "NWI_Wetland_Codes.WATER_REGIME_SUBGROUP": "Nontidal", "NWI_Wetland_Codes.WATER_REGIME_DEFINITION": "Surface water is present for extended periods especially early in the growing season, but is absent by the end of the growing season in most years.  The water table after flooding ceases is variable, extending from saturated to the surface to a water table well below the ground surface.", "NWI_Wetland_Codes.MODIFIER1": null, "NWI_Wetland_Codes.MODIFIER1_NAME": null, "NWI_Wetland_Codes.MODIFIER1_GROUP": null, "NWI_Wetland_Codes.MODIFIER1_SUBGROUP": null, "NWI_Wetland_Codes.MODIFIER1_DEFINITION": null, "NWI_Wetland_Codes.MODIFIER2": null, "NWI_Wetland_Codes.MODIFIER2_NAME": null, "NWI_Wetland_Codes.MODIFIER2_GROUP": null, "NWI_Wetland_Codes.MODIFIER2_SUBGROUP": null, "NWI_Wetland_Codes.MODIFIER2_DEFINITION": null, "NWI_Wetland_Codes.Field1": null }, "geometry": { "type": "Polygon", "coordinates": [ [ [ -78.056958297055417, 39.285579665853675 ], [ -78.056915571383882, 39.285625746558836 ], [ -78.056880061879014, 39.285668055954865 ], [ -78.056879327955414, 39.285668895175625 ], [ -78.056844541594359, 39.285707089098167 ], [ -78.05684143971169, 39.285710029498112 ], [ -78.056837823094355, 39.28571260834488 ], [ -78.056833768997478, 39.285714774882031 ], [ -78.056829354676168, 39.285716483220185 ], [ -78.056767647602669, 39.285736333174604 ], [ -78.056763235077995, 39.285737495706336 ], [ -78.056758657263316, 39.285738200734521 ], [ -78.056702912308353, 39.285743885458814 ], [ -78.056645328502015, 39.285756267253937 ], [ -78.056599935732393, 39.285783307924333 ], [ -78.056555133155896, 39.285814409097462 ], [ -78.05655040981415, 39.285817168021339 ], [ -78.056545143889949, 39.285819278236524 ], [ -78.05653948540197, 39.285820680643084 ], [ -78.056480101371818, 39.285831255357671 ], [ -78.056477720836298, 39.285831614128959 ], [ -78.056474835447602, 39.285831876949771 ], [ -78.056404451546783, 39.285836041755687 ], [ -78.056402035976987, 39.285836120323793 ], [ -78.056338896090608, 39.285836532632665 ], [ -78.056338092996739, 39.285836531242055 ], [ -78.056335469916107, 39.285836427643368 ], [ -78.056273491551408, 39.285832203737534 ], [ -78.056270027647656, 39.285831834536886 ], [ -78.056203131006782, 39.285822085830745 ], [ -78.05619724434672, 39.285820814139392 ], [ -78.056192565920711, 39.285819147521408 ], [ -78.056141317932074, 39.285797258989923 ], [ -78.056090069943423, 39.285775370451638 ], [ -78.056086273663041, 39.285773496634988 ], [ -78.056082826827293, 39.285771264742039 ], [ -78.056079786928365, 39.285768710928025 ], [ -78.056042735016163, 39.28573254451689 ], [ -78.055992481462539, 39.285708019402051 ], [ -78.055944315593635, 39.285687446333228 ], [ -78.055883533784879, 39.285669539018613 ], [ -78.055819299750496, 39.285655481547437 ], [ -78.055816507786588, 39.285654772346618 ], [ -78.055815761286595, 39.285654547766384 ], [ -78.05575726928349, 39.285636410995934 ], [ -78.055700371790024, 39.285618767185191 ], [ -78.055642358588969, 39.285605639313765 ], [ -78.055639870255646, 39.285604997556106 ], [ -78.055639123755654, 39.285604772975667 ], [ -78.055582227160485, 39.28558712985226 ], [ -78.055525893809019, 39.285574381606374 ], [ -78.05546679634142, 39.285565769673063 ], [ -78.055411574205976, 39.28555772231897 ], [ -78.055358790996493, 39.285563103908885 ], [ -78.055244889110057, 39.285573654327074 ], [ -78.055244258492721, 39.285573385942925 ], [ -78.055193011402395, 39.285551495944063 ], [ -78.055162448021477, 39.285538441066116 ], [ -78.055162866636394, 39.285537781230154 ], [ -78.055166447321128, 39.285533998124045 ], [ -78.055170835591298, 39.28553074622404 ], [ -78.055175896699595, 39.285528125652775 ], [ -78.055181478830775, 39.285526213588277 ], [ -78.055187410406589, 39.285525070521338 ], [ -78.055188779439078, 39.285524923118523 ], [ -78.055349964150523, 39.285509993021385 ], [ -78.055407916266134, 39.285504084392684 ], [ -78.055413071697529, 39.285503850773075 ], [ -78.055419157783589, 39.285504323574663 ], [ -78.055479973728325, 39.285513185822211 ], [ -78.05554078967306, 39.285522048068621 ], [ -78.055544187999786, 39.2855226787023 ], [ -78.055603841524558, 39.285536179267986 ], [ -78.055606329857866, 39.28553682102627 ], [ -78.055607076357873, 39.285537044911628 ], [ -78.055663972953027, 39.285554688047696 ], [ -78.055721986154069, 39.285567816623924 ], [ -78.05572447448742, 39.285568458381931 ], [ -78.055725220987412, 39.285568682267161 ], [ -78.055783712990504, 39.285586819750414 ], [ -78.055840460465319, 39.285604416289139 ], [ -78.05590440075062, 39.285618409803376 ], [ -78.055907278952787, 39.285619144035181 ], [ -78.055971940585252, 39.285638193037279 ], [ -78.055976444738093, 39.285639808903035 ], [ -78.05602769272673, 39.285661698178998 ], [ -78.056028522770063, 39.285662063904113 ], [ -78.05602946150951, 39.285662506806908 ], [ -78.056085627774337, 39.28568991880077 ], [ -78.056089650430195, 39.285692206319887 ], [ -78.056094141108304, 39.285695769009081 ], [ -78.056130539046976, 39.285731295768585 ], [ -78.056175625491079, 39.285750551937703 ], [ -78.056221901304625, 39.285770317751954 ], [ -78.056281486557424, 39.285779000580035 ], [ -78.056340014493145, 39.285782989479827 ], [ -78.056400213295262, 39.285782595943644 ], [ -78.056466744321853, 39.285778659190861 ], [ -78.056514627221432, 39.285770132108475 ], [ -78.056553659918848, 39.285743036504776 ], [ -78.056555395463974, 39.285741909433156 ], [ -78.056607547157796, 39.285710838820734 ], [ -78.056611298522412, 39.285708887824747 ], [ -78.056615349026018, 39.285707322717037 ], [ -78.056619631294978, 39.285706169918946 ], [ -78.056686258441289, 39.285691844071408 ], [ -78.056690182282466, 39.285691182151034 ], [ -78.056691130903403, 39.285691076466229 ], [ -78.05674468935895, 39.285685614231944 ], [ -78.05679268903954, 39.285670173822716 ], [ -78.056821285109976, 39.285638776389831 ], [ -78.056856879954779, 39.285596365463022 ], [ -78.056857783659964, 39.285595341292691 ], [ -78.056889796267086, 39.285560814757133 ], [ -78.056930601371505, 39.285569863865327 ], [ -78.056959176757104, 39.285578634628706 ], [ -78.056958297055417, 39.285579665853675 ] ] ] } },
{ "type": "Feature", "properties": { "Wetlands.OBJECTID": 14428606, "Wetlands.ATTRIBUTE": "R4SBC", "Wetlands.WETLAND_TYPE": "Riverine", "Wetlands.ACRES": 1.1402882668936707, "Wetlands.GLOBALID": "{57C1F422-A6DE-4760-8DAC-6B4C38C87F88}", "Wetlands.Shape_Length": 1788.9922528355014, "Wetlands.Shape_Area": 7712.658570065134, "NWI_Wetland_Codes.OBJECTID": 6016, "NWI_Wetland_Codes.ATTRIBUTE": "R4SBC", "NWI_Wetland_Codes.SYSTEM": "R", "NWI_Wetland_Codes.SYSTEM_NAME": "Riverine", "NWI_Wetland_Codes.SYSTEM_DEFINITION": "The Riverine System includes all wetlands and deepwater habitats contained within a channel, with two exceptions: (1) wetlands dominated by trees, shrubs, persistent emergents, emergent mosses, or lichens, and (2) habitats with water containing ocean-derived salts of 0.5 ppt or greater. A channel is an open conduit either naturally or artificially created which periodically or continuously contains moving water, or which forms a connecting link between two bodies of standing water.", "NWI_Wetland_Codes.SUBSYSTEM": "4", "NWI_Wetland_Codes.SUBSYSTEM_NAME": "Intermittent", "NWI_Wetland_Codes.SUBSYSTEM_DEFINITION": "This Subsystem includes channels that contain flowing water only part of the year. When the water is not flowing, it may remain in isolated pools or surface water may be absent.", "NWI_Wetland_Codes.CLASS": "SB", "NWI_Wetland_Codes.CLASS_NAME": "Streambed", "NWI_Wetland_Codes.CLASS_DEFINITION": "Includes all wetlands contained within the Intermittent Subsystem of the Riverine System and all channels of the Estuarine System or of the Tidal Subsystem of the Riverine System that are completely dewatered at low tide.", "NWI_Wetland_Codes.SUBCLASS": null, "NWI_Wetland_Codes.SUBCLASS_NAME": null, "NWI_Wetland_Codes.SUBCLASS_DEFINITION": null, "NWI_Wetland_Codes.SPLIT_CLASS": null, "NWI_Wetland_Codes.SPLIT_CLASS_NAME": null, "NWI_Wetland_Codes.SPLIT_CLASS_DEFINITION": null, "NWI_Wetland_Codes.SPLIT_SUBCLASS": null, "NWI_Wetland_Codes.SPLIT_SUBCLASS_NAME": null, "NWI_Wetland_Codes.SPLIT_SUBCLASS_DEFINITION": null, "NWI_Wetland_Codes.WATER_REGIME": "C", "NWI_Wetland_Codes.WATER_REGIME_NAME": "Seasonally Flooded", "NWI_Wetland_Codes.WATER_REGIME_SUBGROUP": "Nontidal", "NWI_Wetland_Codes.WATER_REGIME_DEFINITION": "Surface water is present for extended periods especially early in the growing season, but is absent by the end of the growing season in most years.  The water table after flooding ceases is variable, extending from saturated to the surface to a water table well below the ground surface.", "NWI_Wetland_Codes.MODIFIER1": null, "NWI_Wetland_Codes.MODIFIER1_NAME": null, "NWI_Wetland_Codes.MODIFIER1_GROUP": null, "NWI_Wetland_Codes.MODIFIER1_SUBGROUP": null, "NWI_Wetland_Codes.MODIFIER1_DEFINITION": null, "NWI_Wetland_Codes.MODIFIER2": null, "NWI_Wetland_Codes.MODIFIER2_NAME": null, "NWI_Wetland_Codes.MODIFIER2_GROUP": null, "NWI_Wetland_Codes.MODIFIER2_SUBGROUP": null, "NWI_Wetland_Codes.MODIFIER2_DEFINITION": null, "NWI_Wetland_Codes.Field1": null }, "geometry": { "type": "Polygon", "coordinates": [ [ [ -78.047569076061393, 39.284531551940532 ], [ -78.04750853050956, 39.284546760368571 ], [ -78.047451739915616, 39.284572129295775 ], [ -78.047405950090635, 39.284603910320136 ], [ -78.047345403640477, 39.284619118037156 ], [ -78.047282264652424, 39.284619526876639 ], [ -78.047215369808171, 39.284609773829942 ], [ -78.047156880500026, 39.28459163192182 ], [ -78.047098392090192, 39.284573490009002 ], [ -78.047038740362055, 39.284559985781215 ], [ -78.046977928010591, 39.284551119241257 ], [ -78.046919707298699, 39.284557052286061 ], [ -78.046857730730622, 39.284552823435938 ], [ -78.046808811175211, 39.284521655648476 ], [ -78.04677554386528, 39.284478348490261 ], [ -78.046744601395332, 39.284425766604215 ], [ -78.046710169868788, 39.284387097783281 ], [ -78.046651683255575, 39.284368955817484 ], [ -78.046420858448386, 39.284359336234971 ], [ -78.046371940689596, 39.284328168361426 ], [ -78.046428729486905, 39.284302800041132 ], [ -78.046488113517071, 39.284292229267592 ], [ -78.046546333330653, 39.284286296895672 ], [ -78.046607147478753, 39.284295164164476 ], [ -78.046667960728541, 39.284304030736891 ], [ -78.04672877397833, 39.284312897308169 ], [ -78.046780019272035, 39.28433479047537 ], [ -78.046821693016369, 39.284369708140375 ], [ -78.046856123644588, 39.284408377666225 ], [ -78.046876065345572, 39.284454548836621 ], [ -78.046924984900997, 39.284485715958624 ], [ -78.046985798150786, 39.284494582506909 ], [ -78.047048938037165, 39.284494174362024 ], [ -78.047230271960416, 39.284534940862208 ], [ -78.047413553431198, 39.284523298656914 ], [ -78.04746917980853, 39.284502566710309 ], [ -78.047519888808012, 39.28447631124191 ], [ -78.047525970402489, 39.284477197757838 ], [ -78.047530561576963, 39.284472482162428 ], [ -78.047538460934291, 39.284477353536793 ], [ -78.047571143785575, 39.284501930795884 ], [ -78.047580685068084, 39.284509846307287 ], [ -78.047590226352725, 39.284517761817966 ], [ -78.047591063712389, 39.284518456496784 ], [ -78.047569076061393, 39.284531551940532 ] ] ] } },
{ "type": "Feature", "properties": { "Wetlands.OBJECTID": 14428612, "Wetlands.ATTRIBUTE": "R4SBC", "Wetlands.WETLAND_TYPE": "Riverine", "Wetlands.ACRES": 0.16183259850554566, "Wetlands.GLOBALID": "{DC21E915-CE9C-4AA0-9310-2B23285C83B3}", "Wetlands.Shape_Length": 301.52365266094046, "Wetlands.Shape_Area": 1094.8359068551035, "NWI_Wetland_Codes.OBJECTID": 6016, "NWI_Wetland_Codes.ATTRIBUTE": "R4SBC", "NWI_Wetland_Codes.SYSTEM": "R", "NWI_Wetland_Codes.SYSTEM_NAME": "Riverine", "NWI_Wetland_Codes.SYSTEM_DEFINITION": "The Riverine System includes all wetlands and deepwater habitats contained within a channel, with two exceptions: (1) wetlands dominated by trees, shrubs, persistent emergents, emergent mosses, or lichens, and (2) habitats with water containing ocean-derived salts of 0.5 ppt or greater. A channel is an open conduit either naturally or artificially created which periodically or continuously contains moving water, or which forms a connecting link between two bodies of standing water.", "NWI_Wetland_Codes.SUBSYSTEM": "4", "NWI_Wetland_Codes.SUBSYSTEM_NAME": "Intermittent", "NWI_Wetland_Codes.SUBSYSTEM_DEFINITION": "This Subsystem includes channels that contain flowing water only part of the year. When the water is not flowing, it may remain in isolated pools or surface water may be absent.", "NWI_Wetland_Codes.CLASS": "SB", "NWI_Wetland_Codes.CLASS_NAME": "Streambed", "NWI_Wetland_Codes.CLASS_DEFINITION": "Includes all wetlands contained within the Intermittent Subsystem of the Riverine System and all channels of the Estuarine System or of the Tidal Subsystem of the Riverine System that are completely dewatered at low tide.", "NWI_Wetland_Codes.SUBCLASS": null, "NWI_Wetland_Codes.SUBCLASS_NAME": null, "NWI_Wetland_Codes.SUBCLASS_DEFINITION": null, "NWI_Wetland_Codes.SPLIT_CLASS": null, "NWI_Wetland_Codes.SPLIT_CLASS_NAME": null, "NWI_Wetland_Codes.SPLIT_CLASS_DEFINITION": null, "NWI_Wetland_Codes.SPLIT_SUBCLASS": null, "NWI_Wetland_Codes.SPLIT_SUBCLASS_NAME": null, "NWI_Wetland_Codes.SPLIT_SUBCLASS_DEFINITION": null, "NWI_Wetland_Codes.WATER_REGIME": "C", "NWI_Wetland_Codes.WATER_REGIME_NAME": "Seasonally Flooded", "NWI_Wetland_Codes.WATER_REGIME_SUBGROUP": "Nontidal", "NWI_Wetland_Codes.WATER_REGIME_DEFINITION": "Surface water is present for extended periods especially early in the growing season, but is absent by the end of the growing season in most years.  The water table after flooding ceases is variable, extending from saturated to the surface to a water table well below the ground surface.", "NWI_Wetland_Codes.MODIFIER1": null, "NWI_Wetland_Codes.MODIFIER1_NAME": null, "NWI_Wetland_Codes.MODIFIER1_GROUP": null, "NWI_Wetland_Codes.MODIFIER1_SUBGROUP": null, "NWI_Wetland_Codes.MODIFIER1_DEFINITION": null, "NWI_Wetland_Codes.MODIFIER2": null, "NWI_Wetland_Codes.MODIFIER2_NAME": null, "NWI_Wetland_Codes.MODIFIER2_GROUP": null, "NWI_Wetland_Codes.MODIFIER2_SUBGROUP": null, "NWI_Wetland_Codes.MODIFIER2_DEFINITION": null, "NWI_Wetland_Codes.Field1": null }, "geometry": { "type": "Polygon", "coordinates": [ [ [ -78.046866790240259, 39.29076719080895 ], [ -78.046813908216109, 39.29075948124602 ], [ -78.046810813519969, 39.290758918098177 ], [ -78.046752582028304, 39.290746170098501 ], [ -78.046541273120653, 39.290702316155389 ], [ -78.046539794493683, 39.29070194906614 ], [ -78.04654891958036, 39.290697872845669 ], [ -78.046549953541231, 39.29069374726258 ], [ -78.04655132526868, 39.290649747980375 ], [ -78.046557084367961, 39.290650195718335 ], [ -78.046559711041851, 39.290650658751751 ], [ -78.046771468208831, 39.290694608671011 ], [ -78.046828659451407, 39.290707126554054 ], [ -78.046886614261965, 39.290715575863139 ], [ -78.046890922582051, 39.290716422671146 ], [ -78.046895054832362, 39.290717678283031 ], [ -78.046898947232506, 39.290719323231841 ], [ -78.046948918715145, 39.290743715190565 ], [ -78.046997196873434, 39.290767280495466 ], [ -78.047050455291696, 39.29078715752329 ], [ -78.047103533148558, 39.29080279703463 ], [ -78.047159944653458, 39.290811020377923 ], [ -78.047221768507953, 39.290820033517086 ], [ -78.047280426699373, 39.29082044023459 ], [ -78.047343916928696, 39.290821589472301 ], [ -78.047398436581602, 39.290813524645806 ], [ -78.047399523543106, 39.290813377254132 ], [ -78.047400472164028, 39.290813270186604 ], [ -78.047462543953543, 39.290806946249582 ], [ -78.047507291732799, 39.29078696007403 ], [ -78.047511079928341, 39.290785529261953 ], [ -78.047565985856835, 39.290767873538726 ], [ -78.047567539043939, 39.290767407029939 ], [ -78.047628133104809, 39.29075046392763 ], [ -78.047632621986281, 39.290749492671289 ], [ -78.047637238428521, 39.290748983057192 ], [ -78.04764190517642, 39.290748945513997 ], [ -78.047646535093392, 39.29074937934643 ], [ -78.04770605566749, 39.290758056690528 ], [ -78.047708896140435, 39.290758564914093 ], [ -78.047748471420263, 39.290766983626206 ], [ -78.047763360996115, 39.290797940061182 ], [ -78.047776953404679, 39.29082251623209 ], [ -78.047774891771098, 39.290823222599592 ], [ -78.04776896019527, 39.290824364884777 ], [ -78.04776285614291, 39.290824704163725 ], [ -78.047756769158539, 39.290824231398034 ], [ -78.047753928685623, 39.29082372317496 ], [ -78.047691442772759, 39.2908104315065 ], [ -78.047642902306393, 39.290803354620124 ], [ -78.047592501429051, 39.290817448601189 ], [ -78.047540475499389, 39.290834178942731 ], [ -78.047491620622665, 39.290855999156634 ], [ -78.047487560237556, 39.290857516177439 ], [ -78.047483276171988, 39.290858621614241 ], [ -78.047478842087727, 39.290859297390675 ], [ -78.04741078033193, 39.29086623174652 ], [ -78.047353559444943, 39.290874695636496 ], [ -78.047352473381778, 39.290874843723252 ], [ -78.047346204039428, 39.290875180916167 ], [ -78.047279266974328, 39.290873968412185 ], [ -78.04721787161624, 39.290873543618645 ], [ -78.047211692105378, 39.290873069462862 ], [ -78.047146760080025, 39.290863603727203 ], [ -78.047087240404267, 39.2908549263962 ], [ -78.047081266607606, 39.290853628376944 ], [ -78.047023727717033, 39.290836674866895 ], [ -78.047020948329532, 39.290835748802543 ], [ -78.046964531434753, 39.290814694045714 ], [ -78.046961975727768, 39.29081363797053 ], [ -78.046961037886618, 39.290813195100313 ], [ -78.046911066403993, 39.29078880247053 ], [ -78.046866790240259, 39.29076719080895 ] ] ] } },
{ "type": "Feature", "properties": { "Wetlands.OBJECTID": 14428613, "Wetlands.ATTRIBUTE": "R4SBC", "Wetlands.WETLAND_TYPE": "Riverine", "Wetlands.ACRES": 0.3465803107123272, "Wetlands.GLOBALID": "{5DA437E7-B806-4E20-8493-DE9BFA6B75D4}", "Wetlands.Shape_Length": 627.17526491963167, "Wetlands.Shape_Area": 2344.6778388468824, "NWI_Wetland_Codes.OBJECTID": 6016, "NWI_Wetland_Codes.ATTRIBUTE": "R4SBC", "NWI_Wetland_Codes.SYSTEM": "R", "NWI_Wetland_Codes.SYSTEM_NAME": "Riverine", "NWI_Wetland_Codes.SYSTEM_DEFINITION": "The Riverine System includes all wetlands and deepwater habitats contained within a channel, with two exceptions: (1) wetlands dominated by trees, shrubs, persistent emergents, emergent mosses, or lichens, and (2) habitats with water containing ocean-derived salts of 0.5 ppt or greater. A channel is an open conduit either naturally or artificially created which periodically or continuously contains moving water, or which forms a connecting link between two bodies of standing water.", "NWI_Wetland_Codes.SUBSYSTEM": "4", "NWI_Wetland_Codes.SUBSYSTEM_NAME": "Intermittent", "NWI_Wetland_Codes.SUBSYSTEM_DEFINITION": "This Subsystem includes channels that contain flowing water only part of the year. When the water is not flowing, it may remain in isolated pools or surface water may be absent.", "NWI_Wetland_Codes.CLASS": "SB", "NWI_Wetland_Codes.CLASS_NAME": "Streambed", "NWI_Wetland_Codes.CLASS_DEFINITION": "Includes all wetlands contained within the Intermittent Subsystem of the Riverine System and all channels of the Estuarine System or of the Tidal Subsystem of the Riverine System that are completely dewatered at low tide.", "NWI_Wetland_Codes.SUBCLASS": null, "NWI_Wetland_Codes.SUBCLASS_NAME": null, "NWI_Wetland_Codes.SUBCLASS_DEFINITION": null, "NWI_Wetland_Codes.SPLIT_CLASS": null, "NWI_Wetland_Codes.SPLIT_CLASS_NAME": null, "NWI_Wetland_Codes.SPLIT_CLASS_DEFINITION": null, "NWI_Wetland_Codes.SPLIT_SUBCLASS": null, "NWI_Wetland_Codes.SPLIT_SUBCLASS_NAME": null, "NWI_Wetland_Codes.SPLIT_SUBCLASS_DEFINITION": null, "NWI_Wetland_Codes.WATER_REGIME": "C", "NWI_Wetland_Codes.WATER_REGIME_NAME": "Seasonally Flooded", "NWI_Wetland_Codes.WATER_REGIME_SUBGROUP": "Nontidal", "NWI_Wetland_Codes.WATER_REGIME_DEFINITION": "Surface water is present for extended periods especially early in the growing season, but is absent by the end of the growing season in most years.  The water table after flooding ceases is variable, extending from saturated to the surface to a water table well below the ground surface.", "NWI_Wetland_Codes.MODIFIER1": null, "NWI_Wetland_Codes.MODIFIER1_NAME": null, "NWI_Wetland_Codes.MODIFIER1_GROUP": null, "NWI_Wetland_Codes.MODIFIER1_SUBGROUP": null, "NWI_Wetland_Codes.MODIFIER1_DEFINITION": null, "NWI_Wetland_Codes.MODIFIER2": null, "NWI_Wetland_Codes.MODIFIER2_NAME": null, "NWI_Wetland_Codes.MODIFIER2_GROUP": null, "NWI_Wetland_Codes.MODIFIER2_SUBGROUP": null, "NWI_Wetland_Codes.MODIFIER2_DEFINITION": null, "NWI_Wetland_Codes.Field1": null }, "geometry": { "type": "Polygon", "coordinates": [ [ [ -78.044453376397954, 39.290474303991729 ], [ -78.04439157500137, 39.29045246627777 ], [ -78.044336182185987, 39.2904317951823 ], [ -78.044284608108896, 39.29041659637511 ], [ -78.044230108218926, 39.290412498585418 ], [ -78.044164197029886, 39.29041130136887 ], [ -78.044093560702464, 39.290409347027577 ], [ -78.044032926217412, 39.290412927553184 ], [ -78.04397030465897, 39.290416626966007 ], [ -78.043968370586157, 39.290416699967054 ], [ -78.043889513775582, 39.290418032061481 ], [ -78.043888229184716, 39.290418035537741 ], [ -78.043882142200346, 39.290417562769363 ], [ -78.043817211073289, 39.290408094886416 ], [ -78.043811632535395, 39.290406910879533 ], [ -78.043749998225437, 39.290389536636269 ], [ -78.043694299084564, 39.290377341986769 ], [ -78.043636090050768, 39.290368853007784 ], [ -78.043438420264081, 39.290337701018316 ], [ -78.043435598655776, 39.290309922361779 ], [ -78.043417751826027, 39.290301210199758 ], [ -78.043408898928888, 39.290292566866221 ], [ -78.043409034574509, 39.29029242294969 ], [ -78.043413424641287, 39.290289171270636 ], [ -78.043418485749598, 39.290286550877411 ], [ -78.043424068779089, 39.290284639638088 ], [ -78.043430001253228, 39.290283497344035 ], [ -78.043436105305588, 39.290283158062529 ], [ -78.043442447411508, 39.290283670461001 ], [ -78.043649813613357, 39.290316349935786 ], [ -78.04370905301478, 39.290324987704359 ], [ -78.043712147710934, 39.290325550855684 ], [ -78.043770631629172, 39.290338355247094 ], [ -78.043773115470955, 39.290338976799177 ], [ -78.043833253187643, 39.290355928344006 ], [ -78.043891676918776, 39.290364447220263 ], [ -78.043965841828637, 39.29036319438309 ], [ -78.044027503986371, 39.290359551977794 ], [ -78.044090129138098, 39.290355853952434 ], [ -78.044093346005113, 39.290355776779897 ], [ -78.044094113166366, 39.290355791380101 ], [ -78.044166278426403, 39.290357789523554 ], [ -78.044233086134071, 39.290359001341194 ], [ -78.044235695739985, 39.290359123009615 ], [ -78.044296251173293, 39.290363675494788 ], [ -78.044299399768363, 39.290364023118904 ], [ -78.044305373564995, 39.290365321147227 ], [ -78.044362910658961, 39.29038227685718 ], [ -78.044365689148123, 39.290383202927472 ], [ -78.04442179342918, 39.290404143098193 ], [ -78.044483594825792, 39.29042598221772 ], [ -78.0445403476905, 39.290447160150258 ], [ -78.044542903397485, 39.290448216230921 ], [ -78.044545184219999, 39.290449348093624 ], [ -78.044595977661089, 39.290476740137429 ], [ -78.044649366335065, 39.290492472185896 ], [ -78.04465387048792, 39.290494088634908 ], [ -78.044708254495191, 39.290517322391153 ], [ -78.044761633287706, 39.290521336049963 ], [ -78.044827731326308, 39.290526687362885 ], [ -78.044830616715004, 39.290527013433476 ], [ -78.044937505454016, 39.290542598773676 ], [ -78.045004612300687, 39.290548362366067 ], [ -78.045067858188276, 39.290545657162511 ], [ -78.045128939136006, 39.290538147806124 ], [ -78.045192624299773, 39.290528007636041 ], [ -78.045238516532677, 39.290507511765036 ], [ -78.045244415769162, 39.290505462872886 ], [ -78.045249262180121, 39.290504467974749 ], [ -78.04530750984145, 39.290495854561961 ], [ -78.045308595006347, 39.290495706474353 ], [ -78.045314511310764, 39.290495365108164 ], [ -78.045376195028084, 39.290495792684972 ], [ -78.045382375437228, 39.29049626684332 ], [ -78.045383665417972, 39.29049645456 ], [ -78.045566315373122, 39.290489637664244 ], [ -78.045568536906828, 39.29048960915916 ], [ -78.045574623891198, 39.290490082622284 ], [ -78.045634144465282, 39.290498760693744 ], [ -78.045693664141055, 39.290507438764145 ], [ -78.045753183816842, 39.290516116138207 ], [ -78.045812703492615, 39.290524794206455 ], [ -78.045815798188784, 39.290525357356181 ], [ -78.045874283903672, 39.290538161015775 ], [ -78.045877162105825, 39.290538895891274 ], [ -78.045934701894723, 39.290555850168722 ], [ -78.045936805749136, 39.290556531510042 ], [ -78.045995858300955, 39.290577395847109 ], [ -78.046067624708996, 39.290591966812293 ], [ -78.04607107244307, 39.290592814317051 ], [ -78.046076581810695, 39.290594846520776 ], [ -78.046077477431027, 39.290595340145359 ], [ -78.046058593047135, 39.290617833431398 ], [ -78.04607066460791, 39.2906429317948 ], [ -78.046070123822119, 39.290643116034836 ], [ -78.04606419134798, 39.290644259018251 ], [ -78.046058087295634, 39.290644598298037 ], [ -78.046052000311263, 39.290644124835893 ], [ -78.046049561385274, 39.29064370004096 ], [ -78.045974843113186, 39.29062852978489 ], [ -78.045971396277452, 39.290627682280594 ], [ -78.045969117251573, 39.290626950187011 ], [ -78.045908328256303, 39.290605471962714 ], [ -78.045853408853077, 39.290589289420261 ], [ -78.045797951359035, 39.29057714833953 ], [ -78.045739998345098, 39.29056869901374 ], [ -78.045680478669311, 39.29056002095092 ], [ -78.045620958993538, 39.290551343582266 ], [ -78.045565559889994, 39.290543266210207 ], [ -78.045382909934816, 39.29055008310069 ], [ -78.045380687502814, 39.290550111605818 ], [ -78.045374600518457, 39.290549638143098 ], [ -78.045372299034682, 39.290549302339073 ], [ -78.045317404784328, 39.290548922734622 ], [ -78.04526851577161, 39.290556152600843 ], [ -78.045222843625922, 39.290576549037382 ], [ -78.045216946186073, 39.290578597927514 ], [ -78.045212592950207, 39.290579517737996 ], [ -78.045142488425441, 39.290590680607345 ], [ -78.0451409046956, 39.290590904476531 ], [ -78.045077241989731, 39.290598730859386 ], [ -78.045073619982517, 39.290599029815077 ], [ -78.045005585176142, 39.290601939418835 ], [ -78.045003113012484, 39.290601978352598 ], [ -78.044999689532915, 39.290601813579343 ], [ -78.044928312993719, 39.290595683596784 ], [ -78.044925648590592, 39.290595374907618 ], [ -78.044818859564558, 39.290579804874653 ], [ -78.044754575224516, 39.290574599567471 ], [ -78.044694060215392, 39.290570049876941 ], [ -78.044689304534273, 39.290569438755604 ], [ -78.044684705160037, 39.290568336095205 ], [ -78.044680345635953, 39.290566763448439 ], [ -78.044621732360284, 39.290541722763187 ], [ -78.044566607242885, 39.290525478329101 ], [ -78.044561272148414, 39.290523496876339 ], [ -78.044558991325886, 39.290522365014908 ], [ -78.044506949226559, 39.290494299294707 ], [ -78.044453376397954, 39.290474303991729 ] ] ] } },
{ "type": "Feature", "properties": { "Wetlands.OBJECTID": 14428615, "Wetlands.ATTRIBUTE": "R4SBC", "Wetlands.WETLAND_TYPE": "Riverine", "Wetlands.ACRES": 1.4059924491891527, "Wetlands.GLOBALID": "{797A2897-0BA7-4BA4-A2A5-14C397163412}", "Wetlands.Shape_Length": 2476.3267316204906, "Wetlands.Shape_Area": 9511.975814967047, "NWI_Wetland_Codes.OBJECTID": 6016, "NWI_Wetland_Codes.ATTRIBUTE": "R4SBC", "NWI_Wetland_Codes.SYSTEM": "R", "NWI_Wetland_Codes.SYSTEM_NAME": "Riverine", "NWI_Wetland_Codes.SYSTEM_DEFINITION": "The Riverine System includes all wetlands and deepwater habitats contained within a channel, with two exceptions: (1) wetlands dominated by trees, shrubs, persistent emergents, emergent mosses, or lichens, and (2) habitats with water containing ocean-derived salts of 0.5 ppt or greater. A channel is an open conduit either naturally or artificially created which periodically or continuously contains moving water, or which forms a connecting link between two bodies of standing water.", "NWI_Wetland_Codes.SUBSYSTEM": "4", "NWI_Wetland_Codes.SUBSYSTEM_NAME": "Intermittent", "NWI_Wetland_Codes.SUBSYSTEM_DEFINITION": "This Subsystem includes channels that contain flowing water only part of the year. When the water is not flowing, it may remain in isolated pools or surface water may be absent.", "NWI_Wetland_Codes.CLASS": "SB", "NWI_Wetland_Codes.CLASS_NAME": "Streambed", "NWI_Wetland_Codes.CLASS_DEFINITION": "Includes all wetlands contained within the Intermittent Subsystem of the Riverine System and all channels of the Estuarine System or of the Tidal Subsystem of the Riverine System that are completely dewatered at low tide.", "NWI_Wetland_Codes.SUBCLASS": null, "NWI_Wetland_Codes.SUBCLASS_NAME": null, "NWI_Wetland_Codes.SUBCLASS_DEFINITION": null, "NWI_Wetland_Codes.SPLIT_CLASS": null, "NWI_Wetland_Codes.SPLIT_CLASS_NAME": null, "NWI_Wetland_Codes.SPLIT_CLASS_DEFINITION": null, "NWI_Wetland_Codes.SPLIT_SUBCLASS": null, "NWI_Wetland_Codes.SPLIT_SUBCLASS_NAME": null, "NWI_Wetland_Codes.SPLIT_SUBCLASS_DEFINITION": null, "NWI_Wetland_Codes.WATER_REGIME": "C", "NWI_Wetland_Codes.WATER_REGIME_NAME": "Seasonally Flooded", "NWI_Wetland_Codes.WATER_REGIME_SUBGROUP": "Nontidal", "NWI_Wetland_Codes.WATER_REGIME_DEFINITION": "Surface water is present for extended periods especially early in the growing season, but is absent by the end of the growing season in most years.  The water table after flooding ceases is variable, extending from saturated to the surface to a water table well below the ground surface.", "NWI_Wetland_Codes.MODIFIER1": null, "NWI_Wetland_Codes.MODIFIER1_NAME": null, "NWI_Wetland_Codes.MODIFIER1_GROUP": null, "NWI_Wetland_Codes.MODIFIER1_SUBGROUP": null, "NWI_Wetland_Codes.MODIFIER1_DEFINITION": null, "NWI_Wetland_Codes.MODIFIER2": null, "NWI_Wetland_Codes.MODIFIER2_NAME": null, "NWI_Wetland_Codes.MODIFIER2_GROUP": null, "NWI_Wetland_Codes.MODIFIER2_SUBGROUP": null, "NWI_Wetland_Codes.MODIFIER2_DEFINITION": null, "NWI_Wetland_Codes.Field1": null }, "geometry": { "type": "Polygon", "coordinates": [ [ [ -78.055029071557982, 39.291348441718988 ], [ -78.054974614787156, 39.291360150227788 ], [ -78.054970689149357, 39.291360811399379 ], [ -78.05496780286235, 39.291361074199436 ], [ -78.054905178608948, 39.291364777733612 ], [ -78.054902149489806, 39.291364856990761 ], [ -78.054840464874189, 39.291364434285924 ], [ -78.054834284465045, 39.29136396082869 ], [ -78.054774762094311, 39.291355287035891 ], [ -78.054709830068944, 39.291345824841628 ], [ -78.054706735372804, 39.291345262393747 ], [ -78.054648247861294, 39.291332463053124 ], [ -78.054645367862477, 39.291331728186009 ], [ -78.054587827175268, 39.291314777572595 ], [ -78.054585047787782, 39.291313852209818 ], [ -78.054531403992272, 39.291293836283714 ], [ -78.054476135144412, 39.29128174051565 ], [ -78.054406937918074, 39.291267386608617 ], [ -78.054344344207394, 39.291254075557674 ], [ -78.054280840503324, 39.291244821226321 ], [ -78.054277745807184, 39.291244258777617 ], [ -78.054219257397335, 39.291231458723331 ], [ -78.054160807615062, 39.291218667009574 ], [ -78.054097126044582, 39.291205124434498 ], [ -78.054094078959139, 39.291204361061148 ], [ -78.054089399634833, 39.291202695266549 ], [ -78.054028604351331, 39.291176729444111 ], [ -78.054027774308011, 39.291176363052585 ], [ -78.054026835568536, 39.291175920184649 ], [ -78.053979838407813, 39.291152983514486 ], [ -78.053927147724835, 39.291137460881821 ], [ -78.05387624558756, 39.291126321737821 ], [ -78.053819935592315, 39.291129651244979 ], [ -78.053757312237209, 39.29113335548665 ], [ -78.053754094471884, 39.291133432658299 ], [ -78.053751229744421, 39.291133312381731 ], [ -78.053655752304451, 39.291126296013957 ], [ -78.053786264938822, 39.291188514458035 ], [ -78.053790602005023, 39.291190954055118 ], [ -78.053795092683103, 39.291194517159788 ], [ -78.053831370247536, 39.291229922939138 ], [ -78.053834411044789, 39.291233428336945 ], [ -78.053836695460546, 39.291237252154325 ], [ -78.053838166002663, 39.291241303314749 ], [ -78.053848325948536, 39.291281228124497 ], [ -78.053872541833641, 39.291312743304076 ], [ -78.053910157887856, 39.291340938010613 ], [ -78.05395736076278, 39.291368441639015 ], [ -78.053958993001643, 39.291369453905808 ], [ -78.053960654884932, 39.291370621210746 ], [ -78.054001592010735, 39.291401305540802 ], [ -78.054047646838725, 39.291428140326971 ], [ -78.054096378646264, 39.291451923010854 ], [ -78.054146354620457, 39.291476312628653 ], [ -78.054193350882855, 39.291499249192888 ], [ -78.054246042464158, 39.291514771050103 ], [ -78.054303028890843, 39.291527242900905 ], [ -78.054305820854736, 39.291527952042301 ], [ -78.054308099880629, 39.291528684126405 ], [ -78.054369930921624, 39.291550524285704 ], [ -78.05437515193006, 39.291552800489605 ], [ -78.05437978544029, 39.291555723263222 ], [ -78.054419272685237, 39.291585320858289 ], [ -78.054465720975344, 39.291606435868907 ], [ -78.054519168039775, 39.291614224595534 ], [ -78.054578690410509, 39.291622898356295 ], [ -78.054638212781228, 39.291631572115953 ], [ -78.054643378992438, 39.291632641388304 ], [ -78.05471165454729, 39.291651144385355 ], [ -78.054712461234416, 39.291651371727347 ], [ -78.054770002819936, 39.29166832225922 ], [ -78.054827202147351, 39.291685172673219 ], [ -78.054889993487365, 39.291702867098238 ], [ -78.05489565736525, 39.291704943069554 ], [ -78.054896596104726, 39.291705385934144 ], [ -78.054946093276868, 39.291729542560105 ], [ -78.055001012680094, 39.291754507735256 ], [ -78.055001956809448, 39.291754951990029 ], [ -78.0550489539702, 39.291777888462939 ], [ -78.055102856480474, 39.291793767608695 ], [ -78.055165757414983, 39.291811492596615 ], [ -78.055223431951163, 39.291828482022837 ], [ -78.055225534907251, 39.291829162656541 ], [ -78.055286324800846, 39.291850634943643 ], [ -78.055342717441121, 39.291867247543976 ], [ -78.055345495031986, 39.291868172899427 ], [ -78.055401915520036, 39.29188922316812 ], [ -78.055455560213858, 39.291909238924056 ], [ -78.055511077895048, 39.291921388116592 ], [ -78.055513957893837, 39.291922122977574 ], [ -78.055571499479356, 39.291939074139201 ], [ -78.055574277968532, 39.291939999493657 ], [ -78.055630698456582, 39.29196105113126 ], [ -78.055635897007136, 39.291963435082764 ], [ -78.055640478415086, 39.291966466295513 ], [ -78.055644307034825, 39.29197005438909 ], [ -78.055646789978269, 39.291972840879815 ], [ -78.055754229384576, 39.292054301883866 ], [ -78.055832924498404, 39.292113968006497 ], [ -78.055835935651231, 39.292116568169597 ], [ -78.055838480578458, 39.292119443643976 ], [ -78.055840517059195, 39.292122545763448 ], [ -78.055863677423844, 39.292164409763274 ], [ -78.055865445308328, 39.292168494241167 ], [ -78.055866331945523, 39.292172742793078 ], [ -78.055871190932891, 39.292220493968536 ], [ -78.055875609745769, 39.292263913137795 ], [ -78.055895664634491, 39.29230016586046 ], [ -78.055922917723564, 39.292335631565649 ], [ -78.055956911770565, 39.292368812037616 ], [ -78.055997699776029, 39.29240420609954 ], [ -78.056031210529383, 39.292433285391375 ], [ -78.056068464562529, 39.292438713033221 ], [ -78.056113575261151, 39.292424203632343 ], [ -78.056119099900158, 39.292422823605314 ], [ -78.056124847321342, 39.292422159662848 ], [ -78.056130660319539, 39.292422227099941 ], [ -78.056191217549468, 39.292426773889147 ], [ -78.056194366144538, 39.292427120807787 ], [ -78.056248477063988, 39.292435006079735 ], [ -78.056248092585065, 39.292436541837496 ], [ -78.056246505261939, 39.292487630618353 ], [ -78.056246264513462, 39.292489501474421 ], [ -78.056240688670485, 39.292489068347948 ], [ -78.056234802010437, 39.292487796777635 ], [ -78.05623355065724, 39.292487335146866 ], [ -78.056182754521188, 39.292479933063682 ], [ -78.056132650087903, 39.292476170494155 ], [ -78.056085959252698, 39.292491188790471 ], [ -78.056081075112488, 39.292492447846655 ], [ -78.056076001427755, 39.292493146549852 ], [ -78.05607084689467, 39.292493270995465 ], [ -78.056065725599225, 39.292492818402671 ], [ -78.056006202330195, 39.292484145444888 ], [ -78.056000620199015, 39.292482961473105 ], [ -78.055995368647856, 39.29248109270258 ], [ -78.055990592305506, 39.292478589884801 ], [ -78.055986421427647, 39.292475521847173 ], [ -78.055944958787379, 39.292439544525408 ], [ -78.055903497045449, 39.29240356648986 ], [ -78.055902428050246, 39.292402592475568 ], [ -78.055866150485812, 39.292367186593907 ], [ -78.055863527405194, 39.292364239521177 ], [ -78.055833741066991, 39.292325472884713 ], [ -78.055831864486365, 39.292322584209437 ], [ -78.055808704121702, 39.292280718913773 ], [ -78.055806937135557, 39.292276634442473 ], [ -78.055806049600065, 39.292272386592046 ], [ -78.055801190612669, 39.292224636147168 ], [ -78.055796771799791, 39.29218121556314 ], [ -78.055778512643329, 39.292148209505179 ], [ -78.055734237377919, 39.292114639599404 ], [ -78.055594893405996, 39.292008988773205 ], [ -78.055592433818759, 39.29200691906798 ], [ -78.055591598385533, 39.292006063237565 ], [ -78.055544778192925, 39.291988594144335 ], [ -78.055490206437725, 39.291972517596797 ], [ -78.055433221807689, 39.291960047910983 ], [ -78.055430429843767, 39.291959338078783 ], [ -78.055427476183127, 39.29195836197259 ], [ -78.05537105569509, 39.291937310334234 ], [ -78.055315998849622, 39.291916768295131 ], [ -78.055259959247266, 39.29190025929627 ], [ -78.055257855392853, 39.291899578663269 ], [ -78.055197066397596, 39.291878106391174 ], [ -78.055140929777153, 39.291861569573847 ], [ -78.055078028842644, 39.29184384459861 ], [ -78.055020355204775, 39.291826855176112 ], [ -78.055015021008629, 39.291824874455457 ], [ -78.055014082269153, 39.291824431591579 ], [ -78.054964585097011, 39.291800275693589 ], [ -78.054909664795474, 39.291775310534781 ], [ -78.054908721564431, 39.291774865584884 ], [ -78.054861945389291, 39.291752036872303 ], [ -78.054802374509507, 39.291735249740803 ], [ -78.054744699973327, 39.291718259596699 ], [ -78.054687695580355, 39.291701467590457 ], [ -78.054622396144026, 39.291683771079342 ], [ -78.054565511226983, 39.291675481791181 ], [ -78.054505988856249, 39.291666808036922 ], [ -78.054446466485516, 39.291658134281633 ], [ -78.054440579825481, 39.291656862000934 ], [ -78.054435079440978, 39.291654834694711 ], [ -78.054379688422259, 39.291629654656212 ], [ -78.054374723433682, 39.291626921685001 ], [ -78.054373060652097, 39.291625753689132 ], [ -78.054334900218819, 39.291597150298543 ], [ -78.054281054302379, 39.291578130726734 ], [ -78.054225171905188, 39.291565900827223 ], [ -78.05422229190637, 39.291565165962496 ], [ -78.054164752117487, 39.291548215405655 ], [ -78.054159417023001, 39.291546234677064 ], [ -78.05415847828354, 39.291545791811465 ], [ -78.05410850500428, 39.291521402217832 ], [ -78.054058530826708, 39.291497012615764 ], [ -78.054008557547448, 39.291472623700386 ], [ -78.054006166232156, 39.291471347940188 ], [ -78.053957226015484, 39.291442832086418 ], [ -78.053955593776621, 39.291441820515928 ], [ -78.053953931893332, 39.291440652516997 ], [ -78.053912993869204, 39.291409968204114 ], [ -78.05386579099428, 39.291382463896745 ], [ -78.053864158755417, 39.291381452325389 ], [ -78.053862496872156, 39.291380284325456 ], [ -78.053820001169299, 39.291348431985647 ], [ -78.053817398749942, 39.291346253108486 ], [ -78.053814322020088, 39.291342874249686 ], [ -78.053784537478535, 39.291304107047786 ], [ -78.053781850617511, 39.291299609547629 ], [ -78.053780545365413, 39.291295913657656 ], [ -78.053770849848533, 39.291257813859424 ], [ -78.053743797982079, 39.291231407275603 ], [ -78.05350355164417, 39.291116874807912 ], [ -78.053500158707351, 39.291115036591506 ], [ -78.05349708287585, 39.291112898726318 ], [ -78.053494368167037, 39.291110491802812 ], [ -78.05344366545576, 39.291092581703388 ], [ -78.053392122819702, 39.291081301418309 ], [ -78.053329636008542, 39.29108017304209 ], [ -78.053323877807571, 39.291079704449608 ], [ -78.053320783111417, 39.291079141304337 ], [ -78.053262295599922, 39.291066341219874 ], [ -78.053256789825539, 39.291064744250832 ], [ -78.053251712547535, 39.291062468031079 ], [ -78.053197361777904, 39.291033163606976 ], [ -78.05319468210341, 39.291031564551439 ], [ -78.053193558310994, 39.29103079144285 ], [ -78.053143069398772, 39.290994523462857 ], [ -78.053093035034067, 39.290967545985914 ], [ -78.053039147795104, 39.290947438884032 ], [ -78.052982729103704, 39.290926386246504 ], [ -78.052981004338335, 39.290925696565829 ], [ -78.052922800694461, 39.290900837467348 ], [ -78.052858362742498, 39.290883373660307 ], [ -78.052800917276713, 39.290870800884562 ], [ -78.052798121719562, 39.290870091041285 ], [ -78.052710738998613, 39.290844741776425 ], [ -78.052648388731356, 39.290831482093189 ], [ -78.052584491565199, 39.290817892861838 ], [ -78.052581445378081, 39.290817129484324 ], [ -78.052579166352203, 39.290816397392724 ], [ -78.052517336209505, 39.290794557004446 ], [ -78.052456549010856, 39.290773083698298 ], [ -78.052401622421144, 39.290756900499325 ], [ -78.052346166723723, 39.290744763619088 ], [ -78.052293805722428, 39.29073713192102 ], [ -78.052230385561685, 39.290743597694238 ], [ -78.052225418776473, 39.290743832686871 ], [ -78.052167358863016, 39.290743433616576 ], [ -78.052112583190251, 39.290751538080109 ], [ -78.052107293909856, 39.290752008760506 ], [ -78.052101970493496, 39.290751860673453 ], [ -78.052030593055974, 39.290745734180248 ], [ -78.051960756229136, 39.290739740478237 ], [ -78.051895310367428, 39.29073855717219 ], [ -78.051889552166472, 39.29073808857742 ], [ -78.051819208689821, 39.290727836501944 ], [ -78.051816582914228, 39.290727373469053 ], [ -78.051748569667467, 39.290713264174535 ], [ -78.05168639726665, 39.290704202354547 ], [ -78.051623328347176, 39.290699099257573 ], [ -78.05155754022735, 39.290697908998396 ], [ -78.051485382153828, 39.2906959164266 ], [ -78.05142418083183, 39.290695494412965 ], [ -78.051423321144114, 39.290695479117581 ], [ -78.051350908847382, 39.290693478898056 ], [ -78.051345589024265, 39.290693020036443 ], [ -78.05126983499467, 39.290681978851268 ], [ -78.05119949241633, 39.290671726767556 ], [ -78.051139971842247, 39.290663051498505 ], [ -78.051053394910099, 39.290650432101749 ], [ -78.050990030444922, 39.290641197157505 ], [ -78.050931057843144, 39.290636766358347 ], [ -78.050875035308749, 39.29063255803743 ], [ -78.050815874959099, 39.290639833086011 ], [ -78.050814937117934, 39.290639938763299 ], [ -78.050745868350702, 39.290646978122915 ], [ -78.050744352892806, 39.290647106743315 ], [ -78.050665225689329, 39.290652517142483 ], [ -78.050598170046612, 39.290659350708239 ], [ -78.050529332146411, 39.290670315419966 ], [ -78.050527753806449, 39.290670538593702 ], [ -78.050524866621117, 39.290670800701086 ], [ -78.050467072609024, 39.290674217135496 ], [ -78.050411024023475, 39.290689890739039 ], [ -78.050408738709393, 39.290690447630205 ], [ -78.050349457087165, 39.290703190078091 ], [ -78.050345532347691, 39.290703851255898 ], [ -78.05034023228751, 39.290704192621121 ], [ -78.050255964923977, 39.290704740474006 ], [ -78.050254996540119, 39.290704736302516 ], [ -78.050187613012312, 39.29070351684318 ], [ -78.050115227665046, 39.290701517319079 ], [ -78.050050195926687, 39.290700338879105 ], [ -78.050001007774981, 39.290703247088189 ], [ -78.049962612881416, 39.290728969750575 ], [ -78.049958089863964, 39.290731540764881 ], [ -78.049953084451204, 39.29073352499266 ], [ -78.049898179421035, 39.290751182810268 ], [ -78.049896069278432, 39.290751801577706 ], [ -78.049895317388533, 39.290751993465129 ], [ -78.049658572683612, 39.290810243790688 ], [ -78.049655029728157, 39.290812891278783 ], [ -78.049651026835235, 39.290815125792044 ], [ -78.049646646649904, 39.290816900053919 ], [ -78.04964197720706, 39.290818178607012 ], [ -78.049582694686535, 39.290830921031642 ], [ -78.04952551332542, 39.290843211545699 ], [ -78.049472625911378, 39.290860220673693 ], [ -78.049471071825948, 39.290860687877128 ], [ -78.049410476866754, 39.290877631648023 ], [ -78.049404266813212, 39.290878850409115 ], [ -78.049398351407064, 39.290879191078233 ], [ -78.04933676111456, 39.290878766979922 ], [ -78.04927507739724, 39.290878342186431 ], [ -78.049268896089799, 39.290877868030663 ], [ -78.049262922293138, 39.290876570011847 ], [ -78.049205382504255, 39.290859616507284 ], [ -78.049200048308094, 39.290857635064029 ], [ -78.049196719151652, 39.290855916422672 ], [ -78.049147781629927, 39.290827398927817 ], [ -78.049144309641335, 39.290825083766656 ], [ -78.049141264352528, 39.290822441840994 ], [ -78.049105854560651, 39.290787309781756 ], [ -78.049061047492614, 39.290770588467133 ], [ -78.049001962601423, 39.290761975782331 ], [ -78.048951788099544, 39.290769398209171 ], [ -78.048893908747473, 39.290781838211529 ], [ -78.048836730979644, 39.290794128734213 ], [ -78.048783839972344, 39.29081113787413 ], [ -78.048728934043865, 39.290828794281637 ], [ -78.048726823901262, 39.290829413048414 ], [ -78.048721977490302, 39.290830407941925 ], [ -78.048663729828959, 39.290839023399279 ], [ -78.048662644664105, 39.290839171486162 ], [ -78.048656540611731, 39.290839510764961 ], [ -78.048650453627374, 39.290839037304188 ], [ -78.048644566967326, 39.290837765008611 ], [ -78.048639057599672, 39.290835732811928 ], [ -78.048634748381275, 39.290833420432087 ], [ -78.048583045845092, 39.290800999829337 ], [ -78.048537809382324, 39.290778919577093 ], [ -78.048493076874436, 39.290765739139154 ], [ -78.048444746613839, 39.290772887639449 ], [ -78.048386498952496, 39.290781503799153 ], [ -78.048382085529511, 39.290781939021912 ], [ -78.04837763617391, 39.290781943193345 ], [ -78.0483732218526, 39.290781517704055 ], [ -78.048313701278502, 39.290772841058086 ], [ -78.048257035550378, 39.290764580862316 ], [ -78.048194713130925, 39.290763450395289 ], [ -78.048133860355279, 39.29076704758868 ], [ -78.048130642589911, 39.290767124760798 ], [ -78.04812455560554, 39.290766651299506 ], [ -78.048118668945492, 39.2907653790027 ], [ -78.048113159577838, 39.290763346803899 ], [ -78.048108198182547, 39.290760615884594 ], [ -78.048103933879887, 39.290757268978808 ], [ -78.048103525146416, 39.290756810117593 ], [ -78.048131147443101, 39.29074035994104 ], [ -78.048105290335968, 39.290722336422036 ], [ -78.04810897163199, 39.290719609672657 ], [ -78.048114033638612, 39.290716988600295 ], [ -78.048119615769792, 39.29071507737271 ], [ -78.048125548243917, 39.290713934390425 ], [ -78.048128434530938, 39.290713672283196 ], [ -78.04819105878434, 39.290709970800293 ], [ -78.048194440043062, 39.290709896409147 ], [ -78.048261606178542, 39.29071111308739 ], [ -78.048267364379512, 39.290711581682338 ], [ -78.048326884953624, 39.290720258335895 ], [ -78.048379766079435, 39.290727967207914 ], [ -78.04843137519083, 39.290720332727048 ], [ -78.048489621953848, 39.290711717255071 ], [ -78.048494475551337, 39.290711263955508 ], [ -78.048499365081412, 39.290711328613277 ], [ -78.048504195322735, 39.290711911923587 ], [ -78.04850887195208, 39.290713000676782 ], [ -78.048566411740964, 39.290729954216829 ], [ -78.048571746835449, 39.290731935663743 ], [ -78.048572685574911, 39.2907323785345 ], [ -78.048622657057535, 39.29075677048867 ], [ -78.048626028434811, 39.290758639305224 ], [ -78.048666581979987, 39.290784069249575 ], [ -78.048705019094371, 39.290778384239182 ], [ -78.048756556340521, 39.290761809618942 ], [ -78.048811462269001, 39.290744152499279 ], [ -78.048813571513307, 39.290743534427001 ], [ -78.048815578349632, 39.290743053317868 ], [ -78.048874859971875, 39.290730310877251 ], [ -78.048934143390724, 39.290717569129576 ], [ -78.048936981168723, 39.290717055343769 ], [ -78.048995228830051, 39.290708439176157 ], [ -78.048999642253051, 39.290708003952929 ], [ -78.049004091608651, 39.290707999781489 ], [ -78.049008505929976, 39.290708425271269 ], [ -78.049078849406598, 39.29071867874007 ], [ -78.049084736066646, 39.290719951037758 ], [ -78.049087689727301, 39.290720927856469 ], [ -78.049144107520405, 39.290741981946233 ], [ -78.049148744623906, 39.290744063507994 ], [ -78.049152911908507, 39.290746660940989 ], [ -78.049156508762934, 39.290749713758984 ], [ -78.049194101460913, 39.290787010826818 ], [ -78.049235369166752, 39.290811058616342 ], [ -78.049282187562724, 39.29082485364107 ], [ -78.049337394426828, 39.290825233939287 ], [ -78.049392586019579, 39.290825614237534 ], [ -78.049446127407137, 39.290810640774836 ], [ -78.049500247309737, 39.290793236041061 ], [ -78.049502357452326, 39.290792617273965 ], [ -78.049504365187005, 39.290792136165159 ], [ -78.049563645910922, 39.290779393733523 ], [ -78.049608249959718, 39.29076980562224 ], [ -78.049612517855635, 39.290766853615573 ], [ -78.049617384927842, 39.290764499518772 ], [ -78.049622707445906, 39.29076281424684 ], [ -78.049872307042534, 39.290701401908464 ], [ -78.049920552861494, 39.290685886128117 ], [ -78.049963459992739, 39.290657141218844 ], [ -78.049964453529441, 39.290656498812226 ], [ -78.049969514637752, 39.290653878432764 ], [ -78.049975097667243, 39.290651967203466 ], [ -78.049981030141382, 39.29065082422013 ], [ -78.049983915530078, 39.290650561417408 ], [ -78.05004653978348, 39.290646859235963 ], [ -78.050049921940527, 39.290646784844711 ], [ -78.050117305468291, 39.290648005695552 ], [ -78.050189689917261, 39.290650004525894 ], [ -78.050255950550934, 39.290651203824083 ], [ -78.050334931329019, 39.290650690733045 ], [ -78.050388388274953, 39.290639200412677 ], [ -78.050447719304529, 39.290622608378371 ], [ -78.050453930256396, 39.290621389612824 ], [ -78.050456817441713, 39.290621127505226 ], [ -78.050517187822081, 39.29061755880938 ], [ -78.050585079796306, 39.290606745652958 ], [ -78.05058665813624, 39.290606522479017 ], [ -78.050587606757205, 39.290606415411176 ], [ -78.050656675524451, 39.290599376047524 ], [ -78.050658191880643, 39.290599247427046 ], [ -78.050737318185824, 39.290593837023756 ], [ -78.05080518410891, 39.290586920717324 ], [ -78.050868355436307, 39.290579152038603 ], [ -78.050874448708896, 39.290578813453813 ], [ -78.050877387098168, 39.290578939293304 ], [ -78.050937942531505, 39.290583488983238 ], [ -78.050998497066473, 39.290588037977585 ], [ -78.051001645661557, 39.290588385600522 ], [ -78.051066576788585, 39.290597849287657 ], [ -78.051153153720733, 39.290610467998619 ], [ -78.051212674294831, 39.290619143274199 ], [ -78.051283015974832, 39.290629395365592 ], [ -78.051356134347373, 39.290640052783559 ], [ -78.051425389065898, 39.290641965403701 ], [ -78.051486589489571, 39.290642387417662 ], [ -78.051487450973937, 39.290642402713061 ], [ -78.051559616233959, 39.290644396676832 ], [ -78.051626424839952, 39.290645605013331 ], [ -78.051629297652241, 39.290645747538605 ], [ -78.051695263638507, 39.290651084937117 ], [ -78.051698149925514, 39.290651411007175 ], [ -78.051763081052556, 39.290660874685784 ], [ -78.05176570592981, 39.290661337023863 ], [ -78.051833719176599, 39.290675447024107 ], [ -78.051899878300674, 39.290685089377348 ], [ -78.0519639748928, 39.290686247655508 ], [ -78.051967068690644, 39.290686408257066 ], [ -78.052038446128179, 39.290692534755458 ], [ -78.05210448847123, 39.29069820239171 ], [ -78.052157458530274, 39.29069036628659 ], [ -78.052158543695128, 39.29069021819938 ], [ -78.052164459999602, 39.290689876834136 ], [ -78.052223558365512, 39.290690282857177 ], [ -78.052290150477546, 39.290683493790134 ], [ -78.052295305010617, 39.290683260883057 ], [ -78.052301392893298, 39.290683733649679 ], [ -78.052360913467396, 39.290692408220913 ], [ -78.052364008163551, 39.290692971369289 ], [ -78.052422495675074, 39.290705772217265 ], [ -78.052425374775552, 39.290706507090945 ], [ -78.052482915462761, 39.290723459242116 ], [ -78.05248501931716, 39.290724139886535 ], [ -78.052546848561533, 39.290745981687238 ], [ -78.052606096047796, 39.290766909235067 ], [ -78.052667249759068, 39.290779915166524 ], [ -78.05273114782355, 39.290793504405173 ], [ -78.052734196705615, 39.290794269868734 ], [ -78.052821697105855, 39.290819652523531 ], [ -78.052878774262396, 39.290832143964984 ], [ -78.052880845777437, 39.29083265079754 ], [ -78.05294912133229, 39.290851154701244 ], [ -78.052949840882832, 39.290851357017061 ], [ -78.052954520207152, 39.290853022820038 ], [ -78.053014471074277, 39.290878627931349 ], [ -78.053070010315025, 39.290899352428603 ], [ -78.05312642900644, 39.290920405074282 ], [ -78.053128983815114, 39.290921460452587 ], [ -78.05313126553591, 39.290922592307581 ], [ -78.053185614508934, 39.290951896082753 ], [ -78.053188295081739, 39.290953494444864 ], [ -78.05318941887414, 39.290954268249564 ], [ -78.053239908684702, 39.290990536250405 ], [ -78.053287386444097, 39.291016135749452 ], [ -78.053335812824443, 39.291026734013059 ], [ -78.053398300533914, 39.291027863085382 ], [ -78.05340405873487, 39.291028331678213 ], [ -78.053407153431039, 39.291028894128637 ], [ -78.053465640942548, 39.291041694219949 ], [ -78.053468432906456, 39.291042404061464 ], [ -78.053470711932334, 39.291043135455446 ], [ -78.053527109064191, 39.291063057595629 ], [ -78.053754924515175, 39.2910798003929 ], [ -78.053814506174717, 39.29107627621589 ], [ -78.053877131326431, 39.291072573361703 ], [ -78.053881304000939, 39.291072516351896 ], [ -78.053885456912511, 39.291072836858085 ], [ -78.053889529873985, 39.291073531403988 ], [ -78.053948017385508, 39.291086331487136 ], [ -78.053950896485986, 39.29108706635688 ], [ -78.054008437173209, 39.291104017025354 ], [ -78.05401377226768, 39.291105998461695 ], [ -78.054014711007142, 39.291106441330072 ], [ -78.054063803937424, 39.291130400714295 ], [ -78.054120043864103, 39.291154420576284 ], [ -78.054180010900893, 39.291167174063553 ], [ -78.054238626871509, 39.2911800005487 ], [ -78.054295586348715, 39.291192466202013 ], [ -78.054358952610542, 39.291201700378316 ], [ -78.054361793083487, 39.291202208598648 ], [ -78.05442558335011, 39.291215774117219 ], [ -78.054495019528304, 39.291230178092093 ], [ -78.05455374239844, 39.291243027508571 ], [ -78.054556535260659, 39.291243737348033 ], [ -78.054559488921313, 39.291244713464181 ], [ -78.05461455025835, 39.291265258481381 ], [ -78.054669116623629, 39.291281333105552 ], [ -78.054724575914335, 39.291293469892793 ], [ -78.054787941277851, 39.291302703360586 ], [ -78.054844354579373, 39.291310923864209 ], [ -78.054901261954328, 39.291311313197937 ], [ -78.054913884565863, 39.291310566591548 ], [ -78.054917618242442, 39.291311394610815 ], [ -78.054917805752666, 39.291311421068407 ], [ -78.054961543000545, 39.291321120657209 ], [ -78.055003846102167, 39.29133410473694 ], [ -78.055039966798091, 39.291348516361943 ], [ -78.055029071557982, 39.291348441718988 ] ] ] } },
{ "type": "Feature", "properties": { "Wetlands.OBJECTID": 14428616, "Wetlands.ATTRIBUTE": "R4SBC", "Wetlands.WETLAND_TYPE": "Riverine", "Wetlands.ACRES": 0.94812383929609911, "Wetlands.GLOBALID": "{D7BB4AB8-D85C-4DCD-B614-E0CFDAE60874}", "Wetlands.Shape_Length": 1662.9753996284689, "Wetlands.Shape_Area": 6414.7087023062722, "NWI_Wetland_Codes.OBJECTID": 6016, "NWI_Wetland_Codes.ATTRIBUTE": "R4SBC", "NWI_Wetland_Codes.SYSTEM": "R", "NWI_Wetland_Codes.SYSTEM_NAME": "Riverine", "NWI_Wetland_Codes.SYSTEM_DEFINITION": "The Riverine System includes all wetlands and deepwater habitats contained within a channel, with two exceptions: (1) wetlands dominated by trees, shrubs, persistent emergents, emergent mosses, or lichens, and (2) habitats with water containing ocean-derived salts of 0.5 ppt or greater. A channel is an open conduit either naturally or artificially created which periodically or continuously contains moving water, or which forms a connecting link between two bodies of standing water.", "NWI_Wetland_Codes.SUBSYSTEM": "4", "NWI_Wetland_Codes.SUBSYSTEM_NAME": "Intermittent", "NWI_Wetland_Codes.SUBSYSTEM_DEFINITION": "This Subsystem includes channels that contain flowing water only part of the year. When the water is not flowing, it may remain in isolated pools or surface water may be absent.", "NWI_Wetland_Codes.CLASS": "SB", "NWI_Wetland_Codes.CLASS_NAME": "Streambed", "NWI_Wetland_Codes.CLASS_DEFINITION": "Includes all wetlands contained within the Intermittent Subsystem of the Riverine System and all channels of the Estuarine System or of the Tidal Subsystem of the Riverine System that are completely dewatered at low tide.", "NWI_Wetland_Codes.SUBCLASS": null, "NWI_Wetland_Codes.SUBCLASS_NAME": null, "NWI_Wetland_Codes.SUBCLASS_DEFINITION": null, "NWI_Wetland_Codes.SPLIT_CLASS": null, "NWI_Wetland_Codes.SPLIT_CLASS_NAME": null, "NWI_Wetland_Codes.SPLIT_CLASS_DEFINITION": null, "NWI_Wetland_Codes.SPLIT_SUBCLASS": null, "NWI_Wetland_Codes.SPLIT_SUBCLASS_NAME": null, "NWI_Wetland_Codes.SPLIT_SUBCLASS_DEFINITION": null, "NWI_Wetland_Codes.WATER_REGIME": "C", "NWI_Wetland_Codes.WATER_REGIME_NAME": "Seasonally Flooded", "NWI_Wetland_Codes.WATER_REGIME_SUBGROUP": "Nontidal", "NWI_Wetland_Codes.WATER_REGIME_DEFINITION": "Surface water is present for extended periods especially early in the growing season, but is absent by the end of the growing season in most years.  The water table after flooding ceases is variable, extending from saturated to the surface to a water table well below the ground surface.", "NWI_Wetland_Codes.MODIFIER1": null, "NWI_Wetland_Codes.MODIFIER1_NAME": null, "NWI_Wetland_Codes.MODIFIER1_GROUP": null, "NWI_Wetland_Codes.MODIFIER1_SUBGROUP": null, "NWI_Wetland_Codes.MODIFIER1_DEFINITION": null, "NWI_Wetland_Codes.MODIFIER2": null, "NWI_Wetland_Codes.MODIFIER2_NAME": null, "NWI_Wetland_Codes.MODIFIER2_GROUP": null, "NWI_Wetland_Codes.MODIFIER2_SUBGROUP": null, "NWI_Wetland_Codes.MODIFIER2_DEFINITION": null, "NWI_Wetland_Codes.Field1": null }, "geometry": { "type": "Polygon", "coordinates": [ [ [ -78.07049757655858, 39.29479060684772 ], [ -78.0704970366711, 39.294743437920921 ], [ -78.070497038467721, 39.294742826140798 ], [ -78.07049765740696, 39.294738184258911 ], [ -78.070509270826946, 39.294691807830702 ], [ -78.070510432348613, 39.294687169421472 ], [ -78.070511598361861, 39.294683755268466 ], [ -78.070513342890138, 39.294680487108387 ], [ -78.070515636289045, 39.294677422643318 ], [ -78.070518437236103, 39.294674614013637 ], [ -78.070679668659949, 39.294534558495229 ], [ -78.07068294212084, 39.294532066874147 ], [ -78.070686617128658, 39.294529924942005 ], [ -78.070690629903027, 39.294528170240035 ], [ -78.070745074097474, 39.294507869502652 ], [ -78.070798699028344, 39.294483903626784 ], [ -78.070848723511574, 39.294454098694722 ], [ -78.070896402493588, 39.294425690422507 ], [ -78.070928152549001, 39.294390822959805 ], [ -78.070930417201822, 39.294388594817519 ], [ -78.070933352896191, 39.294386297154368 ], [ -78.070979138229575, 39.294354508055548 ], [ -78.071024924461284, 39.294322718942318 ], [ -78.071070710693022, 39.294290930509867 ], [ -78.071075433136457, 39.29428817052937 ], [ -78.071080699958969, 39.294286059178994 ], [ -78.071086358446934, 39.294284656941961 ], [ -78.071145746070371, 39.29427407516129 ], [ -78.071148127504188, 39.294273715738086 ], [ -78.071153428462679, 39.294273373695042 ], [ -78.071216575535587, 39.294272953093405 ], [ -78.071217377731145, 39.294272954483809 ], [ -78.071223465613812, 39.294273426530964 ], [ -78.071280878740239, 39.294281785032553 ], [ -78.071333087926249, 39.294281436732653 ], [ -78.071455274974568, 39.294184920762859 ], [ -78.071458633775407, 39.294182591808536 ], [ -78.07151078636754, 39.294151514512855 ], [ -78.071515279740595, 39.294149238393445 ], [ -78.071516978454795, 39.294148559867928 ], [ -78.071572605730452, 39.294127816866364 ], [ -78.071576489147432, 39.294126582867229 ], [ -78.07158004018774, 39.294125797974189 ], [ -78.071639427811178, 39.294115216864753 ], [ -78.071689922113293, 39.294106219444416 ], [ -78.071726014624787, 39.294081159863765 ], [ -78.071757573339028, 39.29404650009775 ], [ -78.071785439079136, 39.294008551961994 ], [ -78.071785917881186, 39.294007918623883 ], [ -78.07178723301476, 39.29400636343464 ], [ -78.071822014884233, 39.293968165000699 ], [ -78.071855830166498, 39.293931028135738 ], [ -78.0718837012965, 39.293893072290068 ], [ -78.07188418009855, 39.29389243895092 ], [ -78.07188549523211, 39.293890883759111 ], [ -78.071920276203286, 39.293852685957326 ], [ -78.071955057174449, 39.293814488134714 ], [ -78.071955995913925, 39.293813504407062 ], [ -78.071998021797853, 39.293771553796212 ], [ -78.071998799738893, 39.293770805050336 ], [ -78.072048068738965, 39.293725103034973 ], [ -78.072048616711299, 39.293724606651601 ], [ -78.072051552405654, 39.293722308966636 ], [ -78.072097336840727, 39.293690518871138 ], [ -78.072098790314868, 39.293689564340767 ], [ -78.072101245410536, 39.293688169739163 ], [ -78.07215195081676, 39.293661903810147 ], [ -78.072154555931064, 39.293660676754925 ], [ -78.072158028817967, 39.293659383654166 ], [ -78.072218833084605, 39.29363981681265 ], [ -78.072273592587692, 39.293619396935767 ], [ -78.072276919947498, 39.293618314484711 ], [ -78.072344989788149, 39.293599266262859 ], [ -78.072351200740016, 39.29359804685393 ], [ -78.072352149360981, 39.293597940485824 ], [ -78.072410374564427, 39.293591996388301 ], [ -78.072462952958006, 39.293586628624425 ], [ -78.072508957480323, 39.293569473468068 ], [ -78.072551033669924, 39.293540258385647 ], [ -78.072596819003323, 39.293508468207492 ], [ -78.07259855544676, 39.293507341260835 ], [ -78.072648888950454, 39.293477346813937 ], [ -78.072692138339804, 39.293443788668917 ], [ -78.07272521161363, 39.293407464930887 ], [ -78.072727101668988, 39.293405573242822 ], [ -78.07276747016121, 39.293368712081133 ], [ -78.072809037904349, 39.293327217962549 ], [ -78.072812073311709, 39.293324569179021 ], [ -78.072815537215433, 39.29332224645308 ], [ -78.072874558326234, 39.293287642624165 ], [ -78.072920732630152, 39.293260129321261 ], [ -78.072943196800466, 39.293229536184292 ], [ -78.072954901848632, 39.293182786814029 ], [ -78.072956568223475, 39.293178297777182 ], [ -78.072956862870882, 39.293177728391811 ], [ -78.072980638581512, 39.293133120961897 ], [ -78.072983009235543, 39.293129489129001 ], [ -78.072983589547221, 39.29312877305167 ], [ -78.073019531141739, 39.293085937014041 ], [ -78.073021203804814, 39.293084114839374 ], [ -78.073063226993796, 39.293042164486756 ], [ -78.073066211197158, 39.293039553929688 ], [ -78.073069612218831, 39.293037260393611 ], [ -78.073073373464922, 39.293035320030022 ], [ -78.07312915255585, 39.293010389377351 ], [ -78.073178892273148, 39.292984623058842 ], [ -78.073181497387466, 39.292983396686914 ], [ -78.07318496937603, 39.292982102878476 ], [ -78.073246678246164, 39.292962244549486 ], [ -78.073248788388753, 39.292961625801574 ], [ -78.073253633901416, 39.29296062954792 ], [ -78.073319101322681, 39.292950931890168 ], [ -78.073323990852771, 39.292950475128968 ], [ -78.073328915417164, 39.292950546736911 ], [ -78.073389193271041, 39.292954647159029 ], [ -78.073448340145973, 39.292954251577427 ], [ -78.073621820098708, 39.292868123891211 ], [ -78.073662412271474, 39.292836624706609 ], [ -78.073689848616837, 39.292796451198257 ], [ -78.073690354368367, 39.292795737203214 ], [ -78.073716668717992, 39.2927601361623 ], [ -78.073719083389449, 39.292756664906925 ], [ -78.073719525360573, 39.292756018348214 ], [ -78.073747749528494, 39.292717569646392 ], [ -78.073775379011693, 39.292679940593949 ], [ -78.073798332763829, 39.292636876942964 ], [ -78.073821460789134, 39.292593486509283 ], [ -78.073838668018396, 39.29254924509155 ], [ -78.073856360337913, 39.292503752237359 ], [ -78.073857202059344, 39.292501854963064 ], [ -78.073857495808426, 39.292501284181704 ], [ -78.073880625630395, 39.292457892273561 ], [ -78.073897831063007, 39.292413653551023 ], [ -78.073898671886113, 39.292411756274277 ], [ -78.073898966533534, 39.292411186187437 ], [ -78.073922741345839, 39.292366578964419 ], [ -78.073946517056456, 39.292321971712923 ], [ -78.073969646878396, 39.292278578303183 ], [ -78.073986353746051, 39.292235620080277 ], [ -78.073997636586029, 39.29219055319836 ], [ -78.074009248209379, 39.292144175082719 ], [ -78.074020858934432, 39.292097797631577 ], [ -78.074021596451274, 39.292095437322423 ], [ -78.074040012812915, 39.292046472882816 ], [ -78.074040875195593, 39.292043029401277 ], [ -78.07404254246876, 39.292038540291344 ], [ -78.074043340172736, 39.292037070571894 ], [ -78.074547215097084, 39.291182704337288 ], [ -78.074548602095888, 39.291180606102792 ], [ -78.074577297879301, 39.291141521781405 ], [ -78.074605725066462, 39.291102804525337 ], [ -78.074635345216322, 39.291059429826845 ], [ -78.074637935059286, 39.291056212945406 ], [ -78.07464109173921, 39.291053307532017 ], [ -78.074644753272281, 39.29105076781542 ], [ -78.074648847793355, 39.291048647329255 ], [ -78.074701752275402, 39.29102521143394 ], [ -78.074707591324739, 39.29102318758563 ], [ -78.074713522900552, 39.291022043217922 ], [ -78.074719626952913, 39.291021702549493 ], [ -78.074719955736299, 39.291021727578205 ], [ -78.074719131981198, 39.291048467261703 ], [ -78.07473496748301, 39.291072409980003 ], [ -78.074692919141185, 39.291091037573281 ], [ -78.074667761821672, 39.291127876295789 ], [ -78.07466725517186, 39.291128590307885 ], [ -78.074638559388418, 39.291167674636455 ], [ -78.074610620884755, 39.291205725816909 ], [ -78.074109066308822, 39.292056159542113 ], [ -78.074108679134909, 39.292057706431912 ], [ -78.074107941618067, 39.292060066047085 ], [ -78.074089525256426, 39.292109030477199 ], [ -78.074078212772051, 39.292154213515055 ], [ -78.074066602047012, 39.292200591624059 ], [ -78.074054991321972, 39.29224696900711 ], [ -78.074054164871924, 39.292249560127289 ], [ -78.074036471654082, 39.292295053146624 ], [ -78.074035630830963, 39.29229695042654 ], [ -78.074035337081853, 39.292297521209541 ], [ -78.074011560472925, 39.292342128476555 ], [ -78.073987784762309, 39.29238673432473 ], [ -78.073964656737004, 39.292430126277011 ], [ -78.073947450406052, 39.292474366379594 ], [ -78.073946609582933, 39.292476264349865 ], [ -78.073946315833851, 39.29247683443613 ], [ -78.073923186011896, 39.292520227027822 ], [ -78.073905980579269, 39.292564466378231 ], [ -78.073888286463117, 39.292609959192966 ], [ -78.073887445640011, 39.292611856464326 ], [ -78.073887151890901, 39.292612425854308 ], [ -78.073863376180284, 39.29265703361596 ], [ -78.073840336189875, 39.292700259937185 ], [ -78.07385960056115, 39.292692019435108 ], [ -78.073888803892743, 39.292659944524658 ], [ -78.073916673226094, 39.292621987989918 ], [ -78.073945370806172, 39.292582904473079 ], [ -78.07397406748791, 39.292543820239132 ], [ -78.073977207998141, 39.29254024677472 ], [ -78.073981061770709, 39.292537105741076 ], [ -78.074026845307472, 39.292505315802693 ], [ -78.074030753877281, 39.292502965935704 ], [ -78.074035058604125, 39.292501061013859 ], [ -78.074090684981471, 39.29248031752428 ], [ -78.074095935634304, 39.292478743529976 ], [ -78.074101448595201, 39.292477832087144 ], [ -78.07410708193035, 39.292477605443068 ], [ -78.07411269101101, 39.292478070550068 ], [ -78.074173514142259, 39.292486923572397 ], [ -78.074179400802294, 39.292488194447529 ], [ -78.074184911068258, 39.292490225901012 ], [ -78.074188167461145, 39.292492016805895 ], [ -78.074166931287834, 39.292513216360831 ], [ -78.074160348433438, 39.292539509139317 ], [ -78.074111020144557, 39.292532328838981 ], [ -78.07407041000549, 39.292547472959242 ], [ -78.074032546016269, 39.292573763639211 ], [ -78.074006632315275, 39.292609056789793 ], [ -78.073977935633536, 39.292648140987261 ], [ -78.073949238053459, 39.292687224467763 ], [ -78.073948759251422, 39.292687857817803 ], [ -78.073947444117834, 39.292689413036342 ], [ -78.073912664044968, 39.292727612863153 ], [ -78.073909327702026, 39.292730744850331 ], [ -78.073905410149067, 39.292733459007387 ], [ -78.073901003014271, 39.292735692068952 ], [ -78.073775484114577, 39.292789384941031 ], [ -78.073751886270387, 39.292821523057519 ], [ -78.073722264323877, 39.29286489805498 ], [ -78.07371952805552, 39.292868269888089 ], [ -78.073716167458031, 39.292871296195074 ], [ -78.073669223297927, 39.29290772449469 ], [ -78.073666365757006, 39.292909709356117 ], [ -78.073663337536189, 39.292911394576372 ], [ -78.073476166360223, 39.293004320089985 ], [ -78.07347413437104, 39.293005255858724 ], [ -78.073468552239859, 39.293007168414263 ], [ -78.073462619765735, 39.293008312054297 ], [ -78.073456516611699, 39.29300865271307 ], [ -78.073450428729018, 39.293008180657367 ], [ -78.073447758935984, 39.29300779202832 ], [ -78.073388090139872, 39.293008191085669 ], [ -78.073387286147693, 39.293008189695236 ], [ -78.07338466306706, 39.293008086802431 ], [ -78.073327619148202, 39.293004206073583 ], [ -78.073270614755231, 39.2930126502389 ], [ -78.073215468976571, 39.293030396470158 ], [ -78.073167642670839, 39.293055172081282 ], [ -78.073165667275532, 39.293056123839435 ], [ -78.073114835206852, 39.293078842977131 ], [ -78.073077886600913, 39.293115727233655 ], [ -78.073044467475711, 39.293155555729449 ], [ -78.073023216031018, 39.293195426610986 ], [ -78.073011094164585, 39.293243841023703 ], [ -78.073009426891417, 39.293248330056386 ], [ -78.073007242188652, 39.293251897922907 ], [ -78.072978544608574, 39.293290981066392 ], [ -78.07297608771627, 39.293293876653927 ], [ -78.072973161005081, 39.293296505277205 ], [ -78.072969812984027, 39.293298823832707 ], [ -78.07291755349236, 39.293329964771736 ], [ -78.07286201874318, 39.293362527418545 ], [ -78.072822809975989, 39.293401666117717 ], [ -78.072821858660092, 39.293402574072417 ], [ -78.072781992326114, 39.293438977067801 ], [ -78.072748105178633, 39.293476193448512 ], [ -78.072745839627487, 39.293478421619824 ], [ -78.07274430799994, 39.293479689696049 ], [ -78.072697362941511, 39.293516116983966 ], [ -78.072694221532956, 39.293518274937064 ], [ -78.072643117274751, 39.29354872751415 ], [ -78.07259830751174, 39.293579841228606 ], [ -78.072552523076666, 39.293611629983943 ], [ -78.072548614506857, 39.293613979813735 ], [ -78.072544309780014, 39.293615884705233 ], [ -78.072488682504371, 39.293636627858419 ], [ -78.072483431851538, 39.293638201131465 ], [ -78.072477918890627, 39.293639112559191 ], [ -78.072419693687181, 39.293645057347952 ], [ -78.07236529081527, 39.2936506114251 ], [ -78.072302809393975, 39.293668096788878 ], [ -78.072248812560559, 39.293688232308561 ], [ -78.072247039286196, 39.293688847573939 ], [ -78.072188532011751, 39.293707674693096 ], [ -78.072142767339585, 39.2937313815195 ], [ -78.072100701031474, 39.293760588874839 ], [ -78.072053440664376, 39.29380442908397 ], [ -78.072012264586689, 39.293845531514528 ], [ -78.07197794984117, 39.293883216948039 ], [ -78.071944135457244, 39.293920353838352 ], [ -78.071916264327228, 39.293958309669272 ], [ -78.071915785525178, 39.293958943007823 ], [ -78.071914470391604, 39.293960498198082 ], [ -78.071879688522131, 39.293998695941035 ], [ -78.07184587323988, 39.294035832770099 ], [ -78.071818002109865, 39.29407378853837 ], [ -78.071817523307814, 39.294074421875877 ], [ -78.071816209072566, 39.294075977758844 ], [ -78.071781428101403, 39.294114176829197 ], [ -78.071779161651932, 39.294116404980215 ], [ -78.071776226855903, 39.294118702652227 ], [ -78.071730441522519, 39.294150491162867 ], [ -78.071725719079055, 39.294153251148799 ], [ -78.071720452256528, 39.29415536250319 ], [ -78.071714793768564, 39.294156764742816 ], [ -78.071655405246815, 39.294167347236424 ], [ -78.071599885769004, 39.29417723868935 ], [ -78.071551123418757, 39.294195422607757 ], [ -78.071504085833837, 39.294223448608001 ], [ -78.071372196082137, 39.294327629202336 ], [ -78.071369121148919, 39.294329785740025 ], [ -78.071364060040608, 39.294332407372366 ], [ -78.071358477011131, 39.294334319891661 ], [ -78.071352545435303, 39.294335463510045 ], [ -78.071346441382943, 39.29433580416233 ], [ -78.071340353500261, 39.294335332115594 ], [ -78.071337682808917, 39.294334943493901 ], [ -78.071278013114494, 39.294335340458062 ], [ -78.071277210918936, 39.294335339067693 ], [ -78.071271123036283, 39.294334867020957 ], [ -78.071213709011502, 39.294326508525756 ], [ -78.071157933513859, 39.294326880462449 ], [ -78.071111230102204, 39.29433520211154 ], [ -78.071072196506478, 39.294362302038152 ], [ -78.071026411173079, 39.294394091828629 ], [ -78.070983560635725, 39.294423842560057 ], [ -78.070951045215708, 39.294459552597814 ], [ -78.070948779664562, 39.294461780737805 ], [ -78.07094410752677, 39.294465206024995 ], [ -78.070891954934623, 39.294496282486229 ], [ -78.070840086210126, 39.294527185131976 ], [ -78.070836222556068, 39.294529186632424 ], [ -78.070779118450091, 39.294554704889002 ], [ -78.070777104427236, 39.294555520366281 ], [ -78.070727795901291, 39.294573906491557 ], [ -78.070577606568932, 39.294704370187539 ], [ -78.070567275943162, 39.294745623644424 ], [ -78.070567796966031, 39.294791119908417 ], [ -78.070567795169396, 39.294791731688129 ], [ -78.070567725999126, 39.29479307343226 ], [ -78.070564517216923, 39.294831061464627 ], [ -78.070563967447967, 39.294834361597033 ], [ -78.070563404204293, 39.294835879226873 ], [ -78.070529483819158, 39.294829341530374 ], [ -78.070494911257128, 39.294833868697538 ], [ -78.070494827713816, 39.29483361703381 ], [ -78.070494381251123, 39.294828962644274 ], [ -78.070494450421393, 39.294827620900833 ], [ -78.07049757655858, 39.29479060684772 ] ] ] } },
{ "type": "Feature", "properties": { "Wetlands.OBJECTID": 14428618, "Wetlands.ATTRIBUTE": "R4SBC", "Wetlands.WETLAND_TYPE": "Riverine", "Wetlands.ACRES": 0.61311174661024048, "Wetlands.GLOBALID": "{AC8BD27B-B1BF-4BED-8615-D562EBE7FA62}", "Wetlands.Shape_Length": 996.25054450907146, "Wetlands.Shape_Area": 4147.9644188366992, "NWI_Wetland_Codes.OBJECTID": 6016, "NWI_Wetland_Codes.ATTRIBUTE": "R4SBC", "NWI_Wetland_Codes.SYSTEM": "R", "NWI_Wetland_Codes.SYSTEM_NAME": "Riverine", "NWI_Wetland_Codes.SYSTEM_DEFINITION": "The Riverine System includes all wetlands and deepwater habitats contained within a channel, with two exceptions: (1) wetlands dominated by trees, shrubs, persistent emergents, emergent mosses, or lichens, and (2) habitats with water containing ocean-derived salts of 0.5 ppt or greater. A channel is an open conduit either naturally or artificially created which periodically or continuously contains moving water, or which forms a connecting link between two bodies of standing water.", "NWI_Wetland_Codes.SUBSYSTEM": "4", "NWI_Wetland_Codes.SUBSYSTEM_NAME": "Intermittent", "NWI_Wetland_Codes.SUBSYSTEM_DEFINITION": "This Subsystem includes channels that contain flowing water only part of the year. When the water is not flowing, it may remain in isolated pools or surface water may be absent.", "NWI_Wetland_Codes.CLASS": "SB", "NWI_Wetland_Codes.CLASS_NAME": "Streambed", "NWI_Wetland_Codes.CLASS_DEFINITION": "Includes all wetlands contained within the Intermittent Subsystem of the Riverine System and all channels of the Estuarine System or of the Tidal Subsystem of the Riverine System that are completely dewatered at low tide.", "NWI_Wetland_Codes.SUBCLASS": null, "NWI_Wetland_Codes.SUBCLASS_NAME": null, "NWI_Wetland_Codes.SUBCLASS_DEFINITION": null, "NWI_Wetland_Codes.SPLIT_CLASS": null, "NWI_Wetland_Codes.SPLIT_CLASS_NAME": null, "NWI_Wetland_Codes.SPLIT_CLASS_DEFINITION": null, "NWI_Wetland_Codes.SPLIT_SUBCLASS": null, "NWI_Wetland_Codes.SPLIT_SUBCLASS_NAME": null, "NWI_Wetland_Codes.SPLIT_SUBCLASS_DEFINITION": null, "NWI_Wetland_Codes.WATER_REGIME": "C", "NWI_Wetland_Codes.WATER_REGIME_NAME": "Seasonally Flooded", "NWI_Wetland_Codes.WATER_REGIME_SUBGROUP": "Nontidal", "NWI_Wetland_Codes.WATER_REGIME_DEFINITION": "Surface water is present for extended periods especially early in the growing season, but is absent by the end of the growing season in most years.  The water table after flooding ceases is variable, extending from saturated to the surface to a water table well below the ground surface.", "NWI_Wetland_Codes.MODIFIER1": null, "NWI_Wetland_Codes.MODIFIER1_NAME": null, "NWI_Wetland_Codes.MODIFIER1_GROUP": null, "NWI_Wetland_Codes.MODIFIER1_SUBGROUP": null, "NWI_Wetland_Codes.MODIFIER1_DEFINITION": null, "NWI_Wetland_Codes.MODIFIER2": null, "NWI_Wetland_Codes.MODIFIER2_NAME": null, "NWI_Wetland_Codes.MODIFIER2_GROUP": null, "NWI_Wetland_Codes.MODIFIER2_SUBGROUP": null, "NWI_Wetland_Codes.MODIFIER2_DEFINITION": null, "NWI_Wetland_Codes.Field1": null }, "geometry": { "type": "Polygon", "coordinates": [ [ [ -78.042107011011808, 39.290726330602226 ], [ -78.041986745459894, 39.290661711760997 ], [ -78.041842121190712, 39.290616823934727 ], [ -78.041841926256311, 39.290616758581599 ], [ -78.04192846096764, 39.290585821533455 ], [ -78.042032210094732, 39.290618023233471 ], [ -78.042236300140772, 39.290740507332814 ], [ -78.042295259267803, 39.290796149808223 ], [ -78.042359629675005, 39.290854359359884 ], [ -78.04235678657578, 39.290856642222629 ], [ -78.042346599605892, 39.29086405658169 ], [ -78.042336412633844, 39.290871470939791 ], [ -78.042301731179492, 39.290894336951787 ], [ -78.042296130903537, 39.290897348968478 ], [ -78.042107011011808, 39.290726330602226 ] ] ] } },
{ "type": "Feature", "properties": { "Wetlands.OBJECTID": 14428623, "Wetlands.ATTRIBUTE": "R4SBC", "Wetlands.WETLAND_TYPE": "Riverine", "Wetlands.ACRES": 2.7287923857014258, "Wetlands.GLOBALID": "{8B80BB3B-6D0B-47BD-ADF2-84CB469BACE6}", "Wetlands.Shape_Length": 4789.6388445205985, "Wetlands.Shape_Area": 18463.564191971022, "NWI_Wetland_Codes.OBJECTID": 6016, "NWI_Wetland_Codes.ATTRIBUTE": "R4SBC", "NWI_Wetland_Codes.SYSTEM": "R", "NWI_Wetland_Codes.SYSTEM_NAME": "Riverine", "NWI_Wetland_Codes.SYSTEM_DEFINITION": "The Riverine System includes all wetlands and deepwater habitats contained within a channel, with two exceptions: (1) wetlands dominated by trees, shrubs, persistent emergents, emergent mosses, or lichens, and (2) habitats with water containing ocean-derived salts of 0.5 ppt or greater. A channel is an open conduit either naturally or artificially created which periodically or continuously contains moving water, or which forms a connecting link between two bodies of standing water.", "NWI_Wetland_Codes.SUBSYSTEM": "4", "NWI_Wetland_Codes.SUBSYSTEM_NAME": "Intermittent", "NWI_Wetland_Codes.SUBSYSTEM_DEFINITION": "This Subsystem includes channels that contain flowing water only part of the year. When the water is not flowing, it may remain in isolated pools or surface water may be absent.", "NWI_Wetland_Codes.CLASS": "SB", "NWI_Wetland_Codes.CLASS_NAME": "Streambed", "NWI_Wetland_Codes.CLASS_DEFINITION": "Includes all wetlands contained within the Intermittent Subsystem of the Riverine System and all channels of the Estuarine System or of the Tidal Subsystem of the Riverine System that are completely dewatered at low tide.", "NWI_Wetland_Codes.SUBCLASS": null, "NWI_Wetland_Codes.SUBCLASS_NAME": null, "NWI_Wetland_Codes.SUBCLASS_DEFINITION": null, "NWI_Wetland_Codes.SPLIT_CLASS": null, "NWI_Wetland_Codes.SPLIT_CLASS_NAME": null, "NWI_Wetland_Codes.SPLIT_CLASS_DEFINITION": null, "NWI_Wetland_Codes.SPLIT_SUBCLASS": null, "NWI_Wetland_Codes.SPLIT_SUBCLASS_NAME": null, "NWI_Wetland_Codes.SPLIT_SUBCLASS_DEFINITION": null, "NWI_Wetland_Codes.WATER_REGIME": "C", "NWI_Wetland_Codes.WATER_REGIME_NAME": "Seasonally Flooded", "NWI_Wetland_Codes.WATER_REGIME_SUBGROUP": "Nontidal", "NWI_Wetland_Codes.WATER_REGIME_DEFINITION": "Surface water is present for extended periods especially early in the growing season, but is absent by the end of the growing season in most years.  The water table after flooding ceases is variable, extending from saturated to the surface to a water table well below the ground surface.", "NWI_Wetland_Codes.MODIFIER1": null, "NWI_Wetland_Codes.MODIFIER1_NAME": null, "NWI_Wetland_Codes.MODIFIER1_GROUP": null, "NWI_Wetland_Codes.MODIFIER1_SUBGROUP": null, "NWI_Wetland_Codes.MODIFIER1_DEFINITION": null, "NWI_Wetland_Codes.MODIFIER2": null, "NWI_Wetland_Codes.MODIFIER2_NAME": null, "NWI_Wetland_Codes.MODIFIER2_GROUP": null, "NWI_Wetland_Codes.MODIFIER2_SUBGROUP": null, "NWI_Wetland_Codes.MODIFIER2_DEFINITION": null, "NWI_Wetland_Codes.Field1": null }, "geometry": { "type": "MultiPolygon", "coordinates": [ [ [ [ -78.065248554165152, 39.295084936228797 ], [ -78.065201398900939, 39.295064801805992 ], [ -78.06519671239009, 39.295062407531979 ], [ -78.065192592716215, 39.295059468219918 ], [ -78.065152518871386, 39.295025908747604 ], [ -78.065108685577101, 39.294997996386549 ], [ -78.065050154048123, 39.294976164254571 ], [ -78.064992784040825, 39.294958382365962 ], [ -78.064987460624451, 39.294956314138339 ], [ -78.064982675298936, 39.294953588249015 ], [ -78.064978566404804, 39.294950281865361 ], [ -78.064942162177957, 39.294914758392324 ], [ -78.064900484840322, 39.294896963279243 ], [ -78.064846252648323, 39.2948846964184 ], [ -78.064796082637997, 39.29487738983152 ], [ -78.064746443532044, 39.294889864559394 ], [ -78.064692972213066, 39.29490979950922 ], [ -78.064687721560247, 39.294911373448898 ], [ -78.064682207701011, 39.294912284164823 ], [ -78.064676574365876, 39.294912510105853 ], [ -78.064670965285231, 39.294912045015032 ], [ -78.06461014035736, 39.294903186737706 ], [ -78.064604252798972, 39.294901915211192 ], [ -78.064599573474666, 39.294900249504508 ], [ -78.064551179433678, 39.294879586674064 ], [ -78.063904630482668, 39.294713915352517 ], [ -78.063510731806986, 39.294712860031353 ], [ -78.063480500802754, 39.294733845486007 ], [ -78.063456494225079, 39.294766531226344 ], [ -78.063439906833366, 39.294809161845812 ], [ -78.063439065111936, 39.29481105975281 ], [ -78.063436880409157, 39.294814627539722 ], [ -78.063408176540875, 39.294853709115614 ], [ -78.063379472672622, 39.294892790669756 ], [ -78.063378993870558, 39.294893423999874 ], [ -78.063377677838673, 39.294894979169413 ], [ -78.063342891477603, 39.294933175012126 ], [ -78.063340625926458, 39.294935402441872 ], [ -78.06333595289037, 39.294938828401058 ], [ -78.063283796704965, 39.294969901176067 ], [ -78.063279303331925, 39.294972177268846 ], [ -78.063273445417948, 39.294974159986104 ], [ -78.063212620490049, 39.294989446094661 ], [ -78.063207236886555, 39.294990447881105 ], [ -78.063206288265619, 39.294990554247029 ], [ -78.063148061265537, 39.294996494054658 ], [ -78.06308983336713, 39.295002434556935 ], [ -78.063031605468723, 39.295008374363555 ], [ -78.06297505831823, 39.295014143149992 ], [ -78.062918844442706, 39.295024155448438 ], [ -78.062859769432976, 39.29503900009297 ], [ -78.062854385829468, 39.295040001878697 ], [ -78.062853437208531, 39.29504010754934 ], [ -78.062805411476802, 39.295045007331034 ], [ -78.062118640458948, 39.295489099372297 ], [ -78.062301518586182, 39.295512389172579 ], [ -78.062354512001434, 39.295506983320053 ], [ -78.062359667432844, 39.295506749733875 ], [ -78.062362290513462, 39.295506852623028 ], [ -78.062424277861325, 39.295511074554909 ], [ -78.062427741765063, 39.295511443704562 ], [ -78.062488566692963, 39.295520303295319 ], [ -78.062494454251336, 39.295521574810593 ], [ -78.062495200751329, 39.29552179866397 ], [ -78.062553700839274, 39.295539932874249 ], [ -78.062557633663573, 39.295541374712364 ], [ -78.062608890635374, 39.295563260893395 ], [ -78.062609720678694, 39.29556362656681 ], [ -78.062614241001199, 39.295566070877783 ], [ -78.062663395915237, 39.295597375569933 ], [ -78.062668108477212, 39.295601081660834 ], [ -78.062708861448385, 39.295640848260774 ], [ -78.062711846550087, 39.295644274185499 ], [ -78.062712735882229, 39.295645570030317 ], [ -78.062738840924368, 39.295686279985119 ], [ -78.062770479588679, 39.295721794724386 ], [ -78.062808871787297, 39.295753947484393 ], [ -78.062855967762701, 39.295783939565617 ], [ -78.062897919086467, 39.295810654489117 ], [ -78.062949808472212, 39.295818211943647 ], [ -78.063014999212399, 39.295827706902841 ], [ -78.063075396542189, 39.295831820365144 ], [ -78.063084214707331, 39.29583248184889 ], [ -78.063080282494312, 39.295843191089325 ], [ -78.063063575767757, 39.295876064392914 ], [ -78.063058076062816, 39.295884388836257 ], [ -78.063007006901302, 39.295880910768425 ], [ -78.063003542997563, 39.295880541620754 ], [ -78.062936634678579, 39.295870796399079 ], [ -78.062875809750693, 39.295861937547862 ], [ -78.062870101855367, 39.295860717483123 ], [ -78.062864745201338, 39.295858784149736 ], [ -78.06285989160385, 39.295856190382281 ], [ -78.062810957675396, 39.295825029015802 ], [ -78.062761803659669, 39.295793724425444 ], [ -78.062758570622961, 39.29579134268991 ], [ -78.062716881607258, 39.295756430024461 ], [ -78.062715629355765, 39.295755321884222 ], [ -78.062713800385822, 39.295753449725034 ], [ -78.062679356282899, 39.295714785073145 ], [ -78.06267774740023, 39.295712798205685 ], [ -78.062676858068087, 39.295711502362103 ], [ -78.062651270455547, 39.295671599543887 ], [ -78.06261530460651, 39.295636500506262 ], [ -78.062571732721963, 39.295608752454939 ], [ -78.062525233227916, 39.295588898346864 ], [ -78.062471981097858, 39.295572390909015 ], [ -78.062416285550256, 39.295564278661111 ], [ -78.062359941419004, 39.295560440480969 ], [ -78.062305595140955, 39.295565984673416 ], [ -78.062300439709517, 39.295566218954619 ], [ -78.062295155819029, 39.295565856062048 ], [ -78.062037692370382, 39.295532937803927 ], [ -78.062032450700713, 39.295532364266514 ], [ -78.062028474757255, 39.29553180254748 ], [ -78.062024658713938, 39.295530779217678 ], [ -78.062021096893815, 39.295529317913861 ], [ -78.062020244392627, 39.295528988390558 ], [ -78.061970300757778, 39.29550767087003 ], [ -78.061913416739031, 39.295485079046323 ], [ -78.061912480694517, 39.295484693211797 ], [ -78.061866196796132, 39.295464929444243 ], [ -78.061812684154646, 39.295457135584407 ], [ -78.061752442233399, 39.295453032528059 ], [ -78.061690456682143, 39.295448810592688 ], [ -78.061628469334281, 39.295444588657055 ], [ -78.061625005430557, 39.295444219507019 ], [ -78.061564180502657, 39.295435360601878 ], [ -78.061503355574771, 39.295426501000328 ], [ -78.061442530646886, 39.295417641397663 ], [ -78.06143913232016, 39.295417010853143 ], [ -78.061379662051735, 39.29540355668501 ], [ -78.061313875728544, 39.295389164691805 ], [ -78.061254061405336, 39.295375632656089 ], [ -78.061251573071999, 39.295374991683161 ], [ -78.061250825673682, 39.295374767134071 ], [ -78.061192324687426, 39.29535663288106 ], [ -78.061133823701184, 39.295338497232926 ], [ -78.061129062630172, 39.295336689716088 ], [ -78.061124542307667, 39.295334245397051 ], [ -78.061076803138519, 39.29530384365092 ], [ -78.061029388261204, 39.29527873722536 ], [ -78.06097961081467, 39.295257482196618 ], [ -78.060928354741193, 39.295235595224788 ], [ -78.060927523799549, 39.295235229549668 ], [ -78.060923003477043, 39.295232785922352 ], [ -78.060876572254941, 39.295203216981868 ], [ -78.060830073659204, 39.295183361368423 ], [ -78.060773597475631, 39.295165852746237 ], [ -78.060771392111604, 39.295165101234531 ], [ -78.06070933110189, 39.295141950358911 ], [ -78.060646166960993, 39.295123346784962 ], [ -78.06064259795437, 39.295122116974539 ], [ -78.060585259388105, 39.295099344274121 ], [ -78.060527920821826, 39.295076571566277 ], [ -78.060526154733978, 39.295075820053604 ], [ -78.06052411465997, 39.295074816878007 ], [ -78.060474021006485, 39.295048292158924 ], [ -78.060471098786849, 39.295046564582805 ], [ -78.06046943690356, 39.295045396643992 ], [ -78.060421667191733, 39.295009596528779 ], [ -78.060419063874008, 39.295007418460692 ], [ -78.060417234904094, 39.295005545586314 ], [ -78.060382791699467, 39.294966879826241 ], [ -78.060381183715123, 39.294964892937529 ], [ -78.06037948679753, 39.294962244911247 ], [ -78.060356758522531, 39.29492116885875 ], [ -78.060314942844371, 39.294894539105798 ], [ -78.060260538175839, 39.294862845480601 ], [ -78.060258904140312, 39.29486183395953 ], [ -78.060257242257052, 39.294860665322432 ], [ -78.06020947254521, 39.294824865112737 ], [ -78.060194253287634, 39.294813459596995 ], [ -78.060254399089175, 39.294783467795256 ], [ -78.0602586903413, 39.294786685200599 ], [ -78.060304897882872, 39.294821315401656 ], [ -78.060358178759003, 39.294852353468613 ], [ -78.060359369925067, 39.294853079261181 ], [ -78.060408522144158, 39.294884384272123 ], [ -78.060412401069556, 39.294887320115564 ], [ -78.060415633207938, 39.294890679337605 ], [ -78.060418143100847, 39.294894380599452 ], [ -78.060442829703163, 39.29493899594496 ], [ -78.060473361643048, 39.294973271517406 ], [ -78.06051652838741, 39.295005622058561 ], [ -78.060562330788784, 39.295029874179015 ], [ -78.060617695756378, 39.295051863409768 ], [ -78.060673298777516, 39.295073947181031 ], [ -78.060736047896754, 39.295092428412701 ], [ -78.06073882728424, 39.295093353725534 ], [ -78.060801166771697, 39.295116608897388 ], [ -78.060858543067198, 39.295134396307404 ], [ -78.060862474094876, 39.295135838153811 ], [ -78.060913730168366, 39.295157725156834 ], [ -78.0609145602117, 39.295158090137136 ], [ -78.060919080534205, 39.295160534462276 ], [ -78.060965511756322, 39.295190103420801 ], [ -78.061013919272014, 39.29521077380673 ], [ -78.061065175345504, 39.295232660786382 ], [ -78.06106600538881, 39.295233025766258 ], [ -78.061068045462818, 39.295234028939582 ], [ -78.061118139116331, 39.2952605535883 ], [ -78.061120619364829, 39.295261994736954 ], [ -78.061165347381149, 39.295290479141755 ], [ -78.061218769292765, 39.295307040176361 ], [ -78.061275674871069, 39.295324680851053 ], [ -78.061333504815806, 39.295337763798216 ], [ -78.061399290240686, 39.295352155801943 ], [ -78.061457423815966, 39.295365306873393 ], [ -78.06151653116504, 39.295373916211204 ], [ -78.06157735609294, 39.295382775819391 ], [ -78.061636462543689, 39.29539138515505 ], [ -78.061696703566639, 39.295395487519848 ], [ -78.061758690016191, 39.295399710153646 ], [ -78.061820676465757, 39.295403931396777 ], [ -78.061824140369467, 39.295404300546956 ], [ -78.061884965297367, 39.295413160151305 ], [ -78.061890852855726, 39.29541443166849 ], [ -78.061895532180046, 39.295416098058141 ], [ -78.06194630765485, 39.295437779194998 ], [ -78.062003191673583, 39.295460370338773 ], [ -78.062004127718097, 39.295460756868628 ], [ -78.062034114380609, 39.295473560320929 ], [ -78.062768108934634, 39.294998935604646 ], [ -78.06277209925112, 39.294996746413034 ], [ -78.062776452487014, 39.294995003541182 ], [ -78.062781082403973, 39.294993741749174 ], [ -78.06278589827221, 39.294992986064386 ], [ -78.062840889540652, 39.294987375782384 ], [ -78.062898344887898, 39.294972939210687 ], [ -78.062901347057604, 39.294972296148451 ], [ -78.062960736477649, 39.294961717947736 ], [ -78.06296311791148, 39.294961359223215 ], [ -78.062964066532416, 39.294961252857235 ], [ -78.063022293532498, 39.294955313046643 ], [ -78.063080521430905, 39.294949372540309 ], [ -78.063138748430987, 39.294943432728729 ], [ -78.063193740597725, 39.294937822442691 ], [ -78.063245389234979, 39.294924844396498 ], [ -78.063288252348769, 39.294899309589916 ], [ -78.0633190403085, 39.294865505329149 ], [ -78.063346915930083, 39.294827551380472 ], [ -78.063373707285123, 39.294791075415375 ], [ -78.06339029467685, 39.294748444089684 ], [ -78.063391136398252, 39.294746546876198 ], [ -78.063393321101032, 39.294742979085811 ], [ -78.063422024969299, 39.294703897448073 ], [ -78.063425165479543, 39.294700324093881 ], [ -78.063429021048734, 39.294697183157133 ], [ -78.063474809975403, 39.294665396980299 ], [ -78.06347626255122, 39.294664442463208 ], [ -78.063481323659516, 39.294661820843281 ], [ -78.063486906689022, 39.294659909028155 ], [ -78.063492839163146, 39.294658765415079 ], [ -78.063498943215507, 39.294658425459573 ], [ -78.063505031098188, 39.294658898199359 ], [ -78.063507907503734, 39.294659316713073 ], [ -78.063908053063869, 39.294660351178891 ], [ -78.063914331389412, 39.294660824613814 ], [ -78.063920412983876, 39.294661711000821 ], [ -78.063925011459816, 39.294662630062504 ], [ -78.06457665475682, 39.294829636296804 ], [ -78.06457794383924, 39.294829988765095 ], [ -78.06458262316356, 39.294831654473469 ], [ -78.064628907061973, 39.294851417029335 ], [ -78.064672643338199, 39.294857786484592 ], [ -78.064717760325024, 39.294840966032666 ], [ -78.064721917728164, 39.294839661135263 ], [ -78.064782742656035, 39.294824372908401 ], [ -78.064788508941845, 39.29482332593134 ], [ -78.064794423449698, 39.294823033250516 ], [ -78.064800318194557, 39.294823503903544 ], [ -78.064861143122457, 39.29483236149575 ], [ -78.064864541449168, 39.294832992045585 ], [ -78.064924204855416, 39.294846488035553 ], [ -78.064926694087049, 39.294847129013355 ], [ -78.064931373411369, 39.294848795416478 ], [ -78.064982630383156, 39.294870680423642 ], [ -78.064986427561877, 39.294872553301623 ], [ -78.064989874397611, 39.294874785599688 ], [ -78.064992914296553, 39.294877338386485 ], [ -78.065027901880214, 39.294911478424559 ], [ -78.06507772693746, 39.294926921662679 ], [ -78.065079934098122, 39.294927673872166 ], [ -78.065143355157161, 39.294951330230937 ], [ -78.06514591086416, 39.29495238554852 ], [ -78.065150431186666, 39.294954829880851 ], [ -78.065199586999, 39.294986132760698 ], [ -78.065202821832358, 39.294988514523624 ], [ -78.065240675940103, 39.29502021573915 ], [ -78.065286961635124, 39.295039977546629 ], [ -78.065290877391433, 39.295041918549835 ], [ -78.065294416753673, 39.29504424191397 ], [ -78.065337234951684, 39.295076328941029 ], [ -78.065389303102179, 39.29509246734397 ], [ -78.065447804986746, 39.295110600275031 ], [ -78.065506305972974, 39.295128733896611 ], [ -78.065510978110808, 39.295130500401982 ], [ -78.065515255888158, 39.295132775794279 ], [ -78.065519044083729, 39.295135509323863 ], [ -78.065560733997742, 39.295170421603736 ], [ -78.065562010027662, 39.29517169122623 ], [ -78.065538364399288, 39.295171094756306 ], [ -78.065493029200553, 39.295168216010445 ], [ -78.065448275588494, 39.295161898314269 ], [ -78.065404534284511, 39.295152202531582 ], [ -78.06536222676516, 39.295139222084629 ], [ -78.065321760435282, 39.295123081931514 ], [ -78.065313485776699, 39.295118938794019 ], [ -78.065305611532224, 39.295115798138106 ], [ -78.065278734358074, 39.295107551870416 ], [ -78.065248554165152, 39.295084936228797 ] ] ], [ [ [ -78.068406769294356, 39.294914382287516 ], [ -78.068405084953213, 39.294918937952531 ], [ -78.068404791204102, 39.294919507323741 ], [ -78.068381011001904, 39.294964113615563 ], [ -78.068378641246198, 39.294967745353297 ], [ -78.0683773252143, 39.294969301216405 ], [ -78.068344761285246, 39.295005060335285 ], [ -78.068322447133596, 39.295046917745275 ], [ -78.068299312820074, 39.295090309439381 ], [ -78.068282103794189, 39.295134547165951 ], [ -78.068281229733415, 39.295136511803385 ], [ -78.068256139787536, 39.295186040670423 ], [ -78.068232246397613, 39.295230865085159 ], [ -78.068208466195401, 39.295275471178677 ], [ -78.068184685094877, 39.295320077243716 ], [ -78.06816090579099, 39.295364682585117 ], [ -78.068137125588777, 39.295409288593326 ], [ -78.068135740386609, 39.295411574404561 ], [ -78.068105877691636, 39.29545529400594 ], [ -78.068104892239774, 39.295456639908529 ], [ -78.068101686152517, 39.295460087393387 ], [ -78.068060631347393, 39.295497566874687 ], [ -78.06805605532935, 39.2955009872448 ], [ -78.068050994221039, 39.295503608833251 ], [ -78.068045412089859, 39.295505521320564 ], [ -78.06803947961572, 39.295506664919785 ], [ -78.068033375563374, 39.295507004871169 ], [ -78.068030751584431, 39.29550690198203 ], [ -78.067968764236554, 39.295502683525889 ], [ -78.06796530033283, 39.295502314376165 ], [ -78.06790447540493, 39.295493458259088 ], [ -78.067843649578734, 39.295484601445757 ], [ -78.067838921745391, 39.295483649025385 ], [ -78.067834413999293, 39.295482204405303 ], [ -78.067830212578713, 39.295480296088577 ], [ -78.067781507720639, 39.295454511213435 ], [ -78.067733907790384, 39.295434188498341 ], [ -78.067674601015298, 39.295416725821958 ], [ -78.067617170820881, 39.295408363979867 ], [ -78.067523931394263, 39.295421043155578 ], [ -78.067511748858038, 39.29541618439891 ], [ -78.067473512584954, 39.295397040732581 ], [ -78.067449329758574, 39.295382136533235 ], [ -78.067445042786773, 39.295383581715562 ], [ -78.067401740892564, 39.295394403272887 ], [ -78.067357282332168, 39.295401874835449 ], [ -78.067312095493719, 39.295405924413252 ], [ -78.067266615273553, 39.295406512972129 ], [ -78.067256750187013, 39.295406264266589 ], [ -78.067249897767866, 39.295405829247613 ], [ -78.067255763310712, 39.295404784404859 ], [ -78.067321638567122, 39.295390615570589 ], [ -78.067325563306611, 39.295389953741832 ], [ -78.067326511927547, 39.295389847376519 ], [ -78.067384738927643, 39.295383905516687 ], [ -78.067389894359053, 39.295383671234809 ], [ -78.067395604949311, 39.295384114076192 ], [ -78.067611500654806, 39.295354755844791 ], [ -78.067617884981544, 39.295354379047133 ], [ -78.067623971965887, 39.295354851087012 ], [ -78.067690879386561, 39.295364593599707 ], [ -78.067696854081518, 39.295365890144922 ], [ -78.067761527392094, 39.295384933019776 ], [ -78.067766032443231, 39.295386547965457 ], [ -78.067817290313343, 39.295408432109291 ], [ -78.067818121255002, 39.295408797783509 ], [ -78.067820160430685, 39.295409800259115 ], [ -78.067864137455416, 39.295433081743354 ], [ -78.06791764560532, 39.295440872825104 ], [ -78.067976752056055, 39.295449479372813 ], [ -78.068018698888253, 39.295452333854456 ], [ -78.068045358190943, 39.295427994285411 ], [ -78.068072707399764, 39.295387955046778 ], [ -78.068095860577913, 39.295344523910828 ], [ -78.068119640780097, 39.295299917861371 ], [ -78.06814342188062, 39.295255311783464 ], [ -78.068167202082819, 39.295210706372337 ], [ -78.068190853825939, 39.295166340081799 ], [ -78.068215190983622, 39.295118291978945 ], [ -78.068232487146076, 39.295073831777621 ], [ -78.068233327969196, 39.295071933877743 ], [ -78.068233621718306, 39.295071363812561 ], [ -78.068257402818801, 39.295026758979482 ], [ -78.068281183021014, 39.294982152032368 ], [ -78.068283552776734, 39.294978520295381 ], [ -78.068284867910307, 39.294976965127695 ], [ -78.068317432737672, 39.294941205994405 ], [ -78.068338437145641, 39.294901806064324 ], [ -78.068338946490428, 39.294899769814364 ], [ -78.068340614661892, 39.29489528088758 ], [ -78.06834310389354, 39.294891305020521 ], [ -78.068356619087041, 39.294873635753163 ], [ -78.068361603959801, 39.294874740578734 ], [ -78.068403911945637, 39.294887719949465 ], [ -78.068421726806704, 39.294894824884125 ], [ -78.068406769294356, 39.294914382287516 ] ] ], [ [ [ -78.070052096619293, 39.294612468187758 ], [ -78.070056525313646, 39.29461312793827 ], [ -78.070060804887675, 39.294614216630819 ], [ -78.070117713160911, 39.294631853308779 ], [ -78.070175734446806, 39.294644974621697 ], [ -78.07017822367844, 39.294645616296513 ], [ -78.07018290300276, 39.294647281314056 ], [ -78.070234162669507, 39.294669164993763 ], [ -78.070285420539619, 39.294691047971462 ], [ -78.070289931878975, 39.294693338672552 ], [ -78.070293926687057, 39.294696132006919 ], [ -78.07029730884409, 39.294699361930022 ], [ -78.070331756540284, 39.294738023666639 ], [ -78.070333365422968, 39.294740010561732 ], [ -78.070335062340533, 39.294742657901253 ], [ -78.070361104500648, 39.294789712119872 ], [ -78.070362912809287, 39.294793922971763 ], [ -78.070363785073425, 39.294798302757982 ], [ -78.070366522240107, 39.294831051036553 ], [ -78.070369779531333, 39.294834919150468 ], [ -78.070372287627592, 39.294839175883091 ], [ -78.07037378781412, 39.294843698878431 ], [ -78.070374234276812, 39.294848353266993 ], [ -78.070374054613765, 39.294849697095614 ], [ -78.070373051195588, 39.29484982848912 ], [ -78.070297636729165, 39.294845706626667 ], [ -78.070294131502962, 39.29480640258096 ], [ -78.07027172212986, 39.29476591249437 ], [ -78.07024388693246, 39.294734672084502 ], [ -78.070199860500381, 39.294715876525729 ], [ -78.070152013533402, 39.294695450705873 ], [ -78.070096105983367, 39.294682807008463 ], [ -78.070093617650045, 39.294682165333995 ], [ -78.070092870251727, 39.29468194147789 ], [ -78.070038574279337, 39.294665114726882 ], [ -78.068785996792869, 39.294541378574145 ], [ -78.068803301643996, 39.29453206614685 ], [ -78.068843053649019, 39.294514887904988 ], [ -78.068884781122946, 39.294500819987654 ], [ -78.068895290200771, 39.294498193483179 ], [ -78.070052096619293, 39.294612468187758 ] ] ] ] } },
{ "type": "Feature", "properties": { "Wetlands.OBJECTID": 14428630, "Wetlands.ATTRIBUTE": "R4SBC", "Wetlands.WETLAND_TYPE": "Riverine", "Wetlands.ACRES": 4.9633700163205052, "Wetlands.GLOBALID": "{066C210C-8979-4925-A70D-401632C93C5A}", "Wetlands.Shape_Length": 8694.3041800566716, "Wetlands.Shape_Area": 33584.630445992967, "NWI_Wetland_Codes.OBJECTID": 6016, "NWI_Wetland_Codes.ATTRIBUTE": "R4SBC", "NWI_Wetland_Codes.SYSTEM": "R", "NWI_Wetland_Codes.SYSTEM_NAME": "Riverine", "NWI_Wetland_Codes.SYSTEM_DEFINITION": "The Riverine System includes all wetlands and deepwater habitats contained within a channel, with two exceptions: (1) wetlands dominated by trees, shrubs, persistent emergents, emergent mosses, or lichens, and (2) habitats with water containing ocean-derived salts of 0.5 ppt or greater. A channel is an open conduit either naturally or artificially created which periodically or continuously contains moving water, or which forms a connecting link between two bodies of standing water.", "NWI_Wetland_Codes.SUBSYSTEM": "4", "NWI_Wetland_Codes.SUBSYSTEM_NAME": "Intermittent", "NWI_Wetland_Codes.SUBSYSTEM_DEFINITION": "This Subsystem includes channels that contain flowing water only part of the year. When the water is not flowing, it may remain in isolated pools or surface water may be absent.", "NWI_Wetland_Codes.CLASS": "SB", "NWI_Wetland_Codes.CLASS_NAME": "Streambed", "NWI_Wetland_Codes.CLASS_DEFINITION": "Includes all wetlands contained within the Intermittent Subsystem of the Riverine System and all channels of the Estuarine System or of the Tidal Subsystem of the Riverine System that are completely dewatered at low tide.", "NWI_Wetland_Codes.SUBCLASS": null, "NWI_Wetland_Codes.SUBCLASS_NAME": null, "NWI_Wetland_Codes.SUBCLASS_DEFINITION": null, "NWI_Wetland_Codes.SPLIT_CLASS": null, "NWI_Wetland_Codes.SPLIT_CLASS_NAME": null, "NWI_Wetland_Codes.SPLIT_CLASS_DEFINITION": null, "NWI_Wetland_Codes.SPLIT_SUBCLASS": null, "NWI_Wetland_Codes.SPLIT_SUBCLASS_NAME": null, "NWI_Wetland_Codes.SPLIT_SUBCLASS_DEFINITION": null, "NWI_Wetland_Codes.WATER_REGIME": "C", "NWI_Wetland_Codes.WATER_REGIME_NAME": "Seasonally Flooded", "NWI_Wetland_Codes.WATER_REGIME_SUBGROUP": "Nontidal", "NWI_Wetland_Codes.WATER_REGIME_DEFINITION": "Surface water is present for extended periods especially early in the growing season, but is absent by the end of the growing season in most years.  The water table after flooding ceases is variable, extending from saturated to the surface to a water table well below the ground surface.", "NWI_Wetland_Codes.MODIFIER1": null, "NWI_Wetland_Codes.MODIFIER1_NAME": null, "NWI_Wetland_Codes.MODIFIER1_GROUP": null, "NWI_Wetland_Codes.MODIFIER1_SUBGROUP": null, "NWI_Wetland_Codes.MODIFIER1_DEFINITION": null, "NWI_Wetland_Codes.MODIFIER2": null, "NWI_Wetland_Codes.MODIFIER2_NAME": null, "NWI_Wetland_Codes.MODIFIER2_GROUP": null, "NWI_Wetland_Codes.MODIFIER2_SUBGROUP": null, "NWI_Wetland_Codes.MODIFIER2_DEFINITION": null, "NWI_Wetland_Codes.Field1": null }, "geometry": { "type": "Polygon", "coordinates": [ [ [ -78.033510472407642, 39.293367370309767 ], [ -78.033538368690472, 39.293403691982974 ], [ -78.033569651621917, 39.293430850668386 ], [ -78.03361423411117, 39.293437355125036 ], [ -78.033672753962051, 39.293437765998668 ], [ -78.033678934371196, 39.293438240832337 ], [ -78.033743867294874, 39.293447713867323 ], [ -78.033749753954936, 39.293448986810638 ], [ -78.033752707615591, 39.293449963591286 ], [ -78.033809122713734, 39.293471025203154 ], [ -78.033813973616276, 39.29347322069939 ], [ -78.033818300801002, 39.293475980711989 ], [ -78.033860195530892, 39.293507395487765 ], [ -78.033907467576114, 39.293539617395936 ], [ -78.033955365747062, 39.293572266847306 ], [ -78.033956583862576, 39.293573137953317 ], [ -78.033999071480579, 39.293604996928472 ], [ -78.034000832178535, 39.293606417254729 ], [ -78.034042284039032, 39.293642402319577 ], [ -78.034043351237557, 39.293643377707077 ], [ -78.034074644948788, 39.293673932426394 ], [ -78.034122438016851, 39.293691774429696 ], [ -78.034178474025964, 39.293708292739183 ], [ -78.034179996670375, 39.293708772437505 ], [ -78.034247232874449, 39.293731412804178 ], [ -78.034248489617525, 39.293731858436814 ], [ -78.034304904715682, 39.293752919268648 ], [ -78.034307459524356, 39.293753975299502 ], [ -78.03431248020847, 39.293756746424506 ], [ -78.034368878238652, 39.293794243502752 ], [ -78.034421771940899, 39.29382277230318 ], [ -78.034422819376502, 39.293823359758861 ], [ -78.034468694541431, 39.293850099762942 ], [ -78.03452735902107, 39.293870835199392 ], [ -78.034582750938114, 39.293891510146139 ], [ -78.034638783353984, 39.293908027713279 ], [ -78.034640887208354, 39.293908708326818 ], [ -78.034702713757795, 39.293930558867153 ], [ -78.034706976263806, 39.293932347649537 ], [ -78.034710872257222, 39.293934568854191 ], [ -78.034714328076092, 39.293937179377906 ], [ -78.03475348743595, 39.293971173879832 ], [ -78.034799659044936, 39.29399808554485 ], [ -78.034801292182124, 39.293999097773636 ], [ -78.034804714763354, 39.294001687438538 ], [ -78.034843870529969, 39.294035679823523 ], [ -78.034890045732183, 39.294062593549391 ], [ -78.034891678869371, 39.294063605777218 ], [ -78.034896168649169, 39.294067170126148 ], [ -78.034932436332127, 39.294102582100287 ], [ -78.034935420535533, 39.294106008795502 ], [ -78.034937728307469, 39.2941098414937 ], [ -78.034959112702808, 39.294154318992184 ], [ -78.034983087839422, 39.294190130668113 ], [ -78.035024090542265, 39.294214029209165 ], [ -78.035076496459297, 39.294237862392343 ], [ -78.03512738602015, 39.294256859690137 ], [ -78.035182291050305, 39.29426486919855 ], [ -78.03518660026873, 39.294265716658842 ], [ -78.035190733417352, 39.294266972902257 ], [ -78.035194625817482, 39.294268617767727 ], [ -78.035244595503457, 39.294293015442136 ], [ -78.03524883914487, 39.294295452150216 ], [ -78.03529033771774, 39.29432373394723 ], [ -78.035294718801381, 39.294325088214094 ], [ -78.035298808830873, 39.294326895757038 ], [ -78.035302526059525, 39.294329123206069 ], [ -78.03530579772378, 39.294331725372572 ], [ -78.035401592269039, 39.294418226670714 ], [ -78.035439567649377, 39.294451191336648 ], [ -78.035485361965925, 39.294473549209059 ], [ -78.035486704048949, 39.294474238159566 ], [ -78.035540391861915, 39.294503195625694 ], [ -78.035589677929977, 39.294527258823898 ], [ -78.03559369968751, 39.294529546749516 ], [ -78.035595362469081, 39.294530715392163 ], [ -78.035637850985395, 39.2945625739316 ], [ -78.035680340400035, 39.294594432456584 ], [ -78.035682101097976, 39.294595854153165 ], [ -78.035719905798402, 39.294628672047033 ], [ -78.035769789246146, 39.294651357999818 ], [ -78.035835208158375, 39.294677805006259 ], [ -78.035839511088582, 39.294679860033177 ], [ -78.035843378335898, 39.294682368333909 ], [ -78.035885866852183, 39.294714226804373 ], [ -78.035888469271569, 39.294716405576743 ], [ -78.035891544204787, 39.29471978496791 ], [ -78.035921321559826, 39.294758557925995 ], [ -78.035923198140452, 39.294761445805563 ], [ -78.035943280876936, 39.29479776745081 ], [ -78.035982778901669, 39.294824690616579 ], [ -78.036031349012461, 39.294846777240316 ], [ -78.03608545813529, 39.294858626985658 ], [ -78.036088338134093, 39.294859362511012 ], [ -78.036145877922976, 39.294876322694364 ], [ -78.036148656412152, 39.29487724801006 ], [ -78.036205071510309, 39.294898308497373 ], [ -78.036207627217294, 39.29489936451094 ], [ -78.036208564160134, 39.294899807355343 ], [ -78.036258535642759, 39.294924202724189 ], [ -78.036308507125369, 39.294948600170194 ], [ -78.036358477709683, 39.294972996912485 ], [ -78.036360866330028, 39.294974272608883 ], [ -78.036409802055132, 39.295002794671674 ], [ -78.036455979053997, 39.295029708025773 ], [ -78.0365092707099, 39.295049601223695 ], [ -78.036565377685946, 39.295070544865297 ], [ -78.036625804660133, 39.295091899364571 ], [ -78.036680725859981, 39.295108086428044 ], [ -78.03673771228668, 39.295120565286055 ], [ -78.036740504250574, 39.295121275086203 ], [ -78.036743458809539, 39.295122251843516 ], [ -78.036799874806022, 39.295143312257139 ], [ -78.036802429614681, 39.295144367571794 ], [ -78.036805757872813, 39.295146086803115 ], [ -78.036853535669508, 39.295173933756281 ], [ -78.036902275561886, 39.295197729071923 ], [ -78.036906297319405, 39.295200016975649 ], [ -78.036907960101004, 39.295201185607091 ], [ -78.03694985662753, 39.295232598913579 ], [ -78.036996602259975, 39.295264460609651 ], [ -78.037049348638519, 39.295297542365773 ], [ -78.037049999917102, 39.295297960180498 ], [ -78.037052224145739, 39.29529956052901 ], [ -78.037099090152424, 39.295336334469489 ], [ -78.037101130226432, 39.295338082199208 ], [ -78.037102958298036, 39.295339955064712 ], [ -78.037137966542986, 39.295379275495669 ], [ -78.03713957452733, 39.295381262372608 ], [ -78.037141552617598, 39.295384438038603 ], [ -78.037168044833621, 39.295435347393095 ], [ -78.037169696835434, 39.295439460183253 ], [ -78.037170463996688, 39.295443721745457 ], [ -78.037174252192244, 39.295495293579826 ], [ -78.037178918940143, 39.295541259309658 ], [ -78.037187753870967, 39.295576008016063 ], [ -78.037217287782568, 39.295598152799293 ], [ -78.037262011307291, 39.295611333022741 ], [ -78.037315699120256, 39.295611709123818 ], [ -78.037376818695563, 39.295608102446558 ], [ -78.037380037359213, 39.295608025974985 ], [ -78.037386124343598, 39.2956084994035 ], [ -78.037445647612628, 39.295617181011835 ], [ -78.037505171779983, 39.295625863314285 ], [ -78.037511058440032, 39.295627136218002 ], [ -78.037514012100687, 39.295628112968217 ], [ -78.03757042989379, 39.295649172534517 ], [ -78.037575067895617, 39.295651254645549 ], [ -78.037579234281893, 39.295653852591713 ], [ -78.037582832034602, 39.29565690519577 ], [ -78.037623251730821, 39.295697015190449 ], [ -78.037626390444416, 39.29570072892318 ], [ -78.037628684741648, 39.295704786082183 ], [ -78.037630072638763, 39.295709075436044 ], [ -78.037765513430784, 39.295846201839446 ], [ -78.037805776820136, 39.295886156002389 ], [ -78.03780823191579, 39.295888936775661 ], [ -78.037838009270843, 39.295927709086286 ], [ -78.037840240686009, 39.295931264998025 ], [ -78.037841760635473, 39.295935032943355 ], [ -78.037842537678188, 39.295938930194424 ], [ -78.03784716759516, 39.295984538999342 ], [ -78.037861504707124, 39.296029676434429 ], [ -78.037879930051886, 39.296062996974953 ], [ -78.037914877211378, 39.296083363999749 ], [ -78.037966260845636, 39.296090858162437 ], [ -78.038012828611656, 39.296097650181153 ], [ -78.038044705329526, 39.296083416139105 ], [ -78.038072154251338, 39.296050729623204 ], [ -78.038075155522691, 39.296047661742115 ], [ -78.038078552052781, 39.296045051992309 ], [ -78.038125747741191, 39.296013444396564 ], [ -78.038129429037213, 39.296011289301134 ], [ -78.038133451693085, 39.296009523513185 ], [ -78.038137744741803, 39.296008178316391 ], [ -78.038142233623262, 39.296007276652219 ], [ -78.038200485776187, 39.295998665306698 ], [ -78.038205340272, 39.295998212041354 ], [ -78.0382102307004, 39.295998277389437 ], [ -78.038215061839992, 39.295998861350895 ], [ -78.038219739367676, 39.295999950717103 ], [ -78.03827728095321, 39.296016909233799 ], [ -78.038279383909284, 39.296017590521984 ], [ -78.038341213153643, 39.296039439013832 ], [ -78.038345939190364, 39.296041459936376 ], [ -78.038350199899767, 39.296044011985416 ], [ -78.038353894670522, 39.296047034679177 ], [ -78.03839016504844, 39.296082445651969 ], [ -78.038393390000309, 39.296086205246887 ], [ -78.038395742688024, 39.296090323560342 ], [ -78.038397160229536, 39.296094683800106 ], [ -78.038397600404039, 39.29609916361251 ], [ -78.038397116212096, 39.296139561162825 ], [ -78.038418140383015, 39.296170958754104 ], [ -78.03846075376515, 39.296195795125875 ], [ -78.038462606989583, 39.296196955398422 ], [ -78.038510731535993, 39.296229750990918 ], [ -78.038511949651493, 39.29623062206386 ], [ -78.038551837545072, 39.29626052773736 ], [ -78.038591630217212, 39.296279954113437 ], [ -78.038632454155291, 39.296283024765096 ], [ -78.038669126978434, 39.296266648186538 ], [ -78.038707642246251, 39.296236784922215 ], [ -78.038712254196923, 39.296233778921199 ], [ -78.038717477001995, 39.296231422922617 ], [ -78.03872315345626, 39.296229787835976 ], [ -78.038782441366706, 39.296217050564948 ], [ -78.038786705669352, 39.296216348423009 ], [ -78.038791051718718, 39.296216055747969 ], [ -78.038795410344463, 39.29621617671107 ], [ -78.038855969371028, 39.296220731596193 ], [ -78.038859118864409, 39.296221079191227 ], [ -78.038862213560563, 39.296221642295137 ], [ -78.038920701970397, 39.296234449779448 ], [ -78.03892349483263, 39.296235159568319 ], [ -78.038926448493285, 39.296236136310085 ], [ -78.038982867184686, 39.296257194998233 ], [ -78.03898541390852, 39.296258246820216 ], [ -78.039035486002447, 39.296281016362883 ], [ -78.039088933066921, 39.296288811521428 ], [ -78.039094819726984, 39.296290084413087 ], [ -78.039097099651173, 39.296290816447403 ], [ -78.039158929793857, 39.296312663463596 ], [ -78.039163574982183, 39.29631464336213 ], [ -78.039167775504467, 39.296317136310186 ], [ -78.039171431647659, 39.296320085302092 ], [ -78.039174461665127, 39.296323421514131 ], [ -78.03920346826564, 39.296361182779883 ], [ -78.039235394390843, 39.296397039209452 ], [ -78.039277980823528, 39.296426063313511 ], [ -78.039313755331378, 39.296443527128538 ], [ -78.03935822193796, 39.296436953432334 ], [ -78.039359308899435, 39.296436806052505 ], [ -78.03936541295181, 39.296436467496022 ], [ -78.039371500834491, 39.296436940918937 ], [ -78.039377387494525, 39.296438213807932 ], [ -78.039382896862179, 39.296440245842007 ], [ -78.039387858257484, 39.296442977234989 ], [ -78.039389520140773, 39.296444145150502 ], [ -78.039427950068628, 39.296472957898018 ], [ -78.039475029874339, 39.296490530150535 ], [ -78.039529934904508, 39.296498537317831 ], [ -78.039589459071877, 39.296507218120581 ], [ -78.039648983239232, 39.296515899617468 ], [ -78.039654394690501, 39.296516688654791 ], [ -78.039655160055119, 39.296516806141419 ], [ -78.039895695650543, 39.296556127301791 ], [ -78.03994498261693, 39.296559834732271 ], [ -78.03999781882699, 39.296541760572246 ], [ -78.0400026634413, 39.296540419556877 ], [ -78.04000771466815, 39.296539633995714 ], [ -78.040012862014734, 39.296539420573346 ], [ -78.040080032641782, 39.296540640626262 ], [ -78.040085791741078, 39.296541109877388 ], [ -78.040091766436035, 39.29654240848641 ], [ -78.040149308021554, 39.29655936617646 ], [ -78.04020380970816, 39.296575428462269 ], [ -78.040260224806318, 39.296583655298754 ], [ -78.040319749871983, 39.296592336090953 ], [ -78.04038311793046, 39.296601577202175 ], [ -78.040390475672169, 39.296602130508042 ], [ -78.040391521881745, 39.296609197199381 ], [ -78.04039226576721, 39.296644535562642 ], [ -78.040391781615639, 39.296656024186056 ], [ -78.04037464232573, 39.296654735292627 ], [ -78.040371493730675, 39.296654387699803 ], [ -78.040306559010361, 39.296644917879412 ], [ -78.040247033944681, 39.296636237788874 ], [ -78.040187509777326, 39.296627557002111 ], [ -78.040181535082368, 39.296626259089962 ], [ -78.040123992598538, 39.296609300720839 ], [ -78.04007224514659, 39.296594049725222 ], [ -78.04001930473197, 39.296593088282542 ], [ -78.039965202795642, 39.296611594835113 ], [ -78.039959462560986, 39.296613118683112 ], [ -78.039953463611525, 39.296613865312985 ], [ -78.039947385610304, 39.296613811088477 ], [ -78.039886825685414, 39.296609256228898 ], [ -78.039883677090359, 39.296608908635839 ], [ -78.039882911725726, 39.296608790454201 ], [ -78.039640799586991, 39.296569211409185 ], [ -78.039635792377609, 39.296568481463275 ], [ -78.039576268210226, 39.296559800668113 ], [ -78.03951674314456, 39.296551119871943 ], [ -78.039457219875516, 39.296542439074621 ], [ -78.039451333215482, 39.296541166187545 ], [ -78.039448379554813, 39.296540189450035 ], [ -78.039391959965073, 39.29651913084696 ], [ -78.039387109062545, 39.296516934751047 ], [ -78.039382780979508, 39.296514175553497 ], [ -78.039353457273691, 39.296492190257901 ], [ -78.039332569646689, 39.296495278279934 ], [ -78.039295683024491, 39.296569727932784 ], [ -78.039290163775391, 39.296612382481015 ], [ -78.039289708329548, 39.296614783653844 ], [ -78.039278322183321, 39.296660168168678 ], [ -78.039277583768182, 39.296662527628783 ], [ -78.039260787068983, 39.296707123077539 ], [ -78.039259822278368, 39.296709318472303 ], [ -78.039237580890259, 39.296753191594334 ], [ -78.039215982695865, 39.296795792501584 ], [ -78.039200275653116, 39.296838709691563 ], [ -78.039204271359509, 39.296878070991795 ], [ -78.039224434046062, 39.296919997495436 ], [ -78.039247262932378, 39.29696128093007 ], [ -78.039249029918537, 39.296965365823269 ], [ -78.039249915657408, 39.296969614084112 ], [ -78.039254763865003, 39.297017366159267 ], [ -78.039254837526855, 39.297020548007694 ], [ -78.039254416217005, 39.297023715257168 ], [ -78.039253505325291, 39.297026821330469 ], [ -78.039237147003973, 39.297070251422845 ], [ -78.039226060895032, 39.297114441321263 ], [ -78.03921497478612, 39.297158631191799 ], [ -78.039209156398016, 39.297203598245936 ], [ -78.039208700053862, 39.297205999398528 ], [ -78.039197909490667, 39.297249014357369 ], [ -78.0391974531465, 39.297286996190941 ], [ -78.039222100222943, 39.297323803151315 ], [ -78.039224073821615, 39.297327362468032 ], [ -78.039225353022587, 39.297331101140742 ], [ -78.039225913571329, 39.297334940614199 ], [ -78.039225742891418, 39.297338803028367 ], [ -78.039218734235575, 39.297389101985438 ], [ -78.039218305739197, 39.297391302225087 ], [ -78.039216603431726, 39.297395857728937 ], [ -78.039194927083912, 39.297438613964957 ], [ -78.039178561576094, 39.297482063266855 ], [ -78.039177596785464, 39.297484259332499 ], [ -78.039155354499044, 39.297528131968896 ], [ -78.039154140875084, 39.297530250868448 ], [ -78.039126520375021, 39.297573267713609 ], [ -78.03910026082265, 39.297614166330554 ], [ -78.039085792556676, 39.297652576889483 ], [ -78.039087201115052, 39.297699260709507 ], [ -78.039087207403256, 39.297700263152336 ], [ -78.03908658576907, 39.297704904837815 ], [ -78.039084953530221, 39.297709294869563 ], [ -78.039052103038586, 39.297699875939678 ], [ -78.039016743552367, 39.297691831370315 ], [ -78.039015473334558, 39.297649725278305 ], [ -78.0390157518123, 39.297645684221131 ], [ -78.039016827095693, 39.297641721718591 ], [ -78.039033624693189, 39.297597126169983 ], [ -78.039034555347826, 39.297594997539932 ], [ -78.03903583634542, 39.29759274586366 ], [ -78.039063455947144, 39.297549729030457 ], [ -78.039090409897241, 39.297507748680069 ], [ -78.039111505035066, 39.297466140224607 ], [ -78.039127870542913, 39.297422690912825 ], [ -78.039128834435203, 39.297420494845234 ], [ -78.03914940316028, 39.297379923544192 ], [ -78.039154820001443, 39.297341058883866 ], [ -78.039131000273358, 39.297305489351658 ], [ -78.039128851503193, 39.297301525439522 ], [ -78.039127559725827, 39.297297350887774 ], [ -78.039127161772157, 39.297293072754066 ], [ -78.039127726812453, 39.297246038987765 ], [ -78.039128349344963, 39.297241326363505 ], [ -78.03913943545389, 39.297197135849963 ], [ -78.039145253841966, 39.297152168791683 ], [ -78.039145709287823, 39.297149767637229 ], [ -78.039157095434049, 39.297104383439766 ], [ -78.039168481580276, 39.297058999212844 ], [ -78.039169219995443, 39.297056639070988 ], [ -78.039184268573067, 39.297016684880816 ], [ -78.039180349223486, 39.296978077931527 ], [ -78.039159410392543, 39.29694021202593 ], [ -78.039158798639818, 39.296939027434298 ], [ -78.039136580607902, 39.296892822088694 ], [ -78.039134983403343, 39.296888085804419 ], [ -78.039134639348575, 39.296885885548946 ], [ -78.039129791140994, 39.296838133384114 ], [ -78.039129853124749, 39.296833463138604 ], [ -78.039130978713786, 39.296828872143784 ], [ -78.039148811170506, 39.296780152243279 ], [ -78.039149846928026, 39.296777762199049 ], [ -78.039172088316136, 39.296733889092458 ], [ -78.03919373142628, 39.296691199859048 ], [ -78.039209657657949, 39.296648915892845 ], [ -78.039220443729562, 39.296605920030473 ], [ -78.039226262117666, 39.29656095328761 ], [ -78.039226717563508, 39.296558552112934 ], [ -78.03922835878555, 39.29655412168816 ], [ -78.039263752407734, 39.296482684961006 ], [ -78.039237748875223, 39.296469990837664 ], [ -78.039233503437174, 39.296467554205272 ], [ -78.039185379789089, 39.296434758724232 ], [ -78.039181559254175, 39.296431708934847 ], [ -78.03917973028426, 39.296429836098547 ], [ -78.039144720242689, 39.296390514867241 ], [ -78.039143472482777, 39.296389008394151 ], [ -78.039119431769137, 39.296357711703038 ], [ -78.039071498563871, 39.296340774124545 ], [ -78.039016217139604, 39.296332712019286 ], [ -78.039010330479556, 39.296331439128387 ], [ -78.039004830095081, 39.296329410567104 ], [ -78.038950689531219, 39.296304790446541 ], [ -78.038898350987822, 39.296285254932641 ], [ -78.038845899256685, 39.296273769708066 ], [ -78.038795109408852, 39.296269948946488 ], [ -78.038751171011668, 39.296279389619649 ], [ -78.038715924713173, 39.296306718206125 ], [ -78.038713067172253, 39.296308702275979 ], [ -78.038708634884642, 39.29631104853928 ], [ -78.038657782154729, 39.296333752717068 ], [ -78.038652887234761, 39.296335520582396 ], [ -78.038647693175761, 39.29633669336603 ], [ -78.038642324843636, 39.296337243260403 ], [ -78.038636908900784, 39.296337155666635 ], [ -78.03857635077253, 39.296332600093884 ], [ -78.038570927643178, 39.296331861108058 ], [ -78.038565724601042, 39.296330484634005 ], [ -78.038560866511986, 39.296328504040709 ], [ -78.038510895029361, 39.296304108465947 ], [ -78.038506872373517, 39.296301819903135 ], [ -78.038505209591918, 39.296300651985241 ], [ -78.038463312167082, 39.296269239157965 ], [ -78.03841704264174, 39.296237704658381 ], [ -78.038369174115189, 39.296209805989051 ], [ -78.038365277223505, 39.296207162876165 ], [ -78.038361938185588, 39.296204108210532 ], [ -78.038359227968357, 39.296200710816024 ], [ -78.038330664237293, 39.296158053236283 ], [ -78.038328515467114, 39.296154089954321 ], [ -78.038327225486356, 39.296149915334155 ], [ -78.038326825736064, 39.296145637825532 ], [ -78.038327276690353, 39.296108023824061 ], [ -78.03830399864637, 39.296085293155834 ], [ -78.038250901924883, 39.296066530633681 ], [ -78.038203932611935, 39.296052687282994 ], [ -78.038164935847135, 39.296058452507424 ], [ -78.038128613366951, 39.296082778648632 ], [ -78.038099290559444, 39.296117697408079 ], [ -78.038095964097948, 39.296121048228805 ], [ -78.038091990849452, 39.296123959688657 ], [ -78.038087466933689, 39.296126361573428 ], [ -78.038036616000383, 39.296149065811107 ], [ -78.038032137898682, 39.29615070993718 ], [ -78.038027400183879, 39.296151856306636 ], [ -78.038022497179043, 39.29615247989269 ], [ -78.038017528597223, 39.296152569572286 ], [ -78.038012593253058, 39.296152121869476 ], [ -78.037953069085688, 39.296143440327484 ], [ -78.037893544918347, 39.296134758784476 ], [ -78.037888315825072, 39.296133670810747 ], [ -78.03788336790447, 39.29613198219208 ], [ -78.037878820632514, 39.296129733944689 ], [ -78.037829884009099, 39.296101213036181 ], [ -78.037825399619194, 39.296098095798783 ], [ -78.037821686882126, 39.296094437702372 ], [ -78.037818855392359, 39.296090345806462 ], [ -78.037795703112522, 39.296048477202042 ], [ -78.037794891933842, 39.296046868528371 ], [ -78.037793931634795, 39.29604437904667 ], [ -78.037778262321297, 39.295995048916666 ], [ -78.037777724230438, 39.2959930140889 ], [ -78.037777380175683, 39.295990813805311 ], [ -78.03777315629722, 39.295949204448284 ], [ -78.037748758054093, 39.295917443171597 ], [ -78.037709576236367, 39.295878561014732 ], [ -78.037566334474405, 39.295733553946327 ], [ -78.03756333679631, 39.295729953532053 ], [ -78.037561133228905, 39.295726033327995 ], [ -78.037559778569474, 39.295721896222858 ], [ -78.037532167950886, 39.295694496498129 ], [ -78.037487360882835, 39.295677771489004 ], [ -78.037432455852667, 39.295669763532636 ], [ -78.037377549924187, 39.295661754880214 ], [ -78.037319610384998, 39.295665174547089 ], [ -78.037316578570909, 39.295665252409009 ], [ -78.037254891260346, 39.295664820692565 ], [ -78.037248710851202, 39.295664346569225 ], [ -78.037242736156244, 39.295663047943926 ], [ -78.037185196367346, 39.29564608934156 ], [ -78.037180870979256, 39.295644550178203 ], [ -78.037176860001509, 39.295642577212639 ], [ -78.037173237994296, 39.295640207290297 ], [ -78.037130748579671, 39.295608348546004 ], [ -78.037127272099511, 39.295605317490917 ], [ -78.037124431626594, 39.295601922848178 ], [ -78.037122290941269, 39.295598242479635 ], [ -78.037120899450898, 39.295594358418342 ], [ -78.037109605831148, 39.295549943011885 ], [ -78.037109411795043, 39.295549114337462 ], [ -78.037109067740289, 39.295546913344758 ], [ -78.037104196176486, 39.295498877321364 ], [ -78.037100679272157, 39.295451053995592 ], [ -78.037077709350342, 39.29540691171109 ], [ -78.037046593505522, 39.295371963398829 ], [ -78.037003230030138, 39.295337937597914 ], [ -78.036951432272545, 39.295305450256066 ], [ -78.036950558211771, 39.295304882973568 ], [ -78.036902436360336, 39.295272086252695 ], [ -78.036901218244779, 39.295271215167752 ], [ -78.036861332147865, 39.295241309071677 ], [ -78.036814441886648, 39.295218416835652 ], [ -78.036812053266317, 39.295217141143716 ], [ -78.03676587986071, 39.29519022994721 ], [ -78.036715359507454, 39.295171370552346 ], [ -78.036659841826264, 39.295159212886041 ], [ -78.036656962725786, 39.295158477363884 ], [ -78.036599422936888, 39.295141519334464 ], [ -78.036597318184164, 39.295140838037725 ], [ -78.036535152071565, 39.295118866214914 ], [ -78.036478397410221, 39.295097683438549 ], [ -78.036421981413753, 39.295076624401588 ], [ -78.036419424808457, 39.295075568390686 ], [ -78.036416096550326, 39.295073849157632 ], [ -78.036367160825236, 39.295045326428635 ], [ -78.036319383926852, 39.295017480119462 ], [ -78.036270644932799, 39.294993684047405 ], [ -78.036220674348471, 39.294969287312341 ], [ -78.036172401580046, 39.294945719945545 ], [ -78.036119142263487, 39.294925838536614 ], [ -78.036064572304923, 39.294909753625824 ], [ -78.036007587674888, 39.29489727403508 ], [ -78.03600479571098, 39.294896564232651 ], [ -78.035999296224801, 39.294894535629787 ], [ -78.035943908799339, 39.294869349109064 ], [ -78.035938721028558, 39.294866466100352 ], [ -78.035890600075433, 39.294833669174103 ], [ -78.035887008610928, 39.294830831352151 ], [ -78.035884002847965, 39.294827622291265 ], [ -78.035881647465303, 39.294824110816499 ], [ -78.03585938900919, 39.294783854328863 ], [ -78.035833314509759, 39.294749907495422 ], [ -78.035797794225118, 39.294723273506108 ], [ -78.035736112304448, 39.294698337197609 ], [ -78.035734575286995, 39.294697678143173 ], [ -78.035679189658168, 39.294672490856414 ], [ -78.035674224669577, 39.29466975730881 ], [ -78.035670802088333, 39.294667167668564 ], [ -78.035630205424027, 39.294631926305399 ], [ -78.035588619714574, 39.294600744928267 ], [ -78.035548733617659, 39.294570838545752 ], [ -78.035501845153092, 39.294547945395315 ], [ -78.03550050307004, 39.294547256445519 ], [ -78.035446814358764, 39.294518298997666 ], [ -78.035397530087337, 39.294494237186768 ], [ -78.035393508329818, 39.294491949259978 ], [ -78.035390084850263, 39.294489360308397 ], [ -78.035348407512657, 39.294453177544696 ], [ -78.035259015260422, 39.294372461118783 ], [ -78.03525557111962, 39.294371190277857 ], [ -78.035250387840406, 39.294368310029455 ], [ -78.035204361758559, 39.294336941523788 ], [ -78.035162457147152, 39.294316482223323 ], [ -78.035109575123016, 39.294308768184663 ], [ -78.035103688462954, 39.29430749456175 ], [ -78.03510073570061, 39.294306517793125 ], [ -78.035044319704141, 39.294285458518196 ], [ -78.035041772980307, 39.294284406666641 ], [ -78.034986386453141, 39.294259217840818 ], [ -78.034983054601767, 39.29425749650207 ], [ -78.034934119774974, 39.294228974135706 ], [ -78.034930222883276, 39.294226330947971 ], [ -78.034926882048737, 39.294223276196007 ], [ -78.034924172729845, 39.29421987870537 ], [ -78.034895612592024, 39.294177219918673 ], [ -78.034893919267702, 39.294174263189156 ], [ -78.034873701783908, 39.294132214074509 ], [ -78.034843826512514, 39.294103040244401 ], [ -78.034798470573818, 39.294076603449 ], [ -78.034796836538305, 39.294075591221343 ], [ -78.0347934148554, 39.294073001559177 ], [ -78.034754258190475, 39.294039009192311 ], [ -78.034708083886557, 39.294012095457397 ], [ -78.034706449851072, 39.294011083228803 ], [ -78.034703027269828, 39.294008494259415 ], [ -78.034666464041123, 39.293976753653943 ], [ -78.034612403427332, 39.293957647826957 ], [ -78.034556014380314, 39.293941025989618 ], [ -78.034553235891138, 39.293940099966385 ], [ -78.034497132508378, 39.293919155291384 ], [ -78.034435668878317, 39.293897434057094 ], [ -78.034432438536555, 39.293896134008612 ], [ -78.034429110278438, 39.293894414746603 ], [ -78.03438068120316, 39.293866185612345 ], [ -78.034326878405864, 39.293837166008778 ], [ -78.03432413944256, 39.293835527390129 ], [ -78.034269881199378, 39.293799452046677 ], [ -78.034218238850343, 39.293780173063006 ], [ -78.034152379763597, 39.293757997810573 ], [ -78.034095704153998, 39.293741291109654 ], [ -78.034092927461472, 39.293740365083728 ], [ -78.03403651146499, 39.29371930494333 ], [ -78.034032047736332, 39.293717315238375 ], [ -78.034028015199027, 39.293714846530328 ], [ -78.034024503684591, 39.293711953045843 ], [ -78.033988867517266, 39.293677156834903 ], [ -78.033948927521408, 39.293642482964607 ], [ -78.033907945479839, 39.293611753037126 ], [ -78.033860672536335, 39.293579529771741 ], [ -78.033812774365373, 39.293546881018997 ], [ -78.033811556249844, 39.293546009912596 ], [ -78.033773129915247, 39.293517195960526 ], [ -78.033726054601104, 39.293499621571272 ], [ -78.033668848985499, 39.293491275490297 ], [ -78.033610329134632, 39.293490864616963 ], [ -78.033604147827162, 39.293490389783649 ], [ -78.033544627253065, 39.293481706521206 ], [ -78.033539044223573, 39.293480521175887 ], [ -78.03353379357074, 39.293478651736706 ], [ -78.033529017228361, 39.293476147564164 ], [ -78.033524848147138, 39.293473079570262 ], [ -78.03348339628667, 39.293437093028004 ], [ -78.033482555463564, 39.29343633524077 ], [ -78.033479479632035, 39.293432956482832 ], [ -78.033449885533301, 39.293394424031327 ], [ -78.033445935240209, 39.293389280780985 ], [ -78.033455750876101, 39.29337443505662 ], [ -78.033480401624928, 39.293344732637415 ], [ -78.03348764165473, 39.293337645363167 ], [ -78.033510472407642, 39.293367370309767 ] ] ] } },
{ "type": "Feature", "properties": { "Wetlands.OBJECTID": 14428633, "Wetlands.ATTRIBUTE": "R3UBF", "Wetlands.WETLAND_TYPE": "Riverine", "Wetlands.ACRES": 9.5460730760094012, "Wetlands.GLOBALID": "{3D7A4F60-914E-4D28-9E2D-785F128475A6}", "Wetlands.Shape_Length": 13077.037920667975, "Wetlands.Shape_Area": 64600.94809993128, "NWI_Wetland_Codes.OBJECTID": 5928, "NWI_Wetland_Codes.ATTRIBUTE": "R3UBF", "NWI_Wetland_Codes.SYSTEM": "R", "NWI_Wetland_Codes.SYSTEM_NAME": "Riverine", "NWI_Wetland_Codes.SYSTEM_DEFINITION": "The Riverine System includes all wetlands and deepwater habitats contained within a channel, with two exceptions: (1) wetlands dominated by trees, shrubs, persistent emergents, emergent mosses, or lichens, and (2) habitats with water containing ocean-derived salts of 0.5 ppt or greater. A channel is an open conduit either naturally or artificially created which periodically or continuously contains moving water, or which forms a connecting link between two bodies of standing water.", "NWI_Wetland_Codes.SUBSYSTEM": "3", "NWI_Wetland_Codes.SUBSYSTEM_NAME": "Upper Perennial", "NWI_Wetland_Codes.SUBSYSTEM_DEFINITION": "This Subsystem is characterized by a high gradient. There is no tidal influence, and some water flows all year, except during years of extreme drought. The substrate consists of rock, cobbles, or gravel with occasional patches of sand. The natural dissolved oxygen concentration is normally near saturation. The fauna is characteristic of running water, and there are few or no planktonic forms. The gradient is high compared with that of the Lower Perennial Subsystem, and there is very little floodplain development.", "NWI_Wetland_Codes.CLASS": "UB", "NWI_Wetland_Codes.CLASS_NAME": "Unconsolidated Bottom", "NWI_Wetland_Codes.CLASS_DEFINITION": "Includes all wetlands and deepwater habitats with at least 25% cover of particles smaller than stones (less than 6-7 cm), and a vegetative cover less than 30%.", "NWI_Wetland_Codes.SUBCLASS": null, "NWI_Wetland_Codes.SUBCLASS_NAME": null, "NWI_Wetland_Codes.SUBCLASS_DEFINITION": null, "NWI_Wetland_Codes.SPLIT_CLASS": null, "NWI_Wetland_Codes.SPLIT_CLASS_NAME": null, "NWI_Wetland_Codes.SPLIT_CLASS_DEFINITION": null, "NWI_Wetland_Codes.SPLIT_SUBCLASS": null, "NWI_Wetland_Codes.SPLIT_SUBCLASS_NAME": null, "NWI_Wetland_Codes.SPLIT_SUBCLASS_DEFINITION": null, "NWI_Wetland_Codes.WATER_REGIME": "F", "NWI_Wetland_Codes.WATER_REGIME_NAME": "Semipermanently Flooded", "NWI_Wetland_Codes.WATER_REGIME_SUBGROUP": "Nontidal", "NWI_Wetland_Codes.WATER_REGIME_DEFINITION": "Surface water persists throughout the growing season in most years. When surface water is absent, the water table is usually at or very near the land surface.", "NWI_Wetland_Codes.MODIFIER1": null, "NWI_Wetland_Codes.MODIFIER1_NAME": null, "NWI_Wetland_Codes.MODIFIER1_GROUP": null, "NWI_Wetland_Codes.MODIFIER1_SUBGROUP": null, "NWI_Wetland_Codes.MODIFIER1_DEFINITION": null, "NWI_Wetland_Codes.MODIFIER2": null, "NWI_Wetland_Codes.MODIFIER2_NAME": null, "NWI_Wetland_Codes.MODIFIER2_GROUP": null, "NWI_Wetland_Codes.MODIFIER2_SUBGROUP": null, "NWI_Wetland_Codes.MODIFIER2_DEFINITION": null, "NWI_Wetland_Codes.Field1": null }, "geometry": { "type": "Polygon", "coordinates": [ [ [ -78.053748868073555, 39.303947284514898 ], [ -78.053745688935749, 39.303948204149805 ], [ -78.053686562722064, 39.303963055938503 ], [ -78.053626584007176, 39.303982343935019 ], [ -78.053623404869384, 39.303983263569421 ], [ -78.053568703756795, 39.303997004560493 ], [ -78.053523408005219, 39.304020456272013 ], [ -78.053475438867352, 39.304045289858976 ], [ -78.053432102341418, 39.304075364581891 ], [ -78.053386302634991, 39.304107146486267 ], [ -78.053380005444822, 39.304110825017247 ], [ -78.053372983314276, 39.304113638134112 ], [ -78.053311260071084, 39.304133486348924 ], [ -78.053308446547632, 39.304134310751117 ], [ -78.05330371062945, 39.304135356893809 ], [ -78.053244312226212, 39.304145930232799 ], [ -78.053241136681692, 39.304146408469407 ], [ -78.053238463295415, 39.304146677477469 ], [ -78.053174836522146, 39.30415167254715 ], [ -78.053117316496184, 39.304157535115259 ], [ -78.053110442587638, 39.304157845829934 ], [ -78.053106942751285, 39.304157707502839 ], [ -78.053044949115218, 39.304153482616854 ], [ -78.052982955479166, 39.304149256340366 ], [ -78.052978336341965, 39.304148762811344 ], [ -78.052917506024173, 39.30413989944676 ], [ -78.052909654748603, 39.304138202679901 ], [ -78.052904663708873, 39.304136495486297 ], [ -78.052847320651026, 39.304113718767098 ], [ -78.052841424109502, 39.304110935540017 ], [ -78.052836132134175, 39.304107518371005 ], [ -78.052793347173818, 39.304075452861127 ], [ -78.052746389538981, 39.304056800917913 ], [ -78.052689465994362, 39.304044345896401 ], [ -78.052631921713882, 39.304040421987253 ], [ -78.052627303475035, 39.30403992915258 ], [ -78.052619264451522, 39.304038178164497 ], [ -78.052465999287662, 39.303992594764772 ], [ -78.052419441403103, 39.30399289713889 ], [ -78.052373340761037, 39.30401007685046 ], [ -78.052366337495073, 39.304012173310234 ], [ -78.05235898478449, 39.304013388367132 ], [ -78.052351472173754, 39.304013688655793 ], [ -78.052343993699026, 39.304013067920216 ], [ -78.052283162482922, 39.304004203843334 ], [ -78.052275551955844, 39.304002576584431 ], [ -78.052268408552692, 39.303999997020995 ], [ -78.052261937089384, 39.303996538139778 ], [ -78.052222313300533, 39.303971302065108 ], [ -78.052173397338365, 39.303964174375558 ], [ -78.052112566122261, 39.303955310292473 ], [ -78.052104714846692, 39.303953613521131 ], [ -78.052098476047036, 39.303951391939215 ], [ -78.052047217278613, 39.303929501429415 ], [ -78.052040968597481, 39.303926307382994 ], [ -78.052035475399549, 39.303922388332992 ], [ -78.05199593874724, 39.303889273811428 ], [ -78.051958770054057, 39.30386560031458 ], [ -78.051909854091889, 39.303858472614259 ], [ -78.051851310884814, 39.303849941477516 ], [ -78.05179393009773, 39.303846029374398 ], [ -78.051735975287173, 39.303846406821435 ], [ -78.051680629184204, 39.303852046283446 ], [ -78.051625695407949, 39.303857644733256 ], [ -78.051562249196067, 39.303871281481875 ], [ -78.051560190257433, 39.30387168534314 ], [ -78.051514013258569, 39.303879904371072 ], [ -78.051476568782576, 39.303908942750553 ], [ -78.051474696693532, 39.303910316295152 ], [ -78.051428896987076, 39.303942097579394 ], [ -78.051422598000315, 39.303945776119043 ], [ -78.051415574971415, 39.303948589937669 ], [ -78.051408029123039, 39.303950459097244 ], [ -78.05134862982149, 39.303961031769056 ], [ -78.051342191595865, 39.303961822807786 ], [ -78.051335672521844, 39.303961924294335 ], [ -78.051329196566968, 39.303961332057945 ], [ -78.05126836624919, 39.303952467279373 ], [ -78.051203752227423, 39.303943051274871 ], [ -78.051144078041418, 39.303938982081313 ], [ -78.051139458904217, 39.303938488550813 ], [ -78.051131607628633, 39.303936792474182 ], [ -78.051124262104565, 39.303934082922098 ], [ -78.0511176460125, 39.303930441917913 ], [ -78.051113627848224, 39.303927457100691 ], [ -78.051071940629157, 39.303892540151438 ], [ -78.051033817925131, 39.303860609395159 ], [ -78.050992330132075, 39.303838640309053 ], [ -78.050938634234242, 39.30382199092778 ], [ -78.050932284941837, 39.303819580270542 ], [ -78.050925667951446, 39.30381593926041 ], [ -78.050919980717367, 39.30381147731967 ], [ -78.050915396614471, 39.303806331385829 ], [ -78.050914211736625, 39.303804603330711 ], [ -78.050887016139711, 39.303762183943 ], [ -78.050884266396636, 39.303756845458643 ], [ -78.050882673683631, 39.3037512400496 ], [ -78.050875895894819, 39.303712583985607 ], [ -78.050852035742537, 39.303675366790358 ], [ -78.050849754920037, 39.303671139789934 ], [ -78.0508302749531, 39.303626063586186 ], [ -78.050810254200371, 39.30358987372766 ], [ -78.050777489048684, 39.303572522219 ], [ -78.050725027436101, 39.303560651704828 ], [ -78.050669847521448, 39.303548163229415 ], [ -78.050612516141726, 39.303544255280109 ], [ -78.050550524302267, 39.303540027576616 ], [ -78.050542576906949, 39.303538951534989 ], [ -78.050534989736065, 39.303536852975725 ], [ -78.050527989165047, 39.303533791678753 ], [ -78.050477892816602, 39.303507263908607 ], [ -78.050473398545236, 39.303504558510632 ], [ -78.05046937139781, 39.303501455505213 ], [ -78.05046587066316, 39.303498000074995 ], [ -78.050431428356859, 39.303459331359015 ], [ -78.050428241134213, 39.303455176637804 ], [ -78.050425817479578, 39.303450732052021 ], [ -78.050424200512069, 39.303446079625658 ], [ -78.050411495638997, 39.303396157604261 ], [ -78.050411237822516, 39.30339505236541 ], [ -78.050411051871251, 39.303394088235656 ], [ -78.050404732223242, 39.303358041451723 ], [ -78.050374185011989, 39.303323744960082 ], [ -78.05032971840545, 39.303290417448679 ], [ -78.050324935774853, 39.303286226571203 ], [ -78.050321063137659, 39.303281519914513 ], [ -78.050318197511913, 39.303276412173339 ], [ -78.050298122860255, 39.303229962157467 ], [ -78.050278765962503, 39.303185160242407 ], [ -78.050253471200733, 39.303139437262857 ], [ -78.050252265661641, 39.303137012679713 ], [ -78.050237889023819, 39.303103749030562 ], [ -78.05020506009177, 39.303089729120273 ], [ -78.050149255848012, 39.303072426146208 ], [ -78.050095047012178, 39.30305561809476 ], [ -78.050038769356263, 39.303047416348122 ], [ -78.049977939936795, 39.303038550758735 ], [ -78.049917109619031, 39.303029685863287 ], [ -78.049856281097874, 39.303020820271655 ], [ -78.049795450780081, 39.303011955373982 ], [ -78.04979091967779, 39.303011114275655 ], [ -78.049731252678328, 39.302997610823027 ], [ -78.049671585678823, 39.302984107367813 ], [ -78.049668265505531, 39.302983252366673 ], [ -78.049662027604199, 39.302981030753955 ], [ -78.049611918679346, 39.302959630002476 ], [ -78.049553149995162, 39.302937702340977 ], [ -78.04949723705522, 39.302925049010163 ], [ -78.049437569157433, 39.302911546931156 ], [ -78.049434249882452, 39.302910690538916 ], [ -78.049429258842721, 39.302908983315376 ], [ -78.049373870518934, 39.302886981259725 ], [ -78.049317409606701, 39.302869472478818 ], [ -78.049312167937018, 39.302867549765814 ], [ -78.049261539785945, 39.302845927235047 ], [ -78.049205360944683, 39.302823610963337 ], [ -78.049146144899481, 39.302801515734146 ], [ -78.049086396153299, 39.302788439742812 ], [ -78.049027655316863, 39.302779878585291 ], [ -78.048960743404606, 39.302770126677686 ], [ -78.048893829695729, 39.302760374073529 ], [ -78.048826918681797, 39.302750622163195 ], [ -78.048822386681195, 39.302749780366604 ], [ -78.048764964571589, 39.302736785000121 ], [ -78.048700339770051, 39.302727366051563 ], [ -78.048633426959483, 39.302717613441501 ], [ -78.048567364853483, 39.30270798456241 ], [ -78.048231305105702, 39.302668593869235 ], [ -78.048229627951073, 39.302668372819141 ], [ -78.048223545458271, 39.302667486533466 ], [ -78.048161185309567, 39.302658397065336 ], [ -78.048102666357011, 39.302658776604197 ], [ -78.048101595565186, 39.302658774518832 ], [ -78.048097030326915, 39.302658554163855 ], [ -78.04802121521189, 39.30265204430777 ], [ -78.047957909137182, 39.302655785476595 ], [ -78.047895918196048, 39.302664953494308 ], [ -78.047837388463734, 39.302675369957001 ], [ -78.047777990958821, 39.302685940040917 ], [ -78.047771552733181, 39.302686730398989 ], [ -78.047765033659175, 39.302686830497088 ], [ -78.047758559500906, 39.302686238945014 ], [ -78.047701878501428, 39.302677977374287 ], [ -78.047498259172613, 39.302676572524824 ], [ -78.04749176075984, 39.302676170046908 ], [ -78.04748540068762, 39.302675080784596 ], [ -78.047479301126842, 39.302673326981903 ], [ -78.047473582451744, 39.30267094409011 ], [ -78.047468354256821, 39.302667975207079 ], [ -78.047430427385507, 39.302662446869853 ], [ -78.047367551603827, 39.302666161623307 ], [ -78.04733382255985, 39.302669598326233 ], [ -78.047316547058628, 39.30269310748281 ], [ -78.047315908356452, 39.302693952060601 ], [ -78.047311131115777, 39.302698995892754 ], [ -78.047305279490018, 39.302703331391534 ], [ -78.047298528650657, 39.302706826483153 ], [ -78.047290717799243, 39.302709468655543 ], [ -78.047229791361758, 39.302724769758171 ], [ -78.047222102681218, 39.302726165569972 ], [ -78.047214214574723, 39.302726554840206 ], [ -78.047206354315989, 39.302725926446868 ], [ -78.047170132447093, 39.302720646969107 ], [ -78.047145128739473, 39.302740036796287 ], [ -78.047122027663619, 39.302771473829843 ], [ -78.04710580049634, 39.302813146559131 ], [ -78.047104678500546, 39.302815676812429 ], [ -78.047101763467452, 39.302820432854269 ], [ -78.047073047921074, 39.302859510656198 ], [ -78.047072408320588, 39.302860355231971 ], [ -78.047067631978237, 39.302865399052102 ], [ -78.047061779454154, 39.302869735235696 ], [ -78.047055028614793, 39.302873229623906 ], [ -78.047047584276044, 39.302875777253135 ], [ -78.047039672813312, 39.302877300964774 ], [ -78.047032604868676, 39.302877756270924 ], [ -78.046969449710929, 39.302878165003811 ], [ -78.046963303437764, 39.302877895990868 ], [ -78.04695725687759, 39.302877014573731 ], [ -78.046951414234968, 39.302875536045143 ], [ -78.046892910553794, 39.302857394003318 ], [ -78.046885813863028, 39.302854635750769 ], [ -78.046879434027886, 39.302850999556327 ], [ -78.04687395610128, 39.302846591078669 ], [ -78.04683313126489, 39.30280674724218 ], [ -78.046829363730581, 39.302802464579301 ], [ -78.046826446002541, 39.302797813500064 ], [ -78.046824437369565, 39.302792890626741 ], [ -78.046812917374353, 39.302755263513838 ], [ -78.046784542289487, 39.302727564162296 ], [ -78.046741502207595, 39.302709181568694 ], [ -78.046694988340491, 39.302689314876673 ], [ -78.046640981625615, 39.302677493566669 ], [ -78.046591927322893, 39.30267781054404 ], [ -78.046538306883576, 39.302691275826469 ], [ -78.046531125751201, 39.302692611163067 ], [ -78.046528453263235, 39.302692879481583 ], [ -78.0464641347872, 39.302697925399201 ], [ -78.046459738432219, 39.302698111692884 ], [ -78.046396583274472, 39.302698519036554 ], [ -78.046395514279283, 39.302698516951139 ], [ -78.046387395305743, 39.30269788577705 ], [ -78.046320484291812, 39.302688132467694 ], [ -78.046312633016214, 39.302686435665635 ], [ -78.046307642874808, 39.302684727741479 ], [ -78.046256395784496, 39.302664368893318 ], [ -78.046209063552169, 39.302657469072045 ], [ -78.046166454661616, 39.302660811933357 ], [ -78.046124638983457, 39.302688819251991 ], [ -78.046118489117021, 39.302692302527177 ], [ -78.046111676293904, 39.302694973895413 ], [ -78.046104382872116, 39.302696762453913 ], [ -78.046044984468892, 39.302707332534595 ], [ -78.046038546243253, 39.302708123587493 ], [ -78.046032026270922, 39.302708224380694 ], [ -78.046025551214356, 39.302707632133732 ], [ -78.045964721794888, 39.302698764415887 ], [ -78.045960190692597, 39.302697923313808 ], [ -78.045900524591417, 39.302684418410486 ], [ -78.04589519129361, 39.30268293779244 ], [ -78.045890131981892, 39.302680975452198 ], [ -78.045885422114864, 39.302678561280025 ], [ -78.045830407490243, 39.302646506932632 ], [ -78.045828229973992, 39.302645156997528 ], [ -78.045822240906006, 39.302640407199881 ], [ -78.045781417866209, 39.302600561160709 ], [ -78.045777651230239, 39.302596279180307 ], [ -78.04577473260386, 39.302591628782515 ], [ -78.045772724869209, 39.302586705894676 ], [ -78.045765775502161, 39.302564007915606 ], [ -78.04573103315856, 39.302558943219907 ], [ -78.045677966081456, 39.302555322998032 ], [ -78.045618978208338, 39.302564045452492 ], [ -78.045617529225794, 39.30256424217346 ], [ -78.045616263499554, 39.30256438397933 ], [ -78.045558028414632, 39.302570316193069 ], [ -78.045551155404411, 39.30257062691485 ], [ -78.045546884813533, 39.302570430889055 ], [ -78.045472727988511, 39.302564427077201 ], [ -78.045466508951804, 39.302563597095521 ], [ -78.045460493832664, 39.302562137328806 ], [ -78.045454790428906, 39.302560072801406 ], [ -78.04540353435543, 39.302538179771105 ], [ -78.045402426732693, 39.30253769179172 ], [ -78.045401176277821, 39.302537101628651 ], [ -78.045344999233194, 39.302509685107751 ], [ -78.045339634494326, 39.302506633497707 ], [ -78.045337417452203, 39.302505075716745 ], [ -78.045289650435279, 39.302469268989221 ], [ -78.045286180243352, 39.302466365439649 ], [ -78.045283742215659, 39.302463867844729 ], [ -78.045255277299262, 39.302431905155927 ], [ -78.045220242104861, 39.302426797352744 ], [ -78.045163450612606, 39.302431251735314 ], [ -78.045105931484954, 39.30243711097188 ], [ -78.045104522926579, 39.302437238180332 ], [ -78.045043158111227, 39.302442051248413 ], [ -78.044986655876471, 39.30245210558251 ], [ -78.04498348033195, 39.302452583830686 ], [ -78.044980806945659, 39.302452852150132 ], [ -78.044916488469639, 39.302457897389914 ], [ -78.044911023119454, 39.302458080903719 ], [ -78.044907104668184, 39.302457912682719 ], [ -78.044841106342574, 39.302452952943703 ], [ -78.044773834205884, 39.302452485817618 ], [ -78.044765592163159, 39.302451853250972 ], [ -78.044703232912752, 39.302442762364628 ], [ -78.044645426324223, 39.302443134953329 ], [ -78.044563523326502, 39.30244549977953 ], [ -78.044561327843951, 39.302445524109004 ], [ -78.044495411265032, 39.302445067409757 ], [ -78.044401654997145, 39.302454617080421 ], [ -78.044394781986909, 39.302454927802707 ], [ -78.044386663911681, 39.302454296626379 ], [ -78.044313669506664, 39.302443654909247 ], [ -78.044242963110634, 39.302433346852098 ], [ -78.04419311649383, 39.302429945589147 ], [ -78.044047418737918, 39.302467435936741 ], [ -78.04404117634499, 39.302468688557376 ], [ -78.044034759678922, 39.302469226586418 ], [ -78.044028309775186, 39.302469036121337 ], [ -78.043977606165598, 39.30247805749157 ], [ -78.043975880501947, 39.302478338323219 ], [ -78.043910400504245, 39.302488020063585 ], [ -78.043908950623376, 39.302488216784759 ], [ -78.043900592697995, 39.302488666532412 ], [ -78.043825052467412, 39.302487296435586 ], [ -78.04382157329232, 39.302487134470802 ], [ -78.04375349806179, 39.302482016939855 ], [ -78.043749298437831, 39.30248155328956 ], [ -78.043676304032786, 39.302470911576584 ], [ -78.043671772930495, 39.302470070471756 ], [ -78.043612107727625, 39.302456564134239 ], [ -78.043608788452644, 39.302455708431523 ], [ -78.043602550551313, 39.302453486802136 ], [ -78.043557923146309, 39.302434424300998 ], [ -78.043498472640835, 39.302425756745549 ], [ -78.043436112492117, 39.302416665160649 ], [ -78.04337759353956, 39.302417042615382 ], [ -78.04337652364606, 39.302417039834879 ], [ -78.043372603398154, 39.302416871613772 ], [ -78.043306610462437, 39.302411909786471 ], [ -78.043239827907584, 39.302411446830867 ], [ -78.043177126399087, 39.302411850005399 ], [ -78.043176057403883, 39.30241184792002 ], [ -78.043171787711344, 39.302411652588908 ], [ -78.04309781324433, 39.302405662666068 ], [ -78.043032390738816, 39.302400743935898 ], [ -78.042971740084084, 39.30240113459822 ], [ -78.042908584926352, 39.30240154055334 ], [ -78.042849731800501, 39.302401918703289 ], [ -78.042788466698141, 39.302410976923973 ], [ -78.042787017715597, 39.302411173645339 ], [ -78.042783169332921, 39.302411523295 ], [ -78.042721676956759, 39.302415153951237 ], [ -78.042681268938651, 39.302430208347658 ], [ -78.042639924876013, 39.302462265574611 ], [ -78.042636115120885, 39.302464911231894 ], [ -78.042632838965048, 39.302466770004159 ], [ -78.042582116490848, 39.302493024288317 ], [ -78.04257597470928, 39.302495710261816 ], [ -78.042569372091904, 39.302497658704731 ], [ -78.042562458657514, 39.302498826519212 ], [ -78.042555394306092, 39.302499185900238 ], [ -78.042486032688075, 39.302498703481653 ], [ -78.042482409782522, 39.302498563760956 ], [ -78.042433420158503, 39.302495219501637 ], [ -78.042389503320905, 39.302511580720626 ], [ -78.042336852163771, 39.302531195826965 ], [ -78.042288881229283, 39.302556026466668 ], [ -78.042283954868296, 39.302558253653871 ], [ -78.042278710503652, 39.30256000537409 ], [ -78.042273224492206, 39.302561255212545 ], [ -78.042218982418717, 39.302570904965634 ], [ -78.042168096451135, 39.302589863160541 ], [ -78.042162552049206, 39.302591601672567 ], [ -78.042103424937196, 39.302606448188179 ], [ -78.042043444425673, 39.302625730302346 ], [ -78.042040630003896, 39.302626554722288 ], [ -78.042037953922673, 39.30262719632394 ], [ -78.041971308810048, 39.302641515231151 ], [ -78.041966073428583, 39.302642397346382 ], [ -78.041963400042292, 39.302642666360228 ], [ -78.041903100628829, 39.302647394608769 ], [ -78.041840345221402, 39.302660876580063 ], [ -78.041835110738248, 39.302661758695074 ], [ -78.041828040996961, 39.302662213307471 ], [ -78.041764885839214, 39.302662618565996 ], [ -78.041763816844039, 39.302662616480582 ], [ -78.04175569876881, 39.302661985306109 ], [ -78.041691073967286, 39.302652562176711 ], [ -78.041638906103771, 39.302649001045374 ], [ -78.041591987096496, 39.302657348815217 ], [ -78.041541100230589, 39.302676306291616 ], [ -78.041535921442986, 39.302677950264339 ], [ -78.041533244463423, 39.302678591865565 ], [ -78.041466598452487, 39.302692909371984 ], [ -78.041461364867658, 39.302693791486568 ], [ -78.041458691481367, 39.30269406050023 ], [ -78.041399414350707, 39.30269870880587 ], [ -78.041343664005865, 39.302712705160161 ], [ -78.041336483771801, 39.302714040496305 ], [ -78.04133521804556, 39.302714181606817 ], [ -78.041276982960653, 39.302720111722493 ], [ -78.041275574402277, 39.302720238930434 ], [ -78.041211949425644, 39.302725227845812 ], [ -78.041161960875044, 39.30273031824909 ], [ -78.041117540082553, 39.302746865706681 ], [ -78.041069513452527, 39.302775458286064 ], [ -78.041063520791241, 39.302778492506263 ], [ -78.041061254341784, 39.302779395473507 ], [ -78.041005611794773, 39.302800124789691 ], [ -78.041000433007156, 39.302801768759551 ], [ -78.040995697089002, 39.302802814227022 ], [ -78.040936297787454, 39.302813382206345 ], [ -78.040934571225478, 39.302813663036645 ], [ -78.040869088532844, 39.302823344035545 ], [ -78.040867639550299, 39.302823540755725 ], [ -78.04086379116761, 39.302823890403332 ], [ -78.0407933901988, 39.302828046552293 ], [ -78.040789099845, 39.302828148735543 ], [ -78.040780981769771, 39.302827516867481 ], [ -78.040727613757056, 39.302819734949281 ], [ -78.040678273790093, 39.302824759308898 ], [ -78.040614140367012, 39.302834239415333 ], [ -78.040612692282764, 39.302834436135484 ], [ -78.040611426556538, 39.302834577245719 ], [ -78.040553191471616, 39.30284050735122 ], [ -78.040546317563056, 39.302840817376662 ], [ -78.040542818625028, 39.302840679046923 ], [ -78.040480825887258, 39.302836446435052 ], [ -78.040476207648382, 39.30283595428704 ], [ -78.040468239591817, 39.302834223427453 ], [ -78.040403540230116, 39.302815158249523 ], [ -78.040397463127221, 39.302812973473088 ], [ -78.040391860334793, 39.30281014848687 ], [ -78.040386845040558, 39.302806740290961 ], [ -78.040342682962873, 39.302772093881337 ], [ -78.040296986562694, 39.302761749030935 ], [ -78.040238445152255, 39.302753212199519 ], [ -78.040177617529423, 39.3027443424021 ], [ -78.04017349156733, 39.302743591666868 ], [ -78.040107742973376, 39.302729197706959 ], [ -78.040104018558182, 39.302728251641369 ], [ -78.040103022326534, 39.302727952737406 ], [ -78.040046649449195, 39.30271046755098 ], [ -78.040001134508699, 39.302700163703889 ], [ -78.039830077312288, 39.30273105299662 ], [ -78.039826543339956, 39.302732719212088 ], [ -78.039824276890499, 39.302733622179915 ], [ -78.039768634343488, 39.302754350814503 ], [ -78.039763455555871, 39.30275599478545 ], [ -78.039758720536028, 39.30275704025361 ], [ -78.039719598007082, 39.302763999845837 ], [ -78.03969932123448, 39.302767607544702 ], [ -78.039640954097223, 39.302777990626083 ], [ -78.039632779428146, 39.302779746511618 ], [ -78.039579398838995, 39.302791213985827 ], [ -78.039527545385866, 39.30281053011025 ], [ -78.039522000983922, 39.302812268616819 ], [ -78.039461072749759, 39.30282756622131 ], [ -78.039453892515709, 39.302828900860199 ], [ -78.03945262768778, 39.30282904266555 ], [ -78.039394391704562, 39.302834972076347 ], [ -78.039387517796001, 39.302835282101825 ], [ -78.039383599344717, 39.302835113881727 ], [ -78.039317603714068, 39.302830150693815 ], [ -78.039258181954651, 39.302829737094804 ], [ -78.039204961265639, 39.302843097384212 ], [ -78.039200957474435, 39.302843954472408 ], [ -78.039141556376251, 39.302854521750405 ], [ -78.039082157074731, 39.30286508763654 ], [ -78.039078982428506, 39.302865564491626 ], [ -78.03907191448387, 39.302866019102765 ], [ -78.039008758427826, 39.302866424360062 ], [ -78.039007688534298, 39.302866421579566 ], [ -78.039004188697959, 39.302866283945001 ], [ -78.038942197756825, 39.302862049944444 ], [ -78.038880205917394, 39.302857816638728 ], [ -78.038875586780193, 39.302857323795784 ], [ -78.038814758259036, 39.302848453316422 ], [ -78.038806907881778, 39.302846755823104 ], [ -78.038801916842075, 39.302845047902863 ], [ -78.038746529416599, 39.302823039571003 ], [ -78.038692396039252, 39.302806248837832 ], [ -78.038629045048779, 39.302792378319829 ], [ -78.038625321531924, 39.302791432255013 ], [ -78.038619083630621, 39.302789209941075 ], [ -78.038567829353738, 39.302767313506813 ], [ -78.038566721731002, 39.302766826224214 ], [ -78.038560694933764, 39.302763565392681 ], [ -78.038511472646093, 39.302732204124212 ], [ -78.038508962753184, 39.302730455883911 ], [ -78.038461198431222, 39.30269464649119 ], [ -78.03845742640533, 39.302691453778678 ], [ -78.038417685835483, 39.302652660884632 ], [ -78.038381366050231, 39.302622230340788 ], [ -78.038335976873867, 39.302600074572048 ], [ -78.038287145353337, 39.3025890185815 ], [ -78.038232099287683, 39.302585259335793 ], [ -78.038173439299626, 39.302585634704272 ], [ -78.038111308221332, 39.302590504762577 ], [ -78.038105842871119, 39.302590687580889 ], [ -78.03810234303478, 39.30259054925066 ], [ -78.038040351195335, 39.302586315928572 ], [ -78.03797835935589, 39.302582082606172 ], [ -78.037973741117, 39.302581589761296 ], [ -78.037917465257721, 39.302573382398045 ], [ -78.037861860439961, 39.302573737607908 ], [ -78.037806514336978, 39.302579371611472 ], [ -78.037799641326743, 39.302579681638022 ], [ -78.037791523251514, 39.30257905046286 ], [ -78.037718529744808, 39.302568405289058 ], [ -78.037651618730862, 39.302558646400698 ], [ -78.037578625224143, 39.302548001223784 ], [ -78.037511715108508, 39.302538243027684 ], [ -78.037503864731249, 39.302536545526834 ], [ -78.037497626829918, 39.302534323204817 ], [ -78.037448915683612, 39.302513513175164 ], [ -78.037399605361045, 39.30249821758737 ], [ -78.037346859880827, 39.302494614740553 ], [ -78.03728891405342, 39.302494985938758 ], [ -78.037233568848777, 39.302500619253458 ], [ -78.037226695838541, 39.302500929975551 ], [ -78.03722058280303, 39.302500555996851 ], [ -78.03693844802342, 39.30246902152367 ], [ -78.036936442983702, 39.302468763631182 ], [ -78.036930360490928, 39.302467876647881 ], [ -78.036926232732185, 39.302467125909686 ], [ -78.036860486833177, 39.302452729112446 ], [ -78.036796778313246, 39.302438779974835 ], [ -78.036738040171741, 39.302430213213526 ], [ -78.03667112915781, 39.30242045430591 ], [ -78.036610300636653, 39.302411582380941 ], [ -78.036549473912132, 39.302402711149931 ], [ -78.036476481303737, 39.302392064559065 ], [ -78.036409570289791, 39.302382305646134 ], [ -78.0364050391875, 39.302381463845116 ], [ -78.036345374882956, 39.302367954709965 ], [ -78.036290000033901, 39.302355415972457 ], [ -78.036243233740223, 39.302351897923984 ], [ -78.036206532170951, 39.302370891629778 ], [ -78.036201082990431, 39.302373321105406 ], [ -78.036195252025934, 39.302375168758054 ], [ -78.036189149770223, 39.302376400526484 ], [ -78.0361236679759, 39.302386078805348 ], [ -78.036117148003555, 39.302386684957604 ], [ -78.036110580420512, 39.302386589029858 ], [ -78.036048589479421, 39.302382354305152 ], [ -78.036043971240517, 39.302381860068536 ], [ -78.03598314271936, 39.302372988138657 ], [ -78.035975533090593, 39.302371360146708 ], [ -78.035968390585751, 39.302368779828079 ], [ -78.035961920020782, 39.302365319476003 ], [ -78.035918601461148, 39.302337720068756 ], [ -78.035875542514631, 39.30232436315854 ], [ -78.035860126526032, 39.302324461866938 ], [ -78.035854537208351, 39.302346735894893 ], [ -78.035852534863565, 39.302352264257067 ], [ -78.035849397048281, 39.302357477030185 ], [ -78.03584520281423, 39.302362238664202 ], [ -78.035840063552484, 39.302366426816484 ], [ -78.035794256659514, 39.302398203935802 ], [ -78.035792318993444, 39.302399476716417 ], [ -78.035785568154083, 39.302402970432958 ], [ -78.035778122917037, 39.302405517384152 ], [ -78.03577021145432, 39.302407040410884 ], [ -78.035763143509655, 39.302407495025008 ], [ -78.035699989250233, 39.30240789750443 ], [ -78.035698918458422, 39.302407894723942 ], [ -78.035690800383207, 39.302407262852086 ], [ -78.035682950005935, 39.30240556534801 ], [ -78.035675604481852, 39.302402855041564 ], [ -78.035672885281485, 39.302401517614072 ], [ -78.035624652937244, 39.302375966766071 ], [ -78.035584102087, 39.302358642066501 ], [ -78.035537285487663, 39.302355444472724 ], [ -78.035484222003817, 39.302360844930469 ], [ -78.03547841798877, 39.302361157738552 ], [ -78.035460847333425, 39.302361269717522 ], [ -78.035452050015337, 39.30233999237506 ], [ -78.035442449434967, 39.302305445463368 ], [ -78.035440166629954, 39.302290019041841 ], [ -78.035474722319705, 39.30228979853544 ], [ -78.035530068422673, 39.302284165898868 ], [ -78.035536941432895, 39.302283855175865 ], [ -78.035540441269276, 39.302283994201808 ], [ -78.035602431312057, 39.302288228932461 ], [ -78.035608918945044, 39.302289024160885 ], [ -78.035615195473937, 39.302290504787315 ], [ -78.035621137829537, 39.30229264161607 ], [ -78.035672391208081, 39.302314538893967 ], [ -78.035673498830818, 39.302315026179755 ], [ -78.035676218031185, 39.302316364303991 ], [ -78.035714086511987, 39.302336424347814 ], [ -78.035744473823101, 39.302336231101869 ], [ -78.035765509672103, 39.302321638251236 ], [ -78.035775378563812, 39.302282311292579 ], [ -78.0357776045891, 39.302276326224536 ], [ -78.03578116012099, 39.302270726257944 ], [ -78.035785937361666, 39.30226568239496 ], [ -78.035791789885749, 39.30226134756419 ], [ -78.035798540725111, 39.302257853145491 ], [ -78.03580598686051, 39.302255306188847 ], [ -78.035813898323227, 39.302253783158804 ], [ -78.035820966267863, 39.302253329238823 ], [ -78.03588412142561, 39.302252925368236 ], [ -78.035890267698761, 39.302253195078734 ], [ -78.035896314258949, 39.302254077198839 ], [ -78.035902156901557, 39.302255556435661 ], [ -78.035960656989474, 39.302273703499409 ], [ -78.035967005383611, 39.302276114905041 ], [ -78.035973033079173, 39.302279375759248 ], [ -78.036012650579821, 39.302304616614741 ], [ -78.036059265058228, 39.302311415677039 ], [ -78.036112347406672, 39.302315042167749 ], [ -78.036161898477758, 39.302307718978071 ], [ -78.036204672658329, 39.302285581878316 ], [ -78.036208148240163, 39.302283946237857 ], [ -78.036215593477223, 39.302281399282215 ], [ -78.03622350493994, 39.302279876252712 ], [ -78.036231643676416, 39.302279424418323 ], [ -78.036235562127686, 39.302279592639742 ], [ -78.036303636459905, 39.30228471435629 ], [ -78.036307836083864, 39.302285177312747 ], [ -78.036312367186156, 39.302286019114938 ], [ -78.036372030592375, 39.302299528961015 ], [ -78.036429450905345, 39.30231252996969 ], [ -78.036494073910262, 39.302321955925379 ], [ -78.036567066518657, 39.30233260183175 ], [ -78.036627893243178, 39.302341473071635 ], [ -78.03668872086601, 39.302350345005493 ], [ -78.036755631879956, 39.302360103922901 ], [ -78.036816458604477, 39.302368975159304 ], [ -78.036820585464895, 39.302369725898544 ], [ -78.036886332262213, 39.302384122017735 ], [ -78.036950042578795, 39.302398072556443 ], [ -78.036953043850161, 39.302398509792432 ], [ -78.037227677697146, 39.302429205277441 ], [ -78.037279413470984, 39.30242393967989 ], [ -78.037285216587719, 39.302423626176946 ], [ -78.037348371745452, 39.30242322230734 ], [ -78.037349442537277, 39.30242322508785 ], [ -78.03735294237363, 39.302423362723268 ], [ -78.037414933314736, 39.302427597445487 ], [ -78.037421787460346, 39.302428460794935 ], [ -78.037428398162533, 39.302430087395344 ], [ -78.037486898250478, 39.302448233023576 ], [ -78.037492141716783, 39.302450157138331 ], [ -78.03753676732515, 39.30246922172055 ], [ -78.037596216932343, 39.302477892051137 ], [ -78.037669209540738, 39.302488537238645 ], [ -78.037736121453008, 39.302498295441687 ], [ -78.0378016544513, 39.302507852751468 ], [ -78.037852358959185, 39.302502691428984 ], [ -78.037858162075921, 39.302502378621533 ], [ -78.037921317233653, 39.30250197544752 ], [ -78.037922387127182, 39.302501977532934 ], [ -78.037930505202382, 39.30250260940393 ], [ -78.0379890448162, 39.302511146265914 ], [ -78.038048705527473, 39.302515220408353 ], [ -78.038106208485445, 39.30251914718356 ], [ -78.038166051554711, 39.302514457158352 ], [ -78.03817044701141, 39.302514271559282 ], [ -78.038233602169143, 39.302513867690195 ], [ -78.038234671164332, 39.302513869775616 ], [ -78.038238171000671, 39.302514008801083 ], [ -78.038300161043495, 39.302518242127583 ], [ -78.038304780180695, 39.302518734972928 ], [ -78.038309311282987, 39.302519576077216 ], [ -78.038368975587517, 39.302533085183072 ], [ -78.038375126352264, 39.302534843160103 ], [ -78.038380892638074, 39.302537241349278 ], [ -78.038437066089429, 39.302564662030129 ], [ -78.038442429929972, 39.3025677136377 ], [ -78.038446447195923, 39.302570698512902 ], [ -78.038488128126801, 39.302605619597209 ], [ -78.03849009903054, 39.302607385218799 ], [ -78.038529035608207, 39.302645392645317 ], [ -78.038573258771336, 39.302678548072635 ], [ -78.038617393899557, 39.302706665214011 ], [ -78.038660108791319, 39.302724912953984 ], [ -78.038720637275148, 39.302738166214134 ], [ -78.038724360792003, 39.30273911227966 ], [ -78.03872535612534, 39.302739411183516 ], [ -78.038783857111582, 39.302757556036426 ], [ -78.038787852818004, 39.302758965750151 ], [ -78.038839098111666, 39.30277932735131 ], [ -78.038890889581069, 39.302786880577905 ], [ -78.038950550292327, 39.302790954009168 ], [ -78.039010268495787, 39.302795031610991 ], [ -78.03906593529733, 39.302794675011981 ], [ -78.039120281575379, 39.302785007911645 ], [ -78.03917765337934, 39.302774802783226 ], [ -78.039236239705531, 39.302760094633278 ], [ -78.039243419939595, 39.302758759993111 ], [ -78.039251308944401, 39.302758305381317 ], [ -78.039320672359068, 39.302758789188324 ], [ -78.039324716574484, 39.302758958103745 ], [ -78.039387387540302, 39.302763671051714 ], [ -78.039435919921829, 39.302758730102731 ], [ -78.039489313087358, 39.302745326004313 ], [ -78.039542085517056, 39.302725667860187 ], [ -78.039547264304659, 39.30272402388853 ], [ -78.039549941284207, 39.302723382287766 ], [ -78.039616587295129, 39.302709065482674 ], [ -78.039618645335452, 39.302708661614695 ], [ -78.039678044636972, 39.302698094314721 ], [ -78.039732286710461, 39.302688445274306 ], [ -78.039780185779733, 39.302670600697915 ], [ -78.039784677356153, 39.302668276196613 ], [ -78.039789557004781, 39.30266606639109 ], [ -78.039794753758684, 39.302664323710125 ], [ -78.039800188566176, 39.302663074568621 ], [ -78.03999171567294, 39.302628511503066 ], [ -78.039999750204856, 39.302627612704654 ], [ -78.040007868280071, 39.302627787181386 ], [ -78.040015824658539, 39.302629027286876 ], [ -78.040075488963083, 39.302642534286235 ], [ -78.040078808238064, 39.302643390681759 ], [ -78.040079804469698, 39.302643689586027 ], [ -78.040135985107582, 39.302661115008306 ], [ -78.040197296024033, 39.30267453719614 ], [ -78.040256034165523, 39.30268310253728 ], [ -78.040316862686666, 39.302691973037604 ], [ -78.040321393788957, 39.302692814139746 ], [ -78.040381058991827, 39.302706321821951 ], [ -78.040388474584489, 39.302708538577519 ], [ -78.040395290102538, 39.302711682630473 ], [ -78.0404013070183, 39.302715662224166 ], [ -78.04044685070491, 39.302751393057015 ], [ -78.040495738819288, 39.302765799524536 ], [ -78.040545969016733, 39.302769228576182 ], [ -78.040597667959631, 39.302763964394472 ], [ -78.040661801382711, 39.302754484278516 ], [ -78.040663249466959, 39.30275428755813 ], [ -78.040664514294875, 39.302754146447732 ], [ -78.040722750278107, 39.302748216334926 ], [ -78.040729623288357, 39.302747906309079 ], [ -78.040737741363571, 39.302748537482763 ], [ -78.040792410136817, 39.302756509178046 ], [ -78.040853898021396, 39.302752879234589 ], [ -78.040915889860827, 39.302743714703986 ], [ -78.040969262365124, 39.302734219292596 ], [ -78.041015749282749, 39.302716900937817 ], [ -78.041063775014479, 39.302688309029669 ], [ -78.041069768574062, 39.302685274805505 ], [ -78.041072035023532, 39.302684371141957 ], [ -78.041127678468854, 39.302663642486628 ], [ -78.041134681734803, 39.302661546681605 ], [ -78.0411420344454, 39.302660332991515 ], [ -78.041200269530336, 39.302654402870751 ], [ -78.041201678088697, 39.302654276357792 ], [ -78.041265303065316, 39.302649287437404 ], [ -78.041318509381284, 39.302643869623751 ], [ -78.041374940649121, 39.302629701559432 ], [ -78.041382121781524, 39.302628366221676 ], [ -78.04138479426949, 39.302628097902854 ], [ -78.041445095479546, 39.302623368957903 ], [ -78.041503784213674, 39.302610760753467 ], [ -78.041555637666832, 39.302591443878804 ], [ -78.041560816454435, 39.302589799904005 ], [ -78.041565551474292, 39.302588754433359 ], [ -78.041624949877516, 39.302578186420142 ], [ -78.041632316062845, 39.302577339060441 ], [ -78.041639763994866, 39.302577394670614 ], [ -78.041701754936, 39.30258162590787 ], [ -78.0417063740732, 39.302582118752817 ], [ -78.041768735120215, 39.302591211706485 ], [ -78.04182098203546, 39.302590875960242 ], [ -78.041881593164334, 39.302577854149483 ], [ -78.041886828545771, 39.302576972033464 ], [ -78.041889501932062, 39.302576703714479 ], [ -78.041949799548874, 39.30257197546112 ], [ -78.042009754009257, 39.302559094062495 ], [ -78.042068792188047, 39.302540115005414 ], [ -78.042071971325839, 39.302539197437426 ], [ -78.04212986145771, 39.3025246602393 ], [ -78.042182632989054, 39.302505000642917 ], [ -78.04218781087836, 39.302503356666136 ], [ -78.042192546796542, 39.302502310499058 ], [ -78.042243479476511, 39.30249324881455 ], [ -78.04228701093686, 39.302470716245629 ], [ -78.04229048741702, 39.302469080609562 ], [ -78.042292753866477, 39.302468177638318 ], [ -78.042348396413487, 39.30244744822383 ], [ -78.042404038960498, 39.302426718108109 ], [ -78.042409929213818, 39.302424889920395 ], [ -78.042416089860055, 39.30242368804339 ], [ -78.042422408609738, 39.302423133330883 ], [ -78.042428766885337, 39.302423236905064 ], [ -78.042488879449209, 39.302427339552885 ], [ -78.042541625827766, 39.302427705885549 ], [ -78.042576412188794, 39.302409700667965 ], [ -78.042620130498747, 39.302375802715602 ], [ -78.042626150109456, 39.302371864810311 ], [ -78.042632957542665, 39.302368759669292 ], [ -78.04268860008969, 39.302348029530272 ], [ -78.042694037592099, 39.302346318122218 ], [ -78.042699713148068, 39.302345139183139 ], [ -78.0427055387227, 39.30234451217656 ], [ -78.042773274390044, 39.302340512403028 ], [ -78.042836123222301, 39.302331219914677 ], [ -78.042837572204832, 39.302331023888172 ], [ -78.042844641946118, 39.302330569273614 ], [ -78.042907795307215, 39.302330162622958 ], [ -78.042970949566637, 39.302329756667383 ], [ -78.04303410472437, 39.302329350016713 ], [ -78.04303517461787, 39.302329352102085 ], [ -78.043039094865762, 39.302329520323383 ], [ -78.043107343471164, 39.302334652463237 ], [ -78.043179019149377, 39.302340456097546 ], [ -78.043239902467761, 39.302340066825138 ], [ -78.04330967461587, 39.302340547854598 ], [ -78.043313718831286, 39.302340716771035 ], [ -78.043379307525129, 39.302345648017692 ], [ -78.043439957281535, 39.302345257355078 ], [ -78.04344102807336, 39.30234526013561 ], [ -78.043449146148561, 39.302345891312918 ], [ -78.043516058060817, 39.302355646755288 ], [ -78.043582969074748, 39.302365401501206 ], [ -78.043590819452021, 39.302367098311059 ], [ -78.043597057353352, 39.302369320638398 ], [ -78.043643760764994, 39.302389270141553 ], [ -78.043696177461825, 39.302401135293309 ], [ -78.043764794376486, 39.302411138888928 ], [ -78.043829025715922, 39.302415967251633 ], [ -78.043897542917591, 39.302417210836481 ], [ -78.043957181170967, 39.302408392435972 ], [ -78.044015727971299, 39.302397975933587 ], [ -78.044018902617523, 39.302397498380188 ], [ -78.04402748332511, 39.302397080607868 ], [ -78.044172506446273, 39.302359911372157 ], [ -78.044178762313905, 39.302358661530135 ], [ -78.044185184369866, 39.302358081097367 ], [ -78.044191650443324, 39.302358180500818 ], [ -78.044253642282726, 39.302362410361084 ], [ -78.04425826052163, 39.302362903207516 ], [ -78.044331254926647, 39.302373544936934 ], [ -78.044396788823249, 39.302383098788134 ], [ -78.044486315822795, 39.302373980087644 ], [ -78.044492939101374, 39.302373666584487 ], [ -78.04456107901062, 39.302374138577029 ], [ -78.044642547223731, 39.302371785565619 ], [ -78.044643923442763, 39.302371761931241 ], [ -78.044707078600496, 39.302371354585674 ], [ -78.044708148493982, 39.302371357366191 ], [ -78.04471626656921, 39.302371988543278 ], [ -78.044779030959788, 39.302381138524801 ], [ -78.044844172292628, 39.302381590358578 ], [ -78.044848215609719, 39.302381759274851 ], [ -78.044911598939535, 39.302386523687744 ], [ -78.044968270955877, 39.302382078339001 ], [ -78.045024773190619, 39.302372023994842 ], [ -78.045027949633464, 39.30237154644125 ], [ -78.04503062212143, 39.302371277426367 ], [ -78.045094247996374, 39.302366286400421 ], [ -78.045151768022336, 39.302360427853031 ], [ -78.045153175682373, 39.302360300644438 ], [ -78.045217494158408, 39.302355255397629 ], [ -78.045222959508592, 39.302355071883532 ], [ -78.045231077583821, 39.302355703060776 ], [ -78.045291906104964, 39.302364570822029 ], [ -78.045299757380533, 39.302366267631946 ], [ -78.045307102006319, 39.302368977244676 ], [ -78.045313718098384, 39.302372619025228 ], [ -78.045319405332435, 39.30237708036254 ], [ -78.045321843360128, 39.302379577960536 ], [ -78.04535859613334, 39.302420846358352 ], [ -78.045399585361437, 39.302451571724085 ], [ -78.045450497380173, 39.302476419770258 ], [ -78.045492168429575, 39.302494218517772 ], [ -78.045551194031944, 39.302498997520665 ], [ -78.045602492326239, 39.302493772245718 ], [ -78.045666631139227, 39.302484287922439 ], [ -78.045673151111558, 39.302483681075891 ], [ -78.045679718694572, 39.302483777698633 ], [ -78.045741710534031, 39.30248800685618 ], [ -78.045746329671232, 39.302488499701788 ], [ -78.045813240685163, 39.302498253734043 ], [ -78.045821091960747, 39.302499950540671 ], [ -78.045828437484815, 39.302502660148228 ], [ -78.04583505357688, 39.302506301226686 ], [ -78.045840739912649, 39.302510763250616 ], [ -78.045845324015531, 39.302515909974858 ], [ -78.04584866485007, 39.302521585690691 ], [ -78.045850036577519, 39.30252519618255 ], [ -78.045861556572717, 39.30256282341913 ], [ -78.045892032817051, 39.302592573459798 ], [ -78.045935430428415, 39.302617860080687 ], [ -78.045984593427278, 39.302628987664662 ], [ -78.04603337733711, 39.302636098807135 ], [ -78.04607166443283, 39.302629285873863 ], [ -78.046115892087528, 39.30259966305703 ], [ -78.046117217102577, 39.302598808051251 ], [ -78.046123967941938, 39.302595313649334 ], [ -78.046131413179012, 39.302592766009887 ], [ -78.046139324641715, 39.30259124229206 ], [ -78.046141998027991, 39.302590973278015 ], [ -78.046206314707405, 39.302585927352688 ], [ -78.046211780057604, 39.302585743839209 ], [ -78.046219898132804, 39.302586375014315 ], [ -78.046280727552301, 39.302595242051254 ], [ -78.046288577929545, 39.302596938855579 ], [ -78.046293568969247, 39.302598646781881 ], [ -78.046344816059587, 39.302619005649113 ], [ -78.046400428063876, 39.302627111518539 ], [ -78.046456738059149, 39.302626747967444 ], [ -78.046513828690408, 39.302622269267886 ], [ -78.046569576340332, 39.302608270114959 ], [ -78.046576756574382, 39.30260693477679 ], [ -78.046583826315654, 39.302606480163973 ], [ -78.046646981473401, 39.302606072124682 ], [ -78.046653704464987, 39.302606398139041 ], [ -78.046660296302534, 39.302607456121713 ], [ -78.046726044896502, 39.302621847326094 ], [ -78.046729768413357, 39.302622793393198 ], [ -78.046736006314674, 39.302625015712415 ], [ -78.046787263286475, 39.302646908020407 ], [ -78.046838520258277, 39.302668801016772 ], [ -78.046843581366588, 39.302671299994621 ], [ -78.046848178045892, 39.302674276523909 ], [ -78.046852232142768, 39.302677681250607 ], [ -78.046893056979187, 39.302717525855655 ], [ -78.046896824513482, 39.302721807828654 ], [ -78.046899742241507, 39.302726458912886 ], [ -78.046901750874483, 39.302731381790906 ], [ -78.046913269971384, 39.302769006831333 ], [ -78.046939757695853, 39.302794862000525 ], [ -78.046978017842108, 39.302806727083585 ], [ -78.047004643008819, 39.302806554692665 ], [ -78.047017531138209, 39.302789016696423 ], [ -78.047033758305489, 39.302747344647926 ], [ -78.047034880301283, 39.302744813696997 ], [ -78.047037794436065, 39.302740057650041 ], [ -78.047066510880754, 39.302700979086289 ], [ -78.047069907410844, 39.302696999491758 ], [ -78.047073969592546, 39.302693400825859 ], [ -78.047120934413911, 39.302656983178863 ], [ -78.047124743270729, 39.30265433683374 ], [ -78.047131494110076, 39.302650842434652 ], [ -78.04713893934715, 39.30264829479718 ], [ -78.047146850809881, 39.30264677108056 ], [ -78.047154988648046, 39.302646318553407 ], [ -78.047163107621571, 39.302646949728022 ], [ -78.047212021787104, 39.30265407963708 ], [ -78.047243765554299, 39.302646108625318 ], [ -78.047263580592841, 39.302619142589073 ], [ -78.047264220193313, 39.302618298010401 ], [ -78.047268996535678, 39.3026132541724 ], [ -78.047274849059761, 39.302608917972918 ], [ -78.047281599899136, 39.302605423571556 ], [ -78.04728904513621, 39.302602875932429 ], [ -78.047296956598899, 39.302601352214829 ], [ -78.047298221426828, 39.302601210409023 ], [ -78.047356456511736, 39.30259527750276 ], [ -78.0473590391682, 39.302595068964727 ], [ -78.04742944103532, 39.302590910021451 ], [ -78.047433731389134, 39.302590807837838 ], [ -78.047441849464334, 39.302591438317812 ], [ -78.047508761376591, 39.302601191640598 ], [ -78.047516611753863, 39.302602888444724 ], [ -78.04752331857577, 39.302605361705275 ], [ -78.047707068068831, 39.302606630311317 ], [ -78.047715311908192, 39.302607262181418 ], [ -78.047766382928728, 39.302614706291749 ], [ -78.047816105578022, 39.302605858025693 ], [ -78.047875503981231, 39.302595287234531 ], [ -78.047877230543207, 39.302595005708213 ], [ -78.047942711439219, 39.30258532189724 ], [ -78.047944161320075, 39.302585125176336 ], [ -78.047948009702765, 39.302584774832454 ], [ -78.048018410671574, 39.302580615193399 ], [ -78.04802270102536, 39.302580512314648 ], [ -78.048027266263631, 39.302580732669874 ], [ -78.048104697447869, 39.302587380167687 ], [ -78.048165025607403, 39.302586989506437 ], [ -78.048166096399228, 39.30258699228694 ], [ -78.048174214474443, 39.30258762276695 ], [ -78.048241127285024, 39.302597375395123 ], [ -78.048246359971543, 39.302598138644257 ], [ -78.048582418821013, 39.302637529377108 ], [ -78.048584095975642, 39.30263775042728 ], [ -78.048651007887912, 39.302647502353331 ], [ -78.048717920698479, 39.302657254973205 ], [ -78.048784832610735, 39.302667007591673 ], [ -78.048789363713027, 39.302667848694135 ], [ -78.048846786720929, 39.302680844073407 ], [ -78.048911410624157, 39.302690263028232 ], [ -78.048978323434724, 39.30270001564211 ], [ -78.049045235346981, 39.302709767559534 ], [ -78.049106064766448, 39.302718633190587 ], [ -78.049110191626866, 39.302719383926124 ], [ -78.049175940220834, 39.302733773022119 ], [ -78.049179664635986, 39.302734719087724 ], [ -78.049183602850178, 39.302736020362282 ], [ -78.049247027502517, 39.302759685204613 ], [ -78.049248080328013, 39.302760091157658 ], [ -78.049305421589239, 39.302782869707642 ], [ -78.049306668450839, 39.302783384100032 ], [ -78.049355382292077, 39.302804188488459 ], [ -78.04941118743416, 39.302821493614239 ], [ -78.049415182242228, 39.302822901936352 ], [ -78.049468526898735, 39.302844092802154 ], [ -78.049523879289907, 39.302856619635044 ], [ -78.049583546289412, 39.302870123114872 ], [ -78.04958686646269, 39.30287097811739 ], [ -78.049590804676896, 39.302872280084564 ], [ -78.049654227532599, 39.302895944185686 ], [ -78.049656528118035, 39.302896864529501 ], [ -78.049703233326284, 39.302916811796898 ], [ -78.049757894913029, 39.302929182214008 ], [ -78.049815317920917, 39.302942177544701 ], [ -78.049873860229667, 39.302950709487241 ], [ -78.04993468964912, 39.302959574392624 ], [ -78.049995519068602, 39.302968439992021 ], [ -78.050056349386381, 39.302977304895222 ], [ -78.050117178805834, 39.302986169797251 ], [ -78.050125030081418, 39.30298786659209 ], [ -78.050126026313066, 39.302988165494888 ], [ -78.050184528197633, 39.303006304722324 ], [ -78.050243032777146, 39.303024444640187 ], [ -78.050248276243465, 39.303026368044037 ], [ -78.050299534113577, 39.303048259531423 ], [ -78.050300641736314, 39.30304874681206 ], [ -78.050307257828393, 39.303052387862103 ], [ -78.050312945960755, 39.303056849851238 ], [ -78.050317529165326, 39.30306199653532 ], [ -78.050320994865729, 39.303067950950741 ], [ -78.050340475730962, 39.303113027513909 ], [ -78.050365773187679, 39.303158754681398 ], [ -78.050366978726785, 39.303161179263839 ], [ -78.050387050683511, 39.303207629325364 ], [ -78.050403450327309, 39.303245580816267 ], [ -78.050443127116793, 39.303275319444772 ], [ -78.050446598207046, 39.303278222960785 ], [ -78.050449037133049, 39.303280720526665 ], [ -78.05048839771554, 39.3033249127608 ], [ -78.050491984688463, 39.303329696572838 ], [ -78.050494563751641, 39.303334844627067 ], [ -78.050496070226387, 39.303340233887354 ], [ -78.05050367087199, 39.303383585685197 ], [ -78.050514284467084, 39.303425293501078 ], [ -78.050538443758327, 39.303452417018597 ], [ -78.05057121789315, 39.303469772032578 ], [ -78.050620857897428, 39.303473158647556 ], [ -78.050682851533509, 39.303477385659988 ], [ -78.050687469772384, 39.303477877803481 ], [ -78.050692001772987, 39.303478718896194 ], [ -78.050751669670802, 39.303492221560866 ], [ -78.050811337568604, 39.303505722832767 ], [ -78.050818286037327, 39.303507767173777 ], [ -78.050824723364656, 39.303510625497523 ], [ -78.050846715021109, 39.303522271497251 ], [ -78.050937842818485, 39.303468876025441 ], [ -78.050940070640394, 39.303467647751845 ], [ -78.050990790419647, 39.303441389662552 ], [ -78.050994266001481, 39.303439754049172 ], [ -78.050996532450938, 39.303438851090455 ], [ -78.051052174099638, 39.303418117792695 ], [ -78.051058065251269, 39.303416288935793 ], [ -78.05106422499918, 39.303415086380667 ], [ -78.051070543748907, 39.303414530980959 ], [ -78.051076902024477, 39.303414634553619 ], [ -78.051138895660529, 39.303418861569533 ], [ -78.051146565476429, 39.3034198792231 ], [ -78.051153908305579, 39.303421853359637 ], [ -78.051198038942218, 39.303436921441893 ], [ -78.05120591267567, 39.303438579299183 ], [ -78.051208019225029, 39.303439355746349 ], [ -78.051213258199766, 39.303441288175271 ], [ -78.051219875190142, 39.303444929900031 ], [ -78.051225562424207, 39.303449391169003 ], [ -78.051230146527089, 39.303454537824173 ], [ -78.051233488259953, 39.3034602134639 ], [ -78.051235487909793, 39.303466245003627 ], [ -78.051236081696175, 39.303472449627186 ], [ -78.051235254347802, 39.303478638957621 ], [ -78.051233029220839, 39.303484624617994 ], [ -78.051232145278604, 39.303486271352185 ], [ -78.051231591916391, 39.303487233395316 ], [ -78.051228922123357, 39.303491187225617 ], [ -78.051224145781021, 39.303496231695419 ], [ -78.051218293256923, 39.303500567144781 ], [ -78.051211543315887, 39.303504062196595 ], [ -78.051204098078813, 39.303506609802916 ], [ -78.05119618661611, 39.303508134195901 ], [ -78.05118804787962, 39.303508586717541 ], [ -78.051179929804391, 39.303507956245838 ], [ -78.051176306000542, 39.303507172848235 ], [ -78.051172078528822, 39.303506259463568 ], [ -78.051169535398245, 39.3035054566027 ], [ -78.051122717002272, 39.303489423016529 ], [ -78.051081562484185, 39.303486616825758 ], [ -78.051040639731397, 39.303501866319792 ], [ -78.050993802470785, 39.303526114106731 ], [ -78.050905287872595, 39.303577978192223 ], [ -78.050917280381626, 39.303599654020864 ], [ -78.050918485022436, 39.303602077892918 ], [ -78.050937558052539, 39.303646210839297 ], [ -78.050963350480984, 39.303686441377401 ], [ -78.050966099325748, 39.303691779867194 ], [ -78.050967692038739, 39.303697385280927 ], [ -78.050974469827551, 39.303736041353353 ], [ -78.050990476907614, 39.303761007113046 ], [ -78.051032412960026, 39.303774010630718 ], [ -78.05103876225246, 39.303776421289541 ], [ -78.051041482351138, 39.303777757995647 ], [ -78.051091578699584, 39.303804285663304 ], [ -78.051095475591296, 39.303806589968531 ], [ -78.051099493755544, 39.30380957479089 ], [ -78.051141181872936, 39.303844491781533 ], [ -78.051170590020391, 39.303869123152701 ], [ -78.051214412534904, 39.303872112143182 ], [ -78.05121903167209, 39.303872604978984 ], [ -78.051285944482657, 39.303882356037917 ], [ -78.051337018198126, 39.303889798622428 ], [ -78.051374879492414, 39.303883059493209 ], [ -78.051410712390805, 39.303858194568591 ], [ -78.051456763625509, 39.30382248167863 ], [ -78.051461712444407, 39.303819150689719 ], [ -78.051467226303629, 39.303816382048389 ], [ -78.051473195608693, 39.30381423344916 ], [ -78.051479503578605, 39.30381274729411 ], [ -78.051537858139469, 39.303802360890636 ], [ -78.051603488155806, 39.303788254926026 ], [ -78.051608722638974, 39.303787372825298 ], [ -78.0516099883652, 39.303787231021836 ], [ -78.051668223450136, 39.303781296130772 ], [ -78.051726459433368, 39.303775361239218 ], [ -78.051732263448415, 39.303775047742313 ], [ -78.051795419504458, 39.303774636929383 ], [ -78.051796488499647, 39.303774639709843 ], [ -78.051799988336015, 39.303774778037699 ], [ -78.051861981972081, 39.303779004336789 ], [ -78.051866601109253, 39.303779496478178 ], [ -78.051927431427046, 39.303788361278649 ], [ -78.05198826264315, 39.303797225382816 ], [ -78.051995873170242, 39.303798851951399 ], [ -78.05200301657338, 39.30380143152226 ], [ -78.052009488036674, 39.303804891108207 ], [ -78.052058715714253, 39.303836248420495 ], [ -78.052063027627597, 39.303839423007837 ], [ -78.052099602534412, 39.303870057386028 ], [ -78.052137603965875, 39.303886285516889 ], [ -78.052190974673522, 39.303894063145812 ], [ -78.052251805889611, 39.303902927236649 ], [ -78.052259415518378, 39.303904553802738 ], [ -78.052266559819856, 39.303907133369684 ], [ -78.05227303128315, 39.303910592950402 ], [ -78.052312655072015, 39.303935828351904 ], [ -78.052346243978803, 39.30394072264518 ], [ -78.052387863824237, 39.303925212579188 ], [ -78.052394322711137, 39.303923244017739 ], [ -78.052401091516799, 39.303922027569072 ], [ -78.052408022917518, 39.303921588952406 ], [ -78.052471179871887, 39.303921178140278 ], [ -78.05247224886709, 39.303921180225601 ], [ -78.052480367840616, 39.303921811388719 ], [ -78.052486449435094, 39.303922697658464 ], [ -78.052494487560253, 39.303924449344571 ], [ -78.052646894833046, 39.303969776987017 ], [ -78.052702254410747, 39.303973551450895 ], [ -78.052706872649622, 39.303974044286043 ], [ -78.05271099951004, 39.303974795008074 ], [ -78.052776751697252, 39.303989181760677 ], [ -78.052780476112417, 39.3039901278093 ], [ -78.052785467152148, 39.303991835701538 ], [ -78.052842810209995, 39.30401461246047 ], [ -78.052848706751504, 39.304017394996201 ], [ -78.052853998726846, 39.304020812864735 ], [ -78.052896783687203, 39.304052878399659 ], [ -78.052941832402084, 39.30407077128153 ], [ -78.052993613990012, 39.304078316722574 ], [ -78.053053288176002, 39.304082385908018 ], [ -78.053110081464894, 39.304086256986352 ], [ -78.053163144948726, 39.304080849015463 ], [ -78.053164553507088, 39.304080721810003 ], [ -78.053225918322468, 39.304075904683906 ], [ -78.053278540733487, 39.304066537353833 ], [ -78.053329206613824, 39.30405024461934 ], [ -78.053369075642777, 39.304022577755489 ], [ -78.053414875349219, 39.303990794422539 ], [ -78.053416813015303, 39.303989521670879 ], [ -78.053420089171127, 39.303987661548817 ], [ -78.053470808950394, 39.303961404349693 ], [ -78.053521528729647, 39.303935145055391 ], [ -78.053525003413171, 39.303933509453557 ], [ -78.053532814264557, 39.303930868022469 ], [ -78.053591940478242, 39.303916014141564 ], [ -78.053651919193129, 39.303896726126759 ], [ -78.053655098330921, 39.303895807881432 ], [ -78.05369659142373, 39.303885384178955 ], [ -78.053709010931058, 39.303894719927435 ], [ -78.053718555436831, 39.303902635038234 ], [ -78.053728099944749, 39.303910550148338 ], [ -78.053737644454813, 39.303918465257709 ], [ -78.053755732505508, 39.303935024133516 ], [ -78.053760089930023, 39.303938299550644 ], [ -78.053765821652618, 39.303941832777738 ], [ -78.053748868073555, 39.303947284514898 ] ] ] } },
{ "type": "Feature", "properties": { "Wetlands.OBJECTID": 14428635, "Wetlands.ATTRIBUTE": "R4SBC", "Wetlands.WETLAND_TYPE": "Riverine", "Wetlands.ACRES": 1.2371753838117032, "Wetlands.GLOBALID": "{E6D6FEC7-DE91-4680-916E-F08187D0B36C}", "Wetlands.Shape_Length": 2187.4348766211747, "Wetlands.Shape_Area": 8373.7393104666389, "NWI_Wetland_Codes.OBJECTID": 6016, "NWI_Wetland_Codes.ATTRIBUTE": "R4SBC", "NWI_Wetland_Codes.SYSTEM": "R", "NWI_Wetland_Codes.SYSTEM_NAME": "Riverine", "NWI_Wetland_Codes.SYSTEM_DEFINITION": "The Riverine System includes all wetlands and deepwater habitats contained within a channel, with two exceptions: (1) wetlands dominated by trees, shrubs, persistent emergents, emergent mosses, or lichens, and (2) habitats with water containing ocean-derived salts of 0.5 ppt or greater. A channel is an open conduit either naturally or artificially created which periodically or continuously contains moving water, or which forms a connecting link between two bodies of standing water.", "NWI_Wetland_Codes.SUBSYSTEM": "4", "NWI_Wetland_Codes.SUBSYSTEM_NAME": "Intermittent", "NWI_Wetland_Codes.SUBSYSTEM_DEFINITION": "This Subsystem includes channels that contain flowing water only part of the year. When the water is not flowing, it may remain in isolated pools or surface water may be absent.", "NWI_Wetland_Codes.CLASS": "SB", "NWI_Wetland_Codes.CLASS_NAME": "Streambed", "NWI_Wetland_Codes.CLASS_DEFINITION": "Includes all wetlands contained within the Intermittent Subsystem of the Riverine System and all channels of the Estuarine System or of the Tidal Subsystem of the Riverine System that are completely dewatered at low tide.", "NWI_Wetland_Codes.SUBCLASS": null, "NWI_Wetland_Codes.SUBCLASS_NAME": null, "NWI_Wetland_Codes.SUBCLASS_DEFINITION": null, "NWI_Wetland_Codes.SPLIT_CLASS": null, "NWI_Wetland_Codes.SPLIT_CLASS_NAME": null, "NWI_Wetland_Codes.SPLIT_CLASS_DEFINITION": null, "NWI_Wetland_Codes.SPLIT_SUBCLASS": null, "NWI_Wetland_Codes.SPLIT_SUBCLASS_NAME": null, "NWI_Wetland_Codes.SPLIT_SUBCLASS_DEFINITION": null, "NWI_Wetland_Codes.WATER_REGIME": "C", "NWI_Wetland_Codes.WATER_REGIME_NAME": "Seasonally Flooded", "NWI_Wetland_Codes.WATER_REGIME_SUBGROUP": "Nontidal", "NWI_Wetland_Codes.WATER_REGIME_DEFINITION": "Surface water is present for extended periods especially early in the growing season, but is absent by the end of the growing season in most years.  The water table after flooding ceases is variable, extending from saturated to the surface to a water table well below the ground surface.", "NWI_Wetland_Codes.MODIFIER1": null, "NWI_Wetland_Codes.MODIFIER1_NAME": null, "NWI_Wetland_Codes.MODIFIER1_GROUP": null, "NWI_Wetland_Codes.MODIFIER1_SUBGROUP": null, "NWI_Wetland_Codes.MODIFIER1_DEFINITION": null, "NWI_Wetland_Codes.MODIFIER2": null, "NWI_Wetland_Codes.MODIFIER2_NAME": null, "NWI_Wetland_Codes.MODIFIER2_GROUP": null, "NWI_Wetland_Codes.MODIFIER2_SUBGROUP": null, "NWI_Wetland_Codes.MODIFIER2_DEFINITION": null, "NWI_Wetland_Codes.Field1": null }, "geometry": { "type": "Polygon", "coordinates": [ [ [ -78.071350223290295, 39.307262582879204 ], [ -78.071344285426264, 39.307262112309772 ], [ -78.071341638989438, 39.30726172723525 ], [ -78.071277813688496, 39.30726058382804 ], [ -78.071210043885145, 39.307263496214773 ], [ -78.071144717499365, 39.307266304339343 ], [ -78.071088153280868, 39.307278470329223 ], [ -78.071084227643084, 39.307279132740639 ], [ -78.071081340457766, 39.30727939548094 ], [ -78.071017666972097, 39.307283169071233 ], [ -78.071014449206785, 39.307283246920178 ], [ -78.071011509919146, 39.307283121805774 ], [ -78.070953834484655, 39.307278799102143 ], [ -78.070786696637825, 39.307294710876278 ], [ -78.070759099493998, 39.307297338278779 ], [ -78.070754251286417, 39.307297541937245 ], [ -78.070748162505396, 39.307297069977906 ], [ -78.070742274048726, 39.307295798676513 ], [ -78.070736763782762, 39.307293766957585 ], [ -78.070731800590821, 39.307291037378157 ], [ -78.070727533593228, 39.307287691262601 ], [ -78.070724094842319, 39.307283832177696 ], [ -78.070721586746032, 39.307279575506698 ], [ -78.070720085661208, 39.307275052619786 ], [ -78.070719639198515, 39.307270398362334 ], [ -78.070720258137726, 39.30726575661604 ], [ -78.070721926309233, 39.307261267787162 ], [ -78.070724590712345, 39.307257066721256 ], [ -78.070728171397079, 39.307253282703357 ], [ -78.070732560565546, 39.307250030421834 ], [ -78.070737020700932, 39.307247720669359 ], [ -78.070737622572167, 39.307247408578199 ], [ -78.070743206499984, 39.307245496411689 ], [ -78.070749139872433, 39.307244352309127 ], [ -78.070750396615523, 39.307244215378205 ], [ -78.070949021311364, 39.307225306404568 ], [ -78.070953869518931, 39.307225102745932 ], [ -78.070956807908246, 39.307225227860457 ], [ -78.071015307097866, 39.307229612429587 ], [ -78.071072430068469, 39.307226226691434 ], [ -78.071129358104656, 39.307213982843436 ], [ -78.07113328284413, 39.307213320431423 ], [ -78.071136914732818, 39.307213019461386 ], [ -78.071206091297896, 39.307210045905435 ], [ -78.071275266964676, 39.307207073044459 ], [ -78.071277903520013, 39.307207035510054 ], [ -78.071346193447923, 39.307208258157431 ], [ -78.071351953445529, 39.307208725946857 ], [ -78.071354515440717, 39.307209099205309 ], [ -78.071579878693186, 39.307212268121212 ], [ -78.071577404375518, 39.30721713719327 ], [ -78.071556631251354, 39.307248581275402 ], [ -78.071542773624657, 39.307265290510671 ], [ -78.071350223290295, 39.307262582879204 ] ] ] } },
{ "type": "Feature", "properties": { "Wetlands.OBJECTID": 14428636, "Wetlands.ATTRIBUTE": "R3UBF", "Wetlands.WETLAND_TYPE": "Riverine", "Wetlands.ACRES": 1.0533409425719227, "Wetlands.GLOBALID": "{5C3EA9F4-A4FB-4B62-9A25-5D66AFF9846C}", "Wetlands.Shape_Length": 1855.4292067956503, "Wetlands.Shape_Area": 7129.2591136440242, "NWI_Wetland_Codes.OBJECTID": 5928, "NWI_Wetland_Codes.ATTRIBUTE": "R3UBF", "NWI_Wetland_Codes.SYSTEM": "R", "NWI_Wetland_Codes.SYSTEM_NAME": "Riverine", "NWI_Wetland_Codes.SYSTEM_DEFINITION": "The Riverine System includes all wetlands and deepwater habitats contained within a channel, with two exceptions: (1) wetlands dominated by trees, shrubs, persistent emergents, emergent mosses, or lichens, and (2) habitats with water containing ocean-derived salts of 0.5 ppt or greater. A channel is an open conduit either naturally or artificially created which periodically or continuously contains moving water, or which forms a connecting link between two bodies of standing water.", "NWI_Wetland_Codes.SUBSYSTEM": "3", "NWI_Wetland_Codes.SUBSYSTEM_NAME": "Upper Perennial", "NWI_Wetland_Codes.SUBSYSTEM_DEFINITION": "This Subsystem is characterized by a high gradient. There is no tidal influence, and some water flows all year, except during years of extreme drought. The substrate consists of rock, cobbles, or gravel with occasional patches of sand. The natural dissolved oxygen concentration is normally near saturation. The fauna is characteristic of running water, and there are few or no planktonic forms. The gradient is high compared with that of the Lower Perennial Subsystem, and there is very little floodplain development.", "NWI_Wetland_Codes.CLASS": "UB", "NWI_Wetland_Codes.CLASS_NAME": "Unconsolidated Bottom", "NWI_Wetland_Codes.CLASS_DEFINITION": "Includes all wetlands and deepwater habitats with at least 25% cover of particles smaller than stones (less than 6-7 cm), and a vegetative cover less than 30%.", "NWI_Wetland_Codes.SUBCLASS": null, "NWI_Wetland_Codes.SUBCLASS_NAME": null, "NWI_Wetland_Codes.SUBCLASS_DEFINITION": null, "NWI_Wetland_Codes.SPLIT_CLASS": null, "NWI_Wetland_Codes.SPLIT_CLASS_NAME": null, "NWI_Wetland_Codes.SPLIT_CLASS_DEFINITION": null, "NWI_Wetland_Codes.SPLIT_SUBCLASS": null, "NWI_Wetland_Codes.SPLIT_SUBCLASS_NAME": null, "NWI_Wetland_Codes.SPLIT_SUBCLASS_DEFINITION": null, "NWI_Wetland_Codes.WATER_REGIME": "F", "NWI_Wetland_Codes.WATER_REGIME_NAME": "Semipermanently Flooded", "NWI_Wetland_Codes.WATER_REGIME_SUBGROUP": "Nontidal", "NWI_Wetland_Codes.WATER_REGIME_DEFINITION": "Surface water persists throughout the growing season in most years. When surface water is absent, the water table is usually at or very near the land surface.", "NWI_Wetland_Codes.MODIFIER1": null, "NWI_Wetland_Codes.MODIFIER1_NAME": null, "NWI_Wetland_Codes.MODIFIER1_GROUP": null, "NWI_Wetland_Codes.MODIFIER1_SUBGROUP": null, "NWI_Wetland_Codes.MODIFIER1_DEFINITION": null, "NWI_Wetland_Codes.MODIFIER2": null, "NWI_Wetland_Codes.MODIFIER2_NAME": null, "NWI_Wetland_Codes.MODIFIER2_GROUP": null, "NWI_Wetland_Codes.MODIFIER2_SUBGROUP": null, "NWI_Wetland_Codes.MODIFIER2_DEFINITION": null, "NWI_Wetland_Codes.Field1": null }, "geometry": { "type": "Polygon", "coordinates": [ [ [ -78.066439259396148, 39.306221329460321 ], [ -78.066440204423827, 39.306221773623271 ], [ -78.066491019424504, 39.306246562638435 ], [ -78.066494755517766, 39.306248662506682 ], [ -78.066498096352305, 39.306251120346431 ], [ -78.066500981741001, 39.306253893061964 ], [ -78.066503362276507, 39.306256931301974 ], [ -78.066532419182693, 39.306300287549107 ], [ -78.066533501652614, 39.306302059333277 ], [ -78.066542953726014, 39.306319135604788 ], [ -78.066556158960694, 39.306342993860667 ], [ -78.066584521469153, 39.306379887811111 ], [ -78.066616265236362, 39.306415513205167 ], [ -78.066659898206353, 39.306440923560857 ], [ -78.066714486131218, 39.306465727095244 ], [ -78.066718524058416, 39.306467867967136 ], [ -78.06672213079429, 39.306470418245873 ], [ -78.06672523447358, 39.306473327885136 ], [ -78.066727773112575, 39.30647653988764 ], [ -78.066756830018761, 39.306519896693771 ], [ -78.066758725464013, 39.306523276905352 ], [ -78.066760031614436, 39.306526971991545 ], [ -78.066769453145127, 39.306563959681796 ], [ -78.066804887191537, 39.306590507145984 ], [ -78.06680749050922, 39.306592684853619 ], [ -78.066808688861798, 39.30659402915191 ], [ -78.067083496083626, 39.306679190464429 ], [ -78.067088820398325, 39.306681257650602 ], [ -78.067093605723826, 39.30668398447348 ], [ -78.067097715516255, 39.306687290302889 ], [ -78.067134602138452, 39.306723275594848 ], [ -78.067137227015706, 39.306726221368081 ], [ -78.067166150971232, 39.306763843565882 ], [ -78.067201370320248, 39.306798206490143 ], [ -78.067238030567012, 39.306833975553772 ], [ -78.067274690813747, 39.306869744599076 ], [ -78.06727557206105, 39.306870666280808 ], [ -78.067888773752088, 39.307118678158837 ], [ -78.067944036311729, 39.307139285245647 ], [ -78.068002056699299, 39.30715562452658 ], [ -78.06805254291659, 39.307159409244811 ], [ -78.068097464969, 39.307149748307964 ], [ -78.068133395783718, 39.307121875534961 ], [ -78.068136254222964, 39.307119890381429 ], [ -78.068140685612249, 39.307117544480406 ], [ -78.068192371080457, 39.307094453164076 ], [ -78.068198270316927, 39.307092403367136 ], [ -78.068204209079269, 39.307091259262066 ], [ -78.068268938983678, 39.307083292230999 ], [ -78.068273532069739, 39.307082961371883 ], [ -78.06827814132545, 39.307083092047364 ], [ -78.068282689495732, 39.307083682172106 ], [ -78.068287096630527, 39.307084722014963 ], [ -78.068345604803312, 39.307101946147966 ], [ -78.06834838598742, 39.307102871302007 ], [ -78.068405755096407, 39.307124265226015 ], [ -78.068410314944785, 39.307126302510547 ], [ -78.068414422042267, 39.307128840948963 ], [ -78.068417979370793, 39.307131820764106 ], [ -78.068420907878618, 39.307135175228083 ], [ -78.069430350153283, 39.307555418927642 ], [ -78.069483019276703, 39.307566936360089 ], [ -78.069527432882666, 39.307570265780463 ], [ -78.069558554117364, 39.30755172737117 ], [ -78.069586752234144, 39.307518128012354 ], [ -78.069613933458001, 39.307475766481616 ], [ -78.069615317761844, 39.307473816787095 ], [ -78.069615898073522, 39.307473101551572 ], [ -78.069648413493553, 39.307434361353458 ], [ -78.069650086156614, 39.307432538857157 ], [ -78.06968810196112, 39.307394599367697 ], [ -78.06968942877279, 39.307393353786019 ], [ -78.069690960400351, 39.30739208596178 ], [ -78.069733428255404, 39.307359141291144 ], [ -78.069737404198861, 39.307356489563119 ], [ -78.069741855351097, 39.30735432300056 ], [ -78.069746683795742, 39.307352689563821 ], [ -78.069751778141722, 39.307351626787295 ], [ -78.069811000475127, 39.307342858359128 ], [ -78.069812087436659, 39.307342710307225 ], [ -78.069818192387302, 39.307342369718214 ], [ -78.069824281168309, 39.3073428423723 ], [ -78.069830168726668, 39.307344113672841 ], [ -78.069833124183958, 39.307345089564514 ], [ -78.06989049419127, 39.307366483414484 ], [ -78.069894500677435, 39.307368234319235 ], [ -78.06989817029536, 39.307370371688123 ], [ -78.069901440162994, 39.307372857291597 ], [ -78.069904253686474, 39.307375648729895 ], [ -78.070147193173597, 39.30749148914969 ], [ -78.07018748710567, 39.307509226150124 ], [ -78.070193283934188, 39.307510618391099 ], [ -78.070196579852961, 39.307511832692249 ], [ -78.070198795098463, 39.30751264940875 ], [ -78.070203758290404, 39.30751537967457 ], [ -78.070208025288011, 39.307518725779261 ], [ -78.070211464038906, 39.30752258485122 ], [ -78.070213972135193, 39.307526841507404 ], [ -78.070215472321706, 39.307531364378058 ], [ -78.070215918784399, 39.307536018618151 ], [ -78.07021529984516, 39.307540660346518 ], [ -78.070213632572006, 39.307545149157484 ], [ -78.070212152148429, 39.307547707737946 ], [ -78.070211456852377, 39.307548757305007 ], [ -78.070210271974531, 39.30755040046823 ], [ -78.070206691289798, 39.307554183774954 ], [ -78.070202302121331, 39.307557436042352 ], [ -78.070197240114695, 39.307560057874369 ], [ -78.070191656186893, 39.307561970032296 ], [ -78.070185722814443, 39.307563114129664 ], [ -78.070179617863772, 39.307563454022521 ], [ -78.07017352908278, 39.307562982064958 ], [ -78.070167640626096, 39.307561710768447 ], [ -78.07016433123259, 39.307560518710737 ], [ -78.07016267653583, 39.307559923029352 ], [ -78.070111443818561, 39.307537572811746 ], [ -78.070110546401565, 39.307537159935649 ], [ -78.069860908177375, 39.30741822232028 ], [ -78.069857367018528, 39.307416294171603 ], [ -78.069854174406018, 39.307414040030928 ], [ -78.06985138244211, 39.307411495347203 ], [ -78.069812837529895, 39.307397121809501 ], [ -78.069775874550885, 39.307402594166433 ], [ -78.069742579393207, 39.307428423991297 ], [ -78.069706777935863, 39.307464153113358 ], [ -78.06967613460489, 39.307500664179848 ], [ -78.069648954279344, 39.307543025000491 ], [ -78.069647569975501, 39.307544973997985 ], [ -78.069646989663838, 39.307545689927849 ], [ -78.069614475142131, 39.307584430064345 ], [ -78.069611475667386, 39.307587498134886 ], [ -78.069606801732959, 39.307590923474891 ], [ -78.069559598858035, 39.307619044898559 ], [ -78.069555104586669, 39.307621321275114 ], [ -78.069549520658867, 39.30762323343135 ], [ -78.069543587286418, 39.307624377527716 ], [ -78.069537482335747, 39.307624718115363 ], [ -78.069534543048135, 39.307624592306475 ], [ -78.069472970721947, 39.307619976996563 ], [ -78.069469821228552, 39.307619630153255 ], [ -78.069466725634086, 39.307619067836121 ], [ -78.069407253569011, 39.307606063642631 ], [ -78.069404460706778, 39.307605354664169 ], [ -78.069400105674291, 39.307603825494844 ], [ -78.068372446463997, 39.307175998055229 ], [ -78.068368645692047, 39.30717417277188 ], [ -78.068365197059649, 39.307171980485641 ], [ -78.068362161652288, 39.307169457340585 ], [ -78.068359591572289, 39.307166648517082 ], [ -78.068318886211799, 39.307151467939526 ], [ -78.068270751783928, 39.307137297312295 ], [ -78.068221894212272, 39.307143311158072 ], [ -78.068180218671287, 39.307161931695092 ], [ -78.068141017090596, 39.307192343583296 ], [ -78.068136404241613, 39.307195350503903 ], [ -78.068131182334881, 39.307197707523592 ], [ -78.068125505880587, 39.307199343744287 ], [ -78.068065231619968, 39.307212305613369 ], [ -78.068060967317322, 39.307213008340106 ], [ -78.068056622166296, 39.307213302359315 ], [ -78.068052262642212, 39.307213182805413 ], [ -78.067990690316009, 39.307208566078245 ], [ -78.067987540822628, 39.307208219232848 ], [ -78.067981959589773, 39.307207036205163 ], [ -78.067917883658865, 39.307188991207227 ], [ -78.067914777284628, 39.307187971523312 ], [ -78.067857407277302, 39.307166577618787 ], [ -78.067856379604621, 39.307166178642085 ], [ -78.067235018515845, 39.306914866674532 ], [ -78.067230228698776, 39.306912532583048 ], [ -78.067225994938823, 39.306909638948973 ], [ -78.067222429525458, 39.306906261536398 ], [ -78.067218635041698, 39.306902003452244 ], [ -78.067182695243815, 39.306866936458597 ], [ -78.067146034098755, 39.306831167411815 ], [ -78.067109374750331, 39.306795398346821 ], [ -78.067106749873076, 39.306792453271619 ], [ -78.067077825019226, 39.306754830394034 ], [ -78.067048373752641, 39.306726094862434 ], [ -78.066766002716136, 39.306638589775211 ], [ -78.066761238950164, 39.306636782550122 ], [ -78.066756276656548, 39.306634052250011 ], [ -78.066752009658927, 39.306630706102979 ], [ -78.066748571806343, 39.306626846981899 ], [ -78.066746062811774, 39.306622590270941 ], [ -78.066745579518155, 39.306621134064265 ], [ -78.066712452345399, 39.306596313207741 ], [ -78.066708974068632, 39.306593284018618 ], [ -78.06670613179908, 39.306589889213605 ], [ -78.066703988418794, 39.306586209422719 ], [ -78.066702595131815, 39.306582325275969 ], [ -78.066692039028894, 39.306540886255021 ], [ -78.066669842556536, 39.30650776463137 ], [ -78.066622206693637, 39.306486121677381 ], [ -78.066618873045641, 39.306484401334359 ], [ -78.066569108175528, 39.306455418935393 ], [ -78.066564913941463, 39.306452541964518 ], [ -78.066561378172509, 39.306449188162858 ], [ -78.066525768954648, 39.306409224736711 ], [ -78.066524519398072, 39.306407718479171 ], [ -78.066500552346298, 39.306376537481427 ], [ -78.066494232698275, 39.306368315966381 ], [ -78.06649235701596, 39.306365427870517 ], [ -78.066469300855871, 39.306323771158048 ], [ -78.066445156835996, 39.306287746735649 ], [ -78.066402832711375, 39.306267100473029 ], [ -78.06635230489546, 39.306244143468348 ], [ -78.066357741346295, 39.306240185522022 ], [ -78.066367928360648, 39.306232769067144 ], [ -78.066402610316175, 39.306209895917313 ], [ -78.066407869506122, 39.30620706641043 ], [ -78.066439259396148, 39.306221329460321 ] ] ] } },
{ "type": "Feature", "properties": { "Wetlands.OBJECTID": 14428638, "Wetlands.ATTRIBUTE": "R4SBC", "Wetlands.WETLAND_TYPE": "Riverine", "Wetlands.ACRES": 0.6197420696488628, "Wetlands.GLOBALID": "{440C1906-C569-40D0-A7AC-507C9E3BAB85}", "Wetlands.Shape_Length": 1099.9177926702589, "Wetlands.Shape_Area": 4194.2974191584053, "NWI_Wetland_Codes.OBJECTID": 6016, "NWI_Wetland_Codes.ATTRIBUTE": "R4SBC", "NWI_Wetland_Codes.SYSTEM": "R", "NWI_Wetland_Codes.SYSTEM_NAME": "Riverine", "NWI_Wetland_Codes.SYSTEM_DEFINITION": "The Riverine System includes all wetlands and deepwater habitats contained within a channel, with two exceptions: (1) wetlands dominated by trees, shrubs, persistent emergents, emergent mosses, or lichens, and (2) habitats with water containing ocean-derived salts of 0.5 ppt or greater. A channel is an open conduit either naturally or artificially created which periodically or continuously contains moving water, or which forms a connecting link between two bodies of standing water.", "NWI_Wetland_Codes.SUBSYSTEM": "4", "NWI_Wetland_Codes.SUBSYSTEM_NAME": "Intermittent", "NWI_Wetland_Codes.SUBSYSTEM_DEFINITION": "This Subsystem includes channels that contain flowing water only part of the year. When the water is not flowing, it may remain in isolated pools or surface water may be absent.", "NWI_Wetland_Codes.CLASS": "SB", "NWI_Wetland_Codes.CLASS_NAME": "Streambed", "NWI_Wetland_Codes.CLASS_DEFINITION": "Includes all wetlands contained within the Intermittent Subsystem of the Riverine System and all channels of the Estuarine System or of the Tidal Subsystem of the Riverine System that are completely dewatered at low tide.", "NWI_Wetland_Codes.SUBCLASS": null, "NWI_Wetland_Codes.SUBCLASS_NAME": null, "NWI_Wetland_Codes.SUBCLASS_DEFINITION": null, "NWI_Wetland_Codes.SPLIT_CLASS": null, "NWI_Wetland_Codes.SPLIT_CLASS_NAME": null, "NWI_Wetland_Codes.SPLIT_CLASS_DEFINITION": null, "NWI_Wetland_Codes.SPLIT_SUBCLASS": null, "NWI_Wetland_Codes.SPLIT_SUBCLASS_NAME": null, "NWI_Wetland_Codes.SPLIT_SUBCLASS_DEFINITION": null, "NWI_Wetland_Codes.WATER_REGIME": "C", "NWI_Wetland_Codes.WATER_REGIME_NAME": "Seasonally Flooded", "NWI_Wetland_Codes.WATER_REGIME_SUBGROUP": "Nontidal", "NWI_Wetland_Codes.WATER_REGIME_DEFINITION": "Surface water is present for extended periods especially early in the growing season, but is absent by the end of the growing season in most years.  The water table after flooding ceases is variable, extending from saturated to the surface to a water table well below the ground surface.", "NWI_Wetland_Codes.MODIFIER1": null, "NWI_Wetland_Codes.MODIFIER1_NAME": null, "NWI_Wetland_Codes.MODIFIER1_GROUP": null, "NWI_Wetland_Codes.MODIFIER1_SUBGROUP": null, "NWI_Wetland_Codes.MODIFIER1_DEFINITION": null, "NWI_Wetland_Codes.MODIFIER2": null, "NWI_Wetland_Codes.MODIFIER2_NAME": null, "NWI_Wetland_Codes.MODIFIER2_GROUP": null, "NWI_Wetland_Codes.MODIFIER2_SUBGROUP": null, "NWI_Wetland_Codes.MODIFIER2_DEFINITION": null, "NWI_Wetland_Codes.Field1": null }, "geometry": { "type": "Polygon", "coordinates": [ [ [ -78.039979763588093, 39.30303053738826 ], [ -78.03997668775655, 39.303027158398208 ], [ -78.03994341505674, 39.302983848782084 ], [ -78.039911842867795, 39.302942751716571 ], [ -78.039872930544618, 39.302908979144604 ], [ -78.039822106560777, 39.302893215824973 ], [ -78.039817343693144, 39.302891407808048 ], [ -78.039813475547547, 39.302889367619763 ], [ -78.039632779428146, 39.302779746511618 ], [ -78.039640954097223, 39.302777990626083 ], [ -78.03969932123448, 39.302767607544702 ], [ -78.039719598007082, 39.302763999845837 ], [ -78.039853247558412, 39.302845079878558 ], [ -78.039907069220334, 39.302861772589914 ], [ -78.039911919224579, 39.302863620229708 ], [ -78.039916337139132, 39.302866015627146 ], [ -78.039920216962841, 39.302868901782006 ], [ -78.03996681796653, 39.302909346864986 ], [ -78.03996765968796, 39.302910105244834 ], [ -78.039970735519475, 39.302913484240534 ], [ -78.040004007320988, 39.302956792509917 ], [ -78.040035422304783, 39.302997684506053 ], [ -78.040073972606876, 39.303029981290358 ], [ -78.040105159716575, 39.303053360698108 ], [ -78.040096627411287, 39.303051467589405 ], [ -78.040054320485893, 39.303038477853789 ], [ -78.040016588167731, 39.303023419322045 ], [ -78.04000429941172, 39.303021681921066 ], [ -78.039986632558012, 39.30302930954781 ], [ -78.039980651850243, 39.303031323839051 ], [ -78.039979763588093, 39.30303053738826 ] ] ] } },
{ "type": "Feature", "properties": { "Wetlands.OBJECTID": 14429741, "Wetlands.ATTRIBUTE": "R4SBC", "Wetlands.WETLAND_TYPE": "Riverine", "Wetlands.ACRES": 0.20950274624796564, "Wetlands.GLOBALID": "{16087F27-2B23-4FE4-91A7-7A7F35E59071}", "Wetlands.Shape_Length": 381.60828874692066, "Wetlands.Shape_Area": 1417.4333463234684, "NWI_Wetland_Codes.OBJECTID": 6016, "NWI_Wetland_Codes.ATTRIBUTE": "R4SBC", "NWI_Wetland_Codes.SYSTEM": "R", "NWI_Wetland_Codes.SYSTEM_NAME": "Riverine", "NWI_Wetland_Codes.SYSTEM_DEFINITION": "The Riverine System includes all wetlands and deepwater habitats contained within a channel, with two exceptions: (1) wetlands dominated by trees, shrubs, persistent emergents, emergent mosses, or lichens, and (2) habitats with water containing ocean-derived salts of 0.5 ppt or greater. A channel is an open conduit either naturally or artificially created which periodically or continuously contains moving water, or which forms a connecting link between two bodies of standing water.", "NWI_Wetland_Codes.SUBSYSTEM": "4", "NWI_Wetland_Codes.SUBSYSTEM_NAME": "Intermittent", "NWI_Wetland_Codes.SUBSYSTEM_DEFINITION": "This Subsystem includes channels that contain flowing water only part of the year. When the water is not flowing, it may remain in isolated pools or surface water may be absent.", "NWI_Wetland_Codes.CLASS": "SB", "NWI_Wetland_Codes.CLASS_NAME": "Streambed", "NWI_Wetland_Codes.CLASS_DEFINITION": "Includes all wetlands contained within the Intermittent Subsystem of the Riverine System and all channels of the Estuarine System or of the Tidal Subsystem of the Riverine System that are completely dewatered at low tide.", "NWI_Wetland_Codes.SUBCLASS": null, "NWI_Wetland_Codes.SUBCLASS_NAME": null, "NWI_Wetland_Codes.SUBCLASS_DEFINITION": null, "NWI_Wetland_Codes.SPLIT_CLASS": null, "NWI_Wetland_Codes.SPLIT_CLASS_NAME": null, "NWI_Wetland_Codes.SPLIT_CLASS_DEFINITION": null, "NWI_Wetland_Codes.SPLIT_SUBCLASS": null, "NWI_Wetland_Codes.SPLIT_SUBCLASS_NAME": null, "NWI_Wetland_Codes.SPLIT_SUBCLASS_DEFINITION": null, "NWI_Wetland_Codes.WATER_REGIME": "C", "NWI_Wetland_Codes.WATER_REGIME_NAME": "Seasonally Flooded", "NWI_Wetland_Codes.WATER_REGIME_SUBGROUP": "Nontidal", "NWI_Wetland_Codes.WATER_REGIME_DEFINITION": "Surface water is present for extended periods especially early in the growing season, but is absent by the end of the growing season in most years.  The water table after flooding ceases is variable, extending from saturated to the surface to a water table well below the ground surface.", "NWI_Wetland_Codes.MODIFIER1": null, "NWI_Wetland_Codes.MODIFIER1_NAME": null, "NWI_Wetland_Codes.MODIFIER1_GROUP": null, "NWI_Wetland_Codes.MODIFIER1_SUBGROUP": null, "NWI_Wetland_Codes.MODIFIER1_DEFINITION": null, "NWI_Wetland_Codes.MODIFIER2": null, "NWI_Wetland_Codes.MODIFIER2_NAME": null, "NWI_Wetland_Codes.MODIFIER2_GROUP": null, "NWI_Wetland_Codes.MODIFIER2_SUBGROUP": null, "NWI_Wetland_Codes.MODIFIER2_DEFINITION": null, "NWI_Wetland_Codes.Field1": null }, "geometry": { "type": "Polygon", "coordinates": [ [ [ -78.056974284372544, 39.292744584686453 ], [ -78.0569886053148, 39.29272024487139 ], [ -78.056992269542846, 39.292721596388326 ], [ -78.056996789865352, 39.292724040798539 ], [ -78.057045938491171, 39.292755346761389 ], [ -78.057048384603704, 39.292757089689047 ], [ -78.057101070795099, 39.292798414510877 ], [ -78.057101858617614, 39.29279905342171 ], [ -78.057141926174225, 39.292832613961394 ], [ -78.057187318045536, 39.292861525526483 ], [ -78.057241608628061, 39.292888018398465 ], [ -78.057245192906024, 39.292890019945787 ], [ -78.057294341531843, 39.292921327224903 ], [ -78.057298826820059, 39.292924816547902 ], [ -78.057300655789987, 39.292926688782757 ], [ -78.057335096299667, 39.292965354974292 ], [ -78.057336344957903, 39.292966861521101 ], [ -78.057369037346035, 39.293009404943156 ], [ -78.057402157332263, 39.293046588876749 ], [ -78.057441959885864, 39.293085438540487 ], [ -78.057443336104868, 39.293086877648278 ], [ -78.057476373446093, 39.293123969076348 ], [ -78.05751599094674, 39.293157152650792 ], [ -78.05756827918448, 39.293198165082792 ], [ -78.057570319258502, 39.293199912170699 ], [ -78.057573395988342, 39.293203290939829 ], [ -78.057606854639417, 39.293246835334401 ], [ -78.057607924532917, 39.293248371074341 ], [ -78.057635121028142, 39.293290789185924 ], [ -78.057660113955961, 39.293329770805691 ], [ -78.057698423509592, 39.293361858618468 ], [ -78.057737437342382, 39.293394535266216 ], [ -78.057784264721505, 39.293419332995484 ], [ -78.057786534764233, 39.293420642090652 ], [ -78.057846467665044, 39.293458215822845 ], [ -78.057847118943627, 39.293458633648513 ], [ -78.057848781725227, 39.293459801613857 ], [ -78.057896548742121, 39.293495602521496 ], [ -78.05789789980831, 39.293496673155786 ], [ -78.057935750322812, 39.29352837643718 ], [ -78.057982033322872, 39.293548141446614 ], [ -78.057982863366206, 39.293548507130474 ], [ -78.057987824761526, 39.293551237245836 ], [ -78.057992089962482, 39.293554584018089 ], [ -78.057995527815066, 39.293558443164734 ], [ -78.057996417147208, 39.293559739048199 ], [ -78.058023612744122, 39.293602157666328 ], [ -78.058049715091329, 39.293642867418825 ], [ -78.058066765115413, 39.29366200948288 ], [ -78.058013519273587, 39.293697516211182 ], [ -78.05799022955155, 39.293671369862707 ], [ -78.05798862066888, 39.293669382937303 ], [ -78.057987732235034, 39.293668087055863 ], [ -78.057960535739809, 39.293625669868078 ], [ -78.057938155112822, 39.293590762379644 ], [ -78.057896469690377, 39.293572961368405 ], [ -78.057891783179542, 39.293570565652978 ], [ -78.057887664403964, 39.293567626973449 ], [ -78.057846641039873, 39.293533266591638 ], [ -78.057800667958588, 39.293498810253027 ], [ -78.057743041931431, 39.293462682594793 ], [ -78.057694123274317, 39.293436778094403 ], [ -78.057691201054709, 39.293435050478521 ], [ -78.057688188105246, 39.293432811877523 ], [ -78.057646503581111, 39.293397897340782 ], [ -78.057604818158666, 39.293362982091402 ], [ -78.057601736937244, 39.293360001690097 ], [ -78.057599238722432, 39.293356718868644 ], [ -78.057572043125518, 39.293314301492231 ], [ -78.057545426043646, 39.293272785789533 ], [ -78.057514971358884, 39.29323315688849 ], [ -78.057465249607915, 39.293194156443988 ], [ -78.05746446088709, 39.293193517536707 ], [ -78.057422775464644, 39.293158602880659 ], [ -78.057421523213151, 39.293157494699294 ], [ -78.057419694243222, 39.293155621775433 ], [ -78.057385910402019, 39.293117691927741 ], [ -78.057346107848417, 39.293078842977131 ], [ -78.057344731629399, 39.293077403174003 ], [ -78.057310291119705, 39.293038736349075 ], [ -78.057309042461483, 39.293037230499031 ], [ -78.057276350971662, 39.292994687093945 ], [ -78.057245338433106, 39.292959869669829 ], [ -78.057201879736297, 39.292932190079952 ], [ -78.057147589153772, 39.292905697224697 ], [ -78.057144005774106, 39.292903695677822 ], [ -78.0570948571483, 39.292872388390819 ], [ -78.057091623213253, 39.292870007251096 ], [ -78.057050328557963, 39.292835418493603 ], [ -78.056999310538032, 39.292795401410018 ], [ -78.056951557894166, 39.292764985352214 ], [ -78.056947072605951, 39.292761495325955 ], [ -78.056945796998249, 39.292760065249404 ], [ -78.056974284372544, 39.292744584686453 ] ] ] } },
{ "type": "Feature", "properties": { "Wetlands.OBJECTID": 14429792, "Wetlands.ATTRIBUTE": "PUBHh", "Wetlands.WETLAND_TYPE": "Freshwater Pond", "Wetlands.ACRES": 7.9076259938517852, "Wetlands.GLOBALID": "{AF3F7C12-C3AC-4E70-AB58-0F9223F38036}", "Wetlands.Shape_Length": 1403.6974675087463, "Wetlands.Shape_Area": 53491.31677690956, "NWI_Wetland_Codes.OBJECTID": 5472, "NWI_Wetland_Codes.ATTRIBUTE": "PUBHh", "NWI_Wetland_Codes.SYSTEM": "P", "NWI_Wetland_Codes.SYSTEM_NAME": "Palustrine", "NWI_Wetland_Codes.SYSTEM_DEFINITION": "The Palustrine System includes all nontidal wetlands dominated by trees, shrubs, persistent emergents, emergent mosses or lichens, and all such wetlands that occur in tidal areas where salinity due to ocean-derived salts is below 0.5 ppt. It also includes wetlands lacking such vegetation, but with all of the following four characteristics: (1) area less than 8 ha (20 acres); (2) active wave-formed or bedrock shoreline features lacking; (3) water depth in the deepest part of basin less than 2.5 m (8.2 ft) at low water; and (4) salinity due to ocean-derived salts less than 0.5 ppt.", "NWI_Wetland_Codes.SUBSYSTEM": null, "NWI_Wetland_Codes.SUBSYSTEM_NAME": null, "NWI_Wetland_Codes.SUBSYSTEM_DEFINITION": null, "NWI_Wetland_Codes.CLASS": "UB", "NWI_Wetland_Codes.CLASS_NAME": "Unconsolidated Bottom", "NWI_Wetland_Codes.CLASS_DEFINITION": "Includes all wetlands and deepwater habitats with at least 25% cover of particles smaller than stones (less than 6-7 cm), and a vegetative cover less than 30%.", "NWI_Wetland_Codes.SUBCLASS": null, "NWI_Wetland_Codes.SUBCLASS_NAME": null, "NWI_Wetland_Codes.SUBCLASS_DEFINITION": null, "NWI_Wetland_Codes.SPLIT_CLASS": null, "NWI_Wetland_Codes.SPLIT_CLASS_NAME": null, "NWI_Wetland_Codes.SPLIT_CLASS_DEFINITION": null, "NWI_Wetland_Codes.SPLIT_SUBCLASS": null, "NWI_Wetland_Codes.SPLIT_SUBCLASS_NAME": null, "NWI_Wetland_Codes.SPLIT_SUBCLASS_DEFINITION": null, "NWI_Wetland_Codes.WATER_REGIME": "H", "NWI_Wetland_Codes.WATER_REGIME_NAME": "Permanently Flooded", "NWI_Wetland_Codes.WATER_REGIME_SUBGROUP": "Nontidal", "NWI_Wetland_Codes.WATER_REGIME_DEFINITION": "Water covers the substrate throughout the year in all years.", "NWI_Wetland_Codes.MODIFIER1": "h", "NWI_Wetland_Codes.MODIFIER1_NAME": "Diked/Impounded", "NWI_Wetland_Codes.MODIFIER1_GROUP": "Special Modifier", "NWI_Wetland_Codes.MODIFIER1_SUBGROUP": null, "NWI_Wetland_Codes.MODIFIER1_DEFINITION": "These wetlands have been created or modified by a man-made barrier or dam that obstructs the inflow or outflow of water.", "NWI_Wetland_Codes.MODIFIER2": null, "NWI_Wetland_Codes.MODIFIER2_NAME": null, "NWI_Wetland_Codes.MODIFIER2_GROUP": null, "NWI_Wetland_Codes.MODIFIER2_SUBGROUP": null, "NWI_Wetland_Codes.MODIFIER2_DEFINITION": null, "NWI_Wetland_Codes.Field1": null }, "geometry": { "type": "Polygon", "coordinates": [ [ [ -78.056732730087575, 39.286367644172053 ], [ -78.056808410455332, 39.286241837285914 ], [ -78.056887217858574, 39.286110829401892 ], [ -78.056933004090283, 39.286079046280207 ], [ -78.057050609730652, 39.286062533819184 ], [ -78.05711374871872, 39.286062120121137 ], [ -78.057175727981729, 39.286066344013044 ], [ -78.057236544824804, 39.286075205494228 ], [ -78.057297360769539, 39.286084067669513 ], [ -78.057364258308723, 39.286093814948615 ], [ -78.057425075151784, 39.286102676426253 ], [ -78.057485891994858, 39.286111537902769 ], [ -78.057543221577944, 39.286134312135758 ], [ -78.057601713581036, 39.28615244947251 ], [ -78.05766136890243, 39.286165947830888 ], [ -78.057725941601689, 39.286184970958509 ], [ -78.0577699189312, 39.28619492232994 ], [ -78.057776551342499, 39.286218764253192 ], [ -78.057779486411434, 39.286238558172279 ], [ -78.057788985834151, 39.286237707485299 ], [ -78.057834459840905, 39.286237122408998 ], [ -78.057852163092619, 39.286237570127412 ], [ -78.057853332318984, 39.286236940992964 ], [ -78.057861497230647, 39.286233413204869 ], [ -78.057886932277015, 39.286246883693977 ], [ -78.057937018743985, 39.286273409661305 ], [ -78.057994349225424, 39.286296183841564 ], [ -78.058054004546818, 39.28630968286754 ], [ -78.058112497448221, 39.286327818768299 ], [ -78.05817215187129, 39.286341317788178 ], [ -78.058239050308813, 39.286351065031454 ], [ -78.058301029571851, 39.2863552882107 ], [ -78.058359250283729, 39.286349350451196 ], [ -78.058417470995607, 39.286343412691238 ], [ -78.058479450258631, 39.286347635870932 ], [ -78.05854026620338, 39.286356496621167 ], [ -78.058601083046426, 39.286365357370322 ], [ -78.058658414426162, 39.286388131520695 ], [ -78.058708500893133, 39.286414656739161 ], [ -78.058749021200668, 39.286454209541027 ], [ -78.058776215899272, 39.286496626206016 ], [ -78.058810652815666, 39.286535292471733 ], [ -78.058860740180975, 39.286561818329766 ], [ -78.058919233082392, 39.286579954165269 ], [ -78.058983808476583, 39.286598975789843 ], [ -78.059042300479689, 39.286617112310985 ], [ -78.059093551163272, 39.286638999890947 ], [ -78.059144800050234, 39.28666088746408 ], [ -78.059203292951636, 39.28667902257866 ], [ -78.059262948273044, 39.286692521530831 ], [ -78.059314198058303, 39.286714409087175 ], [ -78.059355879887477, 39.286749323479988 ], [ -78.059405968151097, 39.286775847866423 ], [ -78.059425917936935, 39.286822017476098 ], [ -78.059445870417719, 39.28686818636006 ], [ -78.059494796261347, 39.286899348236297 ], [ -78.059552126742759, 39.28692212151779 ], [ -78.059611782064152, 39.286935620423087 ], [ -78.05967027586388, 39.286953755466499 ], [ -78.059736012779751, 39.286968140154876 ], [ -78.059787262565024, 39.286990026929843 ], [ -78.05984459394476, 39.287012800181799 ], [ -78.059895844628372, 39.287034687638098 ], [ -78.059947094413616, 39.287056574392274 ], [ -78.060006749735024, 39.287070073271678 ], [ -78.060065243534737, 39.287088208280295 ], [ -78.060123738232789, 39.287106343284208 ], [ -78.060181070510851, 39.287129116498328 ], [ -78.060232320296123, 39.287151003223002 ], [ -78.060238400992276, 39.287151889705065 ], [ -78.060551610294198, 39.2872652800569 ], [ -78.060629820317772, 39.287266222855131 ], [ -78.06069690470656, 39.287267031464545 ], [ -78.060703003369014, 39.287267105164091 ], [ -78.060998912016871, 39.287270671944817 ], [ -78.061332168122661, 39.287208838680975 ], [ -78.061799875077014, 39.287156103797365 ], [ -78.061878848668599, 39.287137968806341 ], [ -78.061957970482169, 39.287157246837737 ], [ -78.061998765674176, 39.287190417248326 ], [ -78.06204205189448, 39.287225612991975 ], [ -78.062047292665824, 39.287233291656442 ], [ -78.062083304328937, 39.28728605429307 ], [ -78.062084990466744, 39.287295662349123 ], [ -78.062053150579786, 39.287337209406658 ], [ -78.06203171048891, 39.287341027874575 ], [ -78.061976085908213, 39.287361766629083 ], [ -78.061920459530867, 39.287382505377451 ], [ -78.061864834950157, 39.287403243424372 ], [ -78.061804289398324, 39.287418458876921 ], [ -78.061748663020992, 39.287439197608485 ], [ -78.061688118367471, 39.287454411662644 ], [ -78.061626411293958, 39.287474263905601 ], [ -78.061569624293284, 39.28749964081107 ], [ -78.061518917988749, 39.287525902794094 ], [ -78.061459534856908, 39.287536480032308 ], [ -78.061401313246705, 39.287542419081745 ], [ -78.061345686869359, 39.287563157081323 ], [ -78.061290061390338, 39.287583895770041 ], [ -78.061229515838505, 39.287599109792772 ], [ -78.061173890359484, 39.287619847775602 ], [ -78.061118264880491, 39.287640585752271 ], [ -78.06107247864874, 39.287672371641676 ], [ -78.061025530895378, 39.287708794997947 ], [ -78.060974825489154, 39.287735056207261 ], [ -78.060919200010133, 39.287755794149852 ], [ -78.060857492038323, 39.287775647002611 ], [ -78.060798108008143, 39.287786222812585 ], [ -78.060264851536672, 39.287881198371906 ], [ -78.060263450695572, 39.287879626249989 ], [ -78.060254609569611, 39.28786726986602 ], [ -78.060244685035229, 39.287856131804794 ], [ -78.060222583116825, 39.287825242078995 ], [ -78.060212409525718, 39.287807016288461 ], [ -78.060207474392641, 39.287801477715099 ], [ -78.060185372506751, 39.287770587983267 ], [ -78.06017542561456, 39.287752768257818 ], [ -78.06016864886432, 39.287747673839668 ], [ -78.060159105680668, 39.287739759294915 ], [ -78.06012967368693, 39.287712813831661 ], [ -78.060103782111696, 39.287683756324064 ], [ -78.060081680422286, 39.287652866578014 ], [ -78.06007150689446, 39.287634640686996 ], [ -78.060066571784134, 39.287629102108397 ], [ -78.060044470011462, 39.287598212353359 ], [ -78.060041120610407, 39.287592211891059 ], [ -78.060036166485645, 39.287587676291921 ], [ -78.060022190277749, 39.287571991096712 ], [ -78.060014593877099, 39.287573267334686 ], [ -78.06000309542604, 39.287595893302488 ], [ -78.059982323602171, 39.287627335432127 ], [ -78.059957685874721, 39.287657043997072 ], [ -78.059929419690036, 39.287684732848774 ], [ -78.059897797036115, 39.287710135359198 ], [ -78.059887612300045, 39.287717551346269 ], [ -78.059852937857201, 39.287740422880574 ], [ -78.0598155454432, 39.287760543148835 ], [ -78.059775795354156, 39.287777718292155 ], [ -78.0597340703399, 39.287791783036006 ], [ -78.059690772189157, 39.287802601955399 ], [ -78.059646317970802, 39.287810070641079 ], [ -78.059602757128104, 39.287813972165949 ], [ -78.059587679366757, 39.287811775509191 ], [ -78.059528023147067, 39.287798276772719 ], [ -78.059469529347325, 39.28778014125276 ], [ -78.059409873127635, 39.287766643205437 ], [ -78.059358623342362, 39.287744755977954 ], [ -78.05930012864431, 39.287726619748781 ], [ -78.059251202800681, 39.287695456850074 ], [ -78.059210681594848, 39.287655904749201 ], [ -78.059176243780115, 39.287617239102197 ], [ -78.059112558616363, 39.287569504950696 ], [ -78.059113720138015, 39.287564868155492 ], [ -78.059051739976681, 39.287560644353896 ], [ -78.058994836928036, 39.287543001973745 ], [ -78.058985957652538, 39.287521541966186 ], [ -78.058976347051384, 39.287486996562954 ], [ -78.058971139888143, 39.287451885399179 ], [ -78.058970386448777, 39.287416546755978 ], [ -78.058971495577794, 39.287390052487702 ], [ -78.058962074319894, 39.287356187870472 ], [ -78.058961136820457, 39.287349866390713 ], [ -78.058942125693463, 39.287342281640356 ], [ -78.058903896193897, 39.287323135386771 ], [ -78.058868770581938, 39.287301480519879 ], [ -78.058842420032462, 39.287303840482693 ], [ -78.058823234121988, 39.287304087483761 ], [ -78.058820510927603, 39.28730102989995 ], [ -78.058778829098429, 39.287266115782174 ], [ -78.058729902356475, 39.28723495267856 ], [ -78.058682138932824, 39.287199152046377 ], [ -78.058633213089195, 39.28716798960825 ], [ -78.058432591438461, 39.287037812927146 ], [ -78.058426509843997, 39.287036927138871 ], [ -78.058377584000354, 39.28700576462856 ], [ -78.058327496635059, 39.286979238938677 ], [ -78.05827857079143, 39.2869480757074 ], [ -78.058227321904468, 39.286926188224079 ], [ -78.058176072119181, 39.286904300038564 ], [ -78.058124823232234, 39.286882412541509 ], [ -78.058067491852498, 39.286859638551867 ], [ -78.05800783653109, 39.286846138936653 ], [ -78.057947020586354, 39.286837278248314 ], [ -78.057886202844998, 39.286828416863621 ], [ -78.057825386001937, 39.286819555477749 ], [ -78.057758487564428, 39.286809808299715 ], [ -78.05769650830139, 39.286805584452594 ], [ -78.057633366618404, 39.286805998146292 ], [ -78.057571387355367, 39.286801774298937 ], [ -78.057510571410617, 39.286792912909682 ], [ -78.057449753669289, 39.286784051519362 ], [ -78.057388936826214, 39.286775190127948 ], [ -78.057328119084843, 39.286766328735339 ], [ -78.057268464661774, 39.286752829102142 ], [ -78.05720881023872, 39.2867393294663 ], [ -78.057150317337289, 39.286721192976792 ], [ -78.057090662015909, 39.286707693334861 ], [ -78.057032169114493, 39.286689556837104 ], [ -78.056973677111401, 39.286671420334734 ], [ -78.056909102615521, 39.286652396643923 ], [ -78.056865354608988, 39.28664249723569 ], [ -78.056860761807016, 39.286631395946898 ], [ -78.056851152245002, 39.286596850314652 ], [ -78.056845946300754, 39.286561739186638 ], [ -78.056845193917241, 39.286526400475836 ], [ -78.056848050300317, 39.286458215873147 ], [ -78.056828445948796, 39.286452198663589 ], [ -78.05678798664961, 39.286436055782524 ], [ -78.056783849917068, 39.286433983841953 ], [ -78.056768580299561, 39.286427891433057 ], [ -78.056730351923619, 39.286408744413379 ], [ -78.056717280033624, 39.286400685161766 ], [ -78.056732730087575, 39.286367644172053 ] ] ] } },
{ "type": "Feature", "properties": { "Wetlands.OBJECTID": 14429793, "Wetlands.ATTRIBUTE": "R3UBF", "Wetlands.WETLAND_TYPE": "Riverine", "Wetlands.ACRES": 4.9990447276853835, "Wetlands.GLOBALID": "{D819DB7A-CFA6-49D4-82A1-7FBC8903DD1F}", "Wetlands.Shape_Length": 6136.0331479913657, "Wetlands.Shape_Area": 33813.269966313608, "NWI_Wetland_Codes.OBJECTID": 5928, "NWI_Wetland_Codes.ATTRIBUTE": "R3UBF", "NWI_Wetland_Codes.SYSTEM": "R", "NWI_Wetland_Codes.SYSTEM_NAME": "Riverine", "NWI_Wetland_Codes.SYSTEM_DEFINITION": "The Riverine System includes all wetlands and deepwater habitats contained within a channel, with two exceptions: (1) wetlands dominated by trees, shrubs, persistent emergents, emergent mosses, or lichens, and (2) habitats with water containing ocean-derived salts of 0.5 ppt or greater. A channel is an open conduit either naturally or artificially created which periodically or continuously contains moving water, or which forms a connecting link between two bodies of standing water.", "NWI_Wetland_Codes.SUBSYSTEM": "3", "NWI_Wetland_Codes.SUBSYSTEM_NAME": "Upper Perennial", "NWI_Wetland_Codes.SUBSYSTEM_DEFINITION": "This Subsystem is characterized by a high gradient. There is no tidal influence, and some water flows all year, except during years of extreme drought. The substrate consists of rock, cobbles, or gravel with occasional patches of sand. The natural dissolved oxygen concentration is normally near saturation. The fauna is characteristic of running water, and there are few or no planktonic forms. The gradient is high compared with that of the Lower Perennial Subsystem, and there is very little floodplain development.", "NWI_Wetland_Codes.CLASS": "UB", "NWI_Wetland_Codes.CLASS_NAME": "Unconsolidated Bottom", "NWI_Wetland_Codes.CLASS_DEFINITION": "Includes all wetlands and deepwater habitats with at least 25% cover of particles smaller than stones (less than 6-7 cm), and a vegetative cover less than 30%.", "NWI_Wetland_Codes.SUBCLASS": null, "NWI_Wetland_Codes.SUBCLASS_NAME": null, "NWI_Wetland_Codes.SUBCLASS_DEFINITION": null, "NWI_Wetland_Codes.SPLIT_CLASS": null, "NWI_Wetland_Codes.SPLIT_CLASS_NAME": null, "NWI_Wetland_Codes.SPLIT_CLASS_DEFINITION": null, "NWI_Wetland_Codes.SPLIT_SUBCLASS": null, "NWI_Wetland_Codes.SPLIT_SUBCLASS_NAME": null, "NWI_Wetland_Codes.SPLIT_SUBCLASS_DEFINITION": null, "NWI_Wetland_Codes.WATER_REGIME": "F", "NWI_Wetland_Codes.WATER_REGIME_NAME": "Semipermanently Flooded", "NWI_Wetland_Codes.WATER_REGIME_SUBGROUP": "Nontidal", "NWI_Wetland_Codes.WATER_REGIME_DEFINITION": "Surface water persists throughout the growing season in most years. When surface water is absent, the water table is usually at or very near the land surface.", "NWI_Wetland_Codes.MODIFIER1": null, "NWI_Wetland_Codes.MODIFIER1_NAME": null, "NWI_Wetland_Codes.MODIFIER1_GROUP": null, "NWI_Wetland_Codes.MODIFIER1_SUBGROUP": null, "NWI_Wetland_Codes.MODIFIER1_DEFINITION": null, "NWI_Wetland_Codes.MODIFIER2": null, "NWI_Wetland_Codes.MODIFIER2_NAME": null, "NWI_Wetland_Codes.MODIFIER2_GROUP": null, "NWI_Wetland_Codes.MODIFIER2_SUBGROUP": null, "NWI_Wetland_Codes.MODIFIER2_DEFINITION": null, "NWI_Wetland_Codes.Field1": null }, "geometry": { "type": "Polygon", "coordinates": [ [ [ -78.055948514319269, 39.286108638541833 ], [ -78.055909159126685, 39.286064448650244 ], [ -78.055852991963533, 39.28603703541237 ], [ -78.055804067916526, 39.286005871761851 ], [ -78.055776875912883, 39.285963454104376 ], [ -78.055743602314763, 39.285920149228239 ], [ -78.055688596673264, 39.285888099027659 ], [ -78.055632430408451, 39.285860685720763 ], [ -78.055583506361444, 39.285829521991822 ], [ -78.055534583212761, 39.285798357553659 ], [ -78.055486821585745, 39.285762555491807 ], [ -78.0554367360171, 39.285736028635753 ], [ -78.055388975288366, 39.285700227237363 ], [ -78.055338889719692, 39.285673701053014 ], [ -78.055281560136592, 39.285650925975006 ], [ -78.055216987437348, 39.285631901311774 ], [ -78.05515241383975, 39.285612877338608 ], [ -78.055093923633279, 39.285594739862105 ], [ -78.05504383806462, 39.285568212942486 ], [ -78.054985346959853, 39.285550075454417 ], [ -78.054926855855072, 39.285531936571047 ], [ -78.054867201432003, 39.285518437395162 ], [ -78.05480638728389, 39.285509574452981 ], [ -78.054738327324714, 39.285504461938665 ], [ -78.054675186540024, 39.285504874944721 ], [ -78.054606236350381, 39.285528474691461 ], [ -78.05454452748026, 39.285548323308554 ], [ -78.054487739581248, 39.285573696740101 ], [ -78.054422274854915, 39.28558338429481 ], [ -78.054356810128581, 39.285593071848133 ], [ -78.054297426996726, 39.285603644511205 ], [ -78.054236881444893, 39.285618856878251 ], [ -78.054185013618721, 39.285649753012393 ], [ -78.054119548892373, 39.285659440556586 ], [ -78.054061327282199, 39.285665376288662 ], [ -78.05400310657032, 39.285671312020291 ], [ -78.053942290625585, 39.285662449097444 ], [ -78.053884961940767, 39.28563967262518 ], [ -78.053821821156077, 39.285640084239873 ], [ -78.053754031589804, 39.28565904632439 ], [ -78.053694648457949, 39.285669620368083 ], [ -78.053635265326079, 39.285680193714903 ], [ -78.053577044614187, 39.285686129445267 ], [ -78.053517661482346, 39.28569670209432 ], [ -78.053459440770467, 39.285702637823235 ], [ -78.053397462405755, 39.285698411823461 ], [ -78.053337808880983, 39.285684910593801 ], [ -78.053282805934458, 39.285652859590265 ], [ -78.053218232336903, 39.28563383492753 ], [ -78.053168148564865, 39.285607307327432 ], [ -78.053109657460084, 39.285589168458877 ], [ -78.053045085659136, 39.285570143083532 ], [ -78.052985432134378, 39.285556642524455 ], [ -78.052836880430803, 39.285520569173485 ], [ -78.052830799734636, 39.285519683366083 ], [ -78.052765064615414, 39.285505296294325 ], [ -78.052690923960071, 39.285499296581428 ], [ -78.052627784073678, 39.285499708196909 ], [ -78.05255856259285, 39.285499232614143 ], [ -78.052500341880958, 39.285505168359798 ], [ -78.052437201096282, 39.285505579975258 ], [ -78.052361898020948, 39.285504217889638 ], [ -78.052301082974537, 39.285495353555028 ], [ -78.052239104609811, 39.28549112754277 ], [ -78.052177127143423, 39.285486900834911 ], [ -78.052113988155369, 39.285487312450527 ], [ -78.052045928196165, 39.285482198543967 ], [ -78.051979031555277, 39.285472448398558 ], [ -78.051912134016078, 39.285462697556532 ], [ -78.051845238273501, 39.285452946713107 ], [ -78.051784422328751, 39.285444082372081 ], [ -78.051723607282341, 39.285435218029868 ], [ -78.051656711539763, 39.285425467877943 ], [ -78.051595895595042, 39.285416603533442 ], [ -78.051526675012497, 39.285416127950072 ], [ -78.051459777473283, 39.285406377100216 ], [ -78.051192460404295, 39.285391447673099 ], [ -78.051043017571956, 39.285384085167131 ], [ -78.050974957612766, 39.285378971948347 ], [ -78.050912981044689, 39.2853747438431 ], [ -78.050851003578288, 39.285370517128243 ], [ -78.050781781199134, 39.285370040849315 ], [ -78.050719804631044, 39.28536581413416 ], [ -78.050657826266331, 39.285361586723511 ], [ -78.050589767205452, 39.285356473503015 ], [ -78.050526628217398, 39.285356883728781 ], [ -78.05045973067817, 39.285347132175382 ], [ -78.050397753211797, 39.285342904763532 ], [ -78.05033085746922, 39.2853331532082 ], [ -78.050250635219385, 39.2853262655847 ], [ -78.050182577056859, 39.285321152361689 ], [ -78.049725571732466, 39.285283375407865 ], [ -78.049719490137988, 39.285282488902169 ], [ -78.049658675091564, 39.285273623148917 ], [ -78.049597860045139, 39.285264758089887 ], [ -78.049530964302562, 39.28525500652362 ], [ -78.049470149256152, 39.285246140766908 ], [ -78.04940325351356, 39.28523638919809 ], [ -78.04934243846715, 39.285227523439026 ], [ -78.04927437940627, 39.285222409513487 ], [ -78.049213565258171, 39.285213543752647 ], [ -78.049152750211761, 39.285204677990698 ], [ -78.049091935165336, 39.285195812922922 ], [ -78.049031120118912, 39.285186947158728 ], [ -78.048964225274659, 39.285177194886359 ], [ -78.04890341022822, 39.285168329119784 ], [ -78.04884259518181, 39.285159463352116 ], [ -78.048764699568579, 39.285143300410184 ], [ -78.048706210260434, 39.285125160030887 ], [ -78.048645395214024, 39.285116294257733 ], [ -78.048589768836663, 39.285137026717997 ], [ -78.048543979011711, 39.285168806790722 ], [ -78.048483431663243, 39.285184015080382 ], [ -78.048426641967595, 39.285209385167406 ], [ -78.048358851502996, 39.285228344587331 ], [ -78.04829222345839, 39.285242666357867 ], [ -78.048230514588255, 39.285262512274748 ], [ -78.048179806487099, 39.28528876814368 ], [ -78.048124178313117, 39.285309501248214 ], [ -78.04805987510845, 39.285314547723445 ], [ -78.048001386698616, 39.285296405997883 ], [ -78.04795246714319, 39.285265239236672 ], [ -78.047904709109432, 39.285229434816365 ], [ -78.047855789553992, 39.28519826663473 ], [ -78.047806869998581, 39.285167099829778 ], [ -78.047755624704877, 39.285145208313359 ], [ -78.047705542729474, 39.285118677746993 ], [ -78.047638647885208, 39.285108925465117 ], [ -78.047575507100518, 39.28510933430168 ], [ -78.047513530532441, 39.285105104789608 ], [ -78.04745155306604, 39.285100876667912 ], [ -78.047389576497963, 39.285096647850636 ], [ -78.047322679857061, 39.285086894870375 ], [ -78.047274923619923, 39.28505108966359 ], [ -78.047241655411696, 39.285007782832807 ], [ -78.047207224783492, 39.284969113637835 ], [ -78.047172794155273, 39.284930445116871 ], [ -78.047121548861583, 39.284908552831126 ], [ -78.047072630204454, 39.284877384506686 ], [ -78.047018792372867, 39.284840692681549 ], [ -78.046969872817442, 39.284809525717471 ], [ -78.046918628422048, 39.284787633393975 ], [ -78.04686362817047, 39.284755578503301 ], [ -78.046791546453761, 39.284716226380375 ], [ -78.046736545303844, 39.284684172847641 ], [ -78.046678057792334, 39.284666031654112 ], [ -78.046627975816932, 39.284639500906223 ], [ -78.046580219579781, 39.284603695470793 ], [ -78.046545789849901, 39.284565026052718 ], [ -78.046384277253381, 39.284454950723976 ], [ -78.046380522295507, 39.28444478950918 ], [ -78.046346091667317, 39.284406119308109 ], [ -78.04629484817022, 39.284384226858506 ], [ -78.046236359760385, 39.284366084196655 ], [ -78.046177871350551, 39.284347942225409 ], [ -78.046118220520739, 39.284334437954193 ], [ -78.046058570589253, 39.28432093368037 ], [ -78.045997756441153, 39.284312066414799 ], [ -78.045930860698576, 39.284302312629961 ], [ -78.045868885927106, 39.284298083069153 ], [ -78.045799664446278, 39.284297604001694 ], [ -78.045737687878201, 39.284293373745271 ], [ -78.045673387368481, 39.284298419598407 ], [ -78.045610247482088, 39.284298827744458 ], [ -78.045548270914011, 39.284294597488113 ], [ -78.045482806187678, 39.284304280352558 ], [ -78.045416179041368, 39.284318600921445 ], [ -78.04535795832949, 39.284324532595335 ], [ -78.04528990106526, 39.284319415822651 ], [ -78.045226761178895, 39.284319823273179 ], [ -78.04515754149466, 39.284319344205883 ], [ -78.045088320912157, 39.284318864443243 ], [ -78.045013018735133, 39.284317498857959 ], [ -78.044949879747065, 39.284317906308559 ], [ -78.044891659035187, 39.284323837982512 ], [ -78.044832275903332, 39.284334407360646 ], [ -78.044770299335241, 39.284330176411125 ], [ -78.044708323665475, 39.284325946156734 ], [ -78.044645184677421, 39.284326353607291 ], [ -78.044586963965557, 39.284332285975808 ], [ -78.044523824977475, 39.284332692731006 ], [ -78.044453441974966, 39.284336850673036 ], [ -78.044385383812411, 39.284331733901247 ], [ -78.044317326548168, 39.284326615738429 ], [ -78.044255349980091, 39.284322385483783 ], [ -78.044193373412014, 39.284318155228853 ], [ -78.044132560162225, 39.284309287267654 ], [ -78.044071747810747, 39.284300419305325 ], [ -78.044010933662648, 39.284291551341866 ], [ -78.043948957992882, 39.284287320389765 ], [ -78.043668053905208, 39.284251164338649 ], [ -78.043661972310744, 39.284250277819822 ], [ -78.04360348479922, 39.284232134427988 ], [ -78.043537754171567, 39.284217742224605 ], [ -78.043476940023467, 39.284208873555379 ], [ -78.043416126773678, 39.284200005580274 ], [ -78.043343151233259, 39.284189363174391 ], [ -78.043278850723539, 39.284194407644364 ], [ -78.043210792560984, 39.28418928947157 ], [ -78.043149979311195, 39.28418042149405 ], [ -78.043077003770776, 39.284169779085119 ], [ -78.043018516259238, 39.284151634977121 ], [ -78.042951622313296, 39.284141879779312 ], [ -78.042878646772877, 39.284131237364576 ], [ -78.042817833523088, 39.284122368684386 ], [ -78.042757020273299, 39.284113500003059 ], [ -78.042690126327358, 39.284103744799928 ], [ -78.04262931397588, 39.284094876116271 ], [ -78.042568500726091, 39.284086006736196 ], [ -78.042511177431166, 39.284063226274689 ], [ -78.042217301670817, 39.283930211121522 ], [ -78.042083509287366, 39.283878231659962 ], [ -78.042081652469648, 39.283877470292701 ], [ -78.042079041067112, 39.283876252105081 ], [ -78.042077204012386, 39.283875280753392 ], [ -78.041939719553085, 39.283798936780357 ], [ -78.041935192044036, 39.283796422527288 ], [ -78.041882747499443, 39.283767300016045 ], [ -78.041829947221999, 39.283747528074066 ], [ -78.041773411749588, 39.283726356459312 ], [ -78.04121088132878, 39.283642847104311 ], [ -78.041150068078991, 39.283633977666959 ], [ -78.041089255727513, 39.283625108228492 ], [ -78.041029606694337, 39.283611601036647 ], [ -78.040971120081124, 39.283593456784047 ], [ -78.040912635264561, 39.283575311831413 ], [ -78.040852985333061, 39.283561805325249 ], [ -78.040786091387119, 39.283552048654684 ], [ -78.040727870675227, 39.28355797830757 ], [ -78.040660081108967, 39.28357693330728 ], [ -78.040594615484295, 39.283586613489689 ], [ -78.040531477394566, 39.283587018858618 ], [ -78.040464584346921, 39.283577262191564 ], [ -78.040403771995443, 39.283568392050576 ], [ -78.040338041367804, 39.283553997624821 ], [ -78.040279555652916, 39.283535853357307 ], [ -78.04021990661974, 39.283522345452937 ], [ -78.04016025758655, 39.283508837545952 ], [ -78.040097118598482, 39.283509242915279 ], [ -78.04003540883005, 39.283529085151478 ], [ -78.039984698033948, 39.283555338193636 ], [ -78.039927906541678, 39.283580704003406 ], [ -78.039871115049422, 39.283606070499282 ], [ -78.039811731917567, 39.283616637204481 ], [ -78.039749756247801, 39.283612404125719 ], [ -78.039688943896337, 39.283603533989165 ], [ -78.039629294863147, 39.283590026793171 ], [ -78.03958037979929, 39.283558855796002 ], [ -78.039530301417145, 39.283532323238127 ], [ -78.039470652383969, 39.283518815333082 ], [ -78.039403760234649, 39.283509057961197 ], [ -78.039342947883199, 39.283500187811562 ], [ -78.039284461269986, 39.28348204283477 ], [ -78.039242791118895, 39.283447121945983 ], [ -78.039183142984029, 39.283433614024482 ], [ -78.039113923299823, 39.283433130779208 ], [ -78.039051948528353, 39.283428898384642 ], [ -78.038993727816475, 39.283434827352558 ], [ -78.038932915464997, 39.283425956498256 ], [ -78.038884001299465, 39.283394786123402 ], [ -78.038824086364954, 39.283357204210184 ], [ -78.038767929083292, 39.283329783654835 ], [ -78.038707116731814, 39.283320912787211 ], [ -78.038647467698638, 39.283307404146043 ], [ -78.038581738867606, 39.283293009666671 ], [ -78.038520926516142, 39.2832841387944 ], [ -78.038457788426399, 39.283284542774425 ], [ -78.038392322801741, 39.283294222301905 ], [ -78.038331776351583, 39.283309425436066 ], [ -78.038271229901454, 39.283324628567009 ], [ -78.038219354888739, 39.28335551875999 ], [ -78.038158808438595, 39.283370721880864 ], [ -78.038099424408415, 39.283381287926282 ], [ -78.038038612955248, 39.283372417065131 ], [ -78.037977801502109, 39.283363546202914 ], [ -78.037926561598297, 39.283341649950863 ], [ -78.03787531989785, 39.283319753691906 ], [ -78.037816835081287, 39.283301607277771 ], [ -78.037782409842961, 39.283262935750209 ], [ -78.037787961431405, 39.283215674229247 ], [ -78.037599285577343, 39.283063164850127 ], [ -78.037588286605015, 39.283056753993463 ], [ -78.037539372439468, 39.283025582063694 ], [ -78.037490458273936, 39.282994410815327 ], [ -78.037425892761206, 39.282975378477275 ], [ -78.037374652857395, 39.282953480713211 ], [ -78.037316168040817, 39.282935334899513 ], [ -78.03729623262808, 39.282889162727656 ], [ -78.037241237766366, 39.282857104882183 ], [ -78.036822325501603, 39.282647705358499 ], [ -78.036820448920949, 39.282646934243331 ], [ -78.036817837518427, 39.28264571603431 ], [ -78.036815335710372, 39.282644369885496 ], [ -78.036814425716997, 39.282643831008762 ], [ -78.036402602956443, 39.282394127603368 ], [ -78.036263930026038, 39.282347843127027 ], [ -78.036242788012956, 39.282344085603576 ], [ -78.03626433712013, 39.282326782723189 ], [ -78.036299016019058, 39.282303918396742 ], [ -78.036324581779226, 39.282290168340708 ], [ -78.036445718496807, 39.282330601082712 ], [ -78.036447345345806, 39.282331172642245 ], [ -78.036450055563023, 39.282332258744425 ], [ -78.036452667863855, 39.282333476958911 ], [ -78.036455169671925, 39.282334822418349 ], [ -78.036456079665314, 39.282335361297449 ], [ -78.036868982200829, 39.282585720604203 ], [ -78.036930336236395, 39.28260953062744 ], [ -78.037268259090098, 39.282774517185167 ], [ -78.037318335675593, 39.282801051420712 ], [ -78.037367248942829, 39.282832223450477 ], [ -78.037414998891762, 39.282868031877442 ], [ -78.037463913057309, 39.282899203182048 ], [ -78.037512826324516, 39.282930373777447 ], [ -78.037562902910025, 39.282956907953952 ], [ -78.037611817075586, 39.28298807852368 ], [ -78.037661893661081, 39.283014612678379 ], [ -78.037709644508325, 39.283050421012163 ], [ -78.037751314659403, 39.283085342794074 ], [ -78.037801391244912, 39.283111876911882 ], [ -78.037852632047034, 39.283133772540488 ], [ -78.037860406067509, 39.283178170791068 ], [ -78.037893667987532, 39.283221480839117 ], [ -78.037935337240313, 39.283256401840404 ], [ -78.037986578042421, 39.2832782981191 ], [ -78.038047389495574, 39.283287168992175 ], [ -78.038110528483656, 39.283286764316841 ], [ -78.038171074933771, 39.283271561873022 ], [ -78.038230458065641, 39.283260995115782 ], [ -78.038289842095836, 39.283250429747547 ], [ -78.038349225227677, 39.283239863682454 ], [ -78.038408608359532, 39.283229297615762 ], [ -78.03846682907141, 39.283223368630381 ], [ -78.038526213101576, 39.283212802561138 ], [ -78.038588186974721, 39.283217036359424 ], [ -78.038648999326199, 39.283225907240194 ], [ -78.038708648359375, 39.283239414506447 ], [ -78.038767133175966, 39.283257560936725 ], [ -78.03881837397806, 39.283279456519779 ], [ -78.038875695476349, 39.283302239322055 ], [ -78.038925774756805, 39.283328771967142 ], [ -78.038974688922352, 39.283359943066671 ], [ -78.039035500375505, 39.283368813929371 ], [ -78.039098638465248, 39.283368409949851 ], [ -78.039156859177126, 39.28336247958557 ], [ -78.039218833948567, 39.283366713374818 ], [ -78.039279646300045, 39.283375583541343 ], [ -78.039339295333221, 39.283389090778698 ], [ -78.039380965484327, 39.28342401239177 ], [ -78.039432206286435, 39.283445908618063 ], [ -78.039495345274503, 39.283445503248366 ], [ -78.039501426868966, 39.283446390472662 ], [ -78.039657476810234, 39.28350280220085 ], [ -78.039715962525136, 39.283520947172264 ], [ -78.039777936398252, 39.283525180256589 ], [ -78.039838484645045, 39.283509975778578 ], [ -78.039895276137301, 39.283484609943187 ], [ -78.039952066731246, 39.283459243403342 ], [ -78.040011450761426, 39.283448676674411 ], [ -78.040073161428182, 39.283428835110755 ], [ -78.040135135301313, 39.283433066810041 ], [ -78.040195947652776, 39.283441936968117 ], [ -78.040254434265989, 39.28346008265062 ], [ -78.04031408329918, 39.28347358917641 ], [ -78.040373731434045, 39.283487096394857 ], [ -78.040434543785508, 39.283495966546148 ], [ -78.040496519455274, 39.283500198936657 ], [ -78.040554739268842, 39.283494269278876 ], [ -78.040614122400697, 39.283483702555237 ], [ -78.040673506430878, 39.283473135134663 ], [ -78.040731726244431, 39.283467205474608 ], [ -78.040794865232485, 39.283466800800355 ], [ -78.040855677583963, 39.283475670258888 ], [ -78.040915326617153, 39.2834891767816 ], [ -78.040979893028208, 39.283508208980052 ], [ -78.041031134728627, 39.283530103789445 ], [ -78.04108962134184, 39.283548248058452 ], [ -78.041150433693304, 39.28355711750666 ], [ -78.041211246943092, 39.283565986953754 ], [ -78.041278139990723, 39.283575742927063 ], [ -78.041338952342201, 39.283584612371797 ], [ -78.041345033038368, 39.283585498898987 ], [ -78.041681864438985, 39.283617769177575 ], [ -78.041736863792238, 39.283633149546837 ], [ -78.041815026205128, 39.283662419520567 ], [ -78.041820385554118, 39.28366442689407 ], [ -78.041927649788931, 39.283704594516315 ], [ -78.041930121952589, 39.283705590901654 ], [ -78.0419327324568, 39.283706809092237 ], [ -78.041934570409865, 39.283707778360309 ], [ -78.042129303603886, 39.283815910767707 ], [ -78.042256406233449, 39.283865291196783 ], [ -78.042324373666148, 39.283889654949007 ], [ -78.042628247675651, 39.283998579035263 ], [ -78.042686735187161, 39.284016722487635 ], [ -78.042745221800345, 39.284034865935268 ], [ -78.042806035050134, 39.284043734626536 ], [ -78.042866848299937, 39.284052603316688 ], [ -78.042933742245893, 39.284062358526953 ], [ -78.042995717915645, 39.284066590187905 ], [ -78.0430626118616, 39.284076346091453 ], [ -78.043123425111389, 39.284085214082225 ], [ -78.043186564997754, 39.284084807325534 ], [ -78.043247378247543, 39.284093676010535 ], [ -78.04330818970071, 39.28410254399904 ], [ -78.043369002950499, 39.284111412681746 ], [ -78.04343589689644, 39.284121167883747 ], [ -78.043496710146229, 39.284130035868827 ], [ -78.043557523396018, 39.284138904548051 ], [ -78.043617174225844, 39.284152410247607 ], [ -78.043682904853483, 39.284166803159678 ], [ -78.043742555683295, 39.284180308158582 ], [ -78.043748637277773, 39.284181195373563 ], [ -78.044163329257316, 39.284236861138695 ], [ -78.044225305825407, 39.284241091398513 ], [ -78.044287281495173, 39.284245321658098 ], [ -78.044348094744947, 39.284254189627397 ], [ -78.044408908893061, 39.284263057595574 ], [ -78.044472047881115, 39.284262650144647 ], [ -78.044530268592993, 39.284256719160823 ], [ -78.04459340668275, 39.284256311709917 ], [ -78.044657708090796, 39.284251267244336 ], [ -78.044734172687768, 39.284247995816109 ], [ -78.044797312574147, 39.284247588365091 ], [ -78.044860451562215, 39.284247181609388 ], [ -78.044923590550269, 39.284246774158362 ], [ -78.044986728640012, 39.284246366012034 ], [ -78.045048705208089, 39.284250596966594 ], [ -78.045106925919967, 39.284244665286437 ], [ -78.045168902488058, 39.284248894850478 ], [ -78.045227122301611, 39.284242963170186 ], [ -78.045289098869702, 39.28424719273432 ], [ -78.04534731958158, 39.284241261053921 ], [ -78.045405540293459, 39.284235329372976 ], [ -78.045463760107012, 39.284229397691533 ], [ -78.045521980818904, 39.284223465314255 ], [ -78.045585119806958, 39.284223057863151 ], [ -78.045654341287815, 39.284223536931115 ], [ -78.045722397653734, 39.284228653710812 ], [ -78.045728479248211, 39.284229540229873 ], [ -78.046200843967327, 39.284268244598557 ], [ -78.046265899061879, 39.284288886919796 ], [ -78.046272662477662, 39.284291033337055 ], [ -78.046320695395906, 39.284306275192115 ], [ -78.046371940689596, 39.284328168361426 ], [ -78.046420858448386, 39.284359336234971 ], [ -78.046462532192734, 39.284394254583056 ], [ -78.046496963719264, 39.284432923400075 ], [ -78.046537475043635, 39.28447248010233 ], [ -78.046579149686295, 39.284507398394013 ], [ -78.046620824328954, 39.284542316668272 ], [ -78.046669742087758, 39.28457348514182 ], [ -78.046719824063146, 39.284600014524131 ], [ -78.046769905140238, 39.284626544591617 ], [ -78.046819987115654, 39.284653075344401 ], [ -78.046870068192746, 39.284679605391837 ], [ -78.04692506844431, 39.284711659621983 ], [ -78.046975150419726, 39.2847381896472 ], [ -78.047024069076826, 39.284769356643011 ], [ -78.047074151950568, 39.284795887341673 ], [ -78.047125396345933, 39.284817779662617 ], [ -78.047183884755768, 39.28483592081686 ], [ -78.047233967629495, 39.284862450795025 ], [ -78.047268397359389, 39.284901120048843 ], [ -78.047310072900359, 39.284936038822117 ], [ -78.047343341108601, 39.284979345002021 ], [ -78.047385016649571, 39.285014263041006 ], [ -78.047445830797699, 39.285023129522386 ], [ -78.047504052407874, 39.285017196517067 ], [ -78.04756602807764, 39.285021425339153 ], [ -78.047626843124064, 39.285030291124301 ], [ -78.047685331533899, 39.285048433614065 ], [ -78.047752227276462, 39.285058185904404 ], [ -78.047810716584607, 39.285076326996382 ], [ -78.047859636140061, 39.285107494536966 ], [ -78.047908555695471, 39.285138661368435 ], [ -78.047956313729244, 39.2851744665304 ], [ -78.047997988371904, 39.285209384472097 ], [ -78.048058803418328, 39.285218250233463 ], [ -78.048119617566428, 39.285227116689001 ], [ -78.04817524574041, 39.285206384255396 ], [ -78.048230872117728, 39.28518565181561 ], [ -78.048286500291709, 39.28516491936972 ], [ -78.048343289987329, 39.285139549266589 ], [ -78.048398918161311, 39.285118817502337 ], [ -78.048454545436954, 39.285098085036672 ], [ -78.048516254307089, 39.285078239073172 ], [ -78.048573044901033, 39.285052868938642 ], [ -78.048632428032889, 39.285042297583004 ], [ -78.048693241282663, 39.285051163365509 ], [ -78.048760137923566, 39.285060915655464 ], [ -78.048819790550013, 39.285074419091302 ], [ -78.048879441379825, 39.285087922524589 ], [ -78.048940256426235, 39.285096788301331 ], [ -78.048999908154371, 39.285110291034933 ], [ -78.049066803896949, 39.285120042621351 ], [ -78.049072885491427, 39.285120929824437 ], [ -78.049547239978892, 39.285190080178467 ], [ -78.04961413572147, 39.285199831753793 ], [ -78.04967495076788, 39.285208697516367 ], [ -78.049735765814305, 39.285217562582517 ], [ -78.049797743280692, 39.285221790697179 ], [ -78.049859719848783, 39.285226018116326 ], [ -78.04992169731517, 39.285230245535161 ], [ -78.049982512361595, 39.285239110598617 ], [ -78.050043327408019, 39.285247976356224 ], [ -78.050049408104186, 39.285248862167066 ], [ -78.050904929444783, 39.285306272977913 ], [ -78.050966906911214, 39.285310499696642 ], [ -78.051030045899253, 39.28531008947062 ], [ -78.051490540280199, 39.285333949324539 ], [ -78.051551354428312, 39.285342813679513 ], [ -78.051612169474708, 39.285351678033365 ], [ -78.051672985419458, 39.285360542386144 ], [ -78.051733800465868, 39.285369406737757 ], [ -78.051794614613968, 39.285378270392982 ], [ -78.05185659297868, 39.285382497107378 ], [ -78.05192465203956, 39.285387610325913 ], [ -78.051986628607636, 39.285391837039747 ], [ -78.05205352614685, 39.285401587891656 ], [ -78.052115504511562, 39.285405813909328 ], [ -78.052182400254139, 39.285415564759255 ], [ -78.052245540140518, 39.285415153838585 ], [ -78.052251622633293, 39.285416040342632 ], [ -78.052619730677179, 39.285431236063303 ], [ -78.052677952287368, 39.285425301006633 ], [ -78.052741091275422, 39.28542489008597 ], [ -78.052803069640134, 39.285429116102243 ], [ -78.052863884686573, 39.285437979749915 ], [ -78.052923538211303, 39.285451481722497 ], [ -78.05298318993944, 39.285464982997141 ], [ -78.053042843464212, 39.285478483573954 ], [ -78.053094090554509, 39.285500373595632 ], [ -78.05315258076098, 39.285518512487137 ], [ -78.053202665431328, 39.285545039425571 ], [ -78.053258831696155, 39.28557245355131 ], [ -78.05330659152655, 39.285608256405638 ], [ -78.053367407471285, 39.285617120030636 ], [ -78.053434304112187, 39.285626869460593 ], [ -78.053496282476885, 39.285631096159968 ], [ -78.053554503188778, 39.285625159729683 ], [ -78.053612723900656, 39.285619223994154 ], [ -78.053672107032511, 39.285608651333419 ], [ -78.053731490164367, 39.285598077975784 ], [ -78.053790873296222, 39.285587503921256 ], [ -78.05385141974638, 39.285572293633336 ], [ -78.053920641227236, 39.285572768520282 ], [ -78.053981457171957, 39.28558163145447 ], [ -78.054042272218382, 39.285590494387527 ], [ -78.05410049293026, 39.285584558649113 ], [ -78.05416220090207, 39.285564710042287 ], [ -78.054222746453902, 39.285549498358755 ], [ -78.054283291107424, 39.285534287367263 ], [ -78.054344999079234, 39.285514438746191 ], [ -78.054406706152733, 39.285494590119505 ], [ -78.054468414124543, 39.285474741487121 ], [ -78.054527796358087, 39.28546416741402 ], [ -78.054586017069965, 39.285458230969574 ], [ -78.054644238680169, 39.285452295219891 ], [ -78.0547085400882, 39.2854472452781 ], [ -78.054771680872889, 39.285446832271681 ], [ -78.054842065672034, 39.285442668833248 ], [ -78.054902879820133, 39.285451531088576 ], [ -78.054962533344892, 39.285465031667918 ], [ -78.055021025347983, 39.285483169873316 ], [ -78.055078354032773, 39.285505945005866 ], [ -78.055141764312054, 39.285529606633609 ], [ -78.055162448021477, 39.285538441066116 ], [ -78.055193011402395, 39.285551495944063 ], [ -78.055244258492721, 39.285573385942925 ], [ -78.055244889110057, 39.285573654327074 ], [ -78.055295506481372, 39.285595274544335 ], [ -78.055346753571683, 39.285617163834203 ], [ -78.055398002458645, 39.285639053117293 ], [ -78.055449250447296, 39.28566094169819 ], [ -78.055500497537622, 39.285682830967588 ], [ -78.055550583106296, 39.285709356453161 ], [ -78.055601831094947, 39.285731245707375 ], [ -78.055649591823638, 39.285767047089919 ], [ -78.05569851497232, 39.285798212237331 ], [ -78.055746276599365, 39.285834013585642 ], [ -78.055787956631917, 39.285868929112667 ], [ -78.055822391751704, 39.285907595724922 ], [ -78.055864072682553, 39.285942511215204 ], [ -78.05591299583125, 39.285973674893924 ], [ -78.055970326312689, 39.28599645056223 ], [ -78.056024168635886, 39.286033137610168 ], [ -78.056058604653984, 39.286071804827081 ], [ -78.056099123164856, 39.286111357822591 ], [ -78.056148047211863, 39.286142521426179 ], [ -78.056199295200514, 39.286164410545005 ], [ -78.056257787203606, 39.286182548569286 ], [ -78.056318603148341, 39.286191410035748 ], [ -78.056380581513054, 39.286195634615169 ], [ -78.056552728365901, 39.286062089528343 ], [ -78.056604597090399, 39.286031192185476 ], [ -78.056639381654833, 39.285992998439745 ], [ -78.056674168015888, 39.285954804673132 ], [ -78.05672603584209, 39.285923906587691 ], [ -78.056771822972109, 39.285892123381139 ], [ -78.056832367625631, 39.285876911073458 ], [ -78.056893184468677, 39.285885773273854 ], [ -78.056944432457328, 39.285907661777664 ], [ -78.056993356504321, 39.285938824776608 ], [ -78.057035036536888, 39.285973739556056 ], [ -78.057062230337166, 39.286016157902601 ], [ -78.057050609730652, 39.286062533819184 ], [ -78.056933004090283, 39.286079046280207 ], [ -78.056964031001883, 39.286073520804685 ], [ -78.056899159163635, 39.286006752696089 ], [ -78.056865547798949, 39.285972161939029 ], [ -78.056831561836816, 39.28596886834189 ], [ -78.056630897965292, 39.286102322523412 ], [ -78.0566021931987, 39.286141402009143 ], [ -78.056556584833402, 39.286173789309345 ], [ -78.056483688344727, 39.286229820603516 ], [ -78.056466122687652, 39.286243323118725 ], [ -78.056445807170292, 39.28625893898262 ], [ -78.056444358482111, 39.286258617709876 ], [ -78.05642010047977, 39.286255191010596 ], [ -78.056376366224029, 39.28624549207801 ], [ -78.056372980087076, 39.286244452755611 ], [ -78.056356988868728, 39.286243436001264 ], [ -78.056312241822752, 39.286237115022907 ], [ -78.056268507591781, 39.286227416140704 ], [ -78.056226207249182, 39.286214432528894 ], [ -78.056185748119418, 39.28619828944516 ], [ -78.056170798588496, 39.286190801798824 ], [ -78.056167988373986, 39.286189939197619 ], [ -78.056127529388434, 39.286173796097557 ], [ -78.056089301334538, 39.286154648878203 ], [ -78.056053672422408, 39.286132681985499 ], [ -78.056049172653417, 39.28612929891883 ], [ -78.056031992875447, 39.286129519723886 ], [ -78.056022129074236, 39.286129270112511 ], [ -78.055976800429974, 39.286126387890235 ], [ -78.055948669553274, 39.286122414018124 ], [ -78.055948514319269, 39.286108638541833 ] ] ] } },
{ "type": "Feature", "properties": { "Wetlands.OBJECTID": 14456792, "Wetlands.ATTRIBUTE": "PUBHh", "Wetlands.WETLAND_TYPE": "Freshwater Pond", "Wetlands.ACRES": 2.2016882234997146, "Wetlands.GLOBALID": "{E30DE426-15DD-4C53-9150-D8CA97B317C1}", "Wetlands.Shape_Length": 682.80770344203199, "Wetlands.Shape_Area": 14893.684753395244, "NWI_Wetland_Codes.OBJECTID": 5472, "NWI_Wetland_Codes.ATTRIBUTE": "PUBHh", "NWI_Wetland_Codes.SYSTEM": "P", "NWI_Wetland_Codes.SYSTEM_NAME": "Palustrine", "NWI_Wetland_Codes.SYSTEM_DEFINITION": "The Palustrine System includes all nontidal wetlands dominated by trees, shrubs, persistent emergents, emergent mosses or lichens, and all such wetlands that occur in tidal areas where salinity due to ocean-derived salts is below 0.5 ppt. It also includes wetlands lacking such vegetation, but with all of the following four characteristics: (1) area less than 8 ha (20 acres); (2) active wave-formed or bedrock shoreline features lacking; (3) water depth in the deepest part of basin less than 2.5 m (8.2 ft) at low water; and (4) salinity due to ocean-derived salts less than 0.5 ppt.", "NWI_Wetland_Codes.SUBSYSTEM": null, "NWI_Wetland_Codes.SUBSYSTEM_NAME": null, "NWI_Wetland_Codes.SUBSYSTEM_DEFINITION": null, "NWI_Wetland_Codes.CLASS": "UB", "NWI_Wetland_Codes.CLASS_NAME": "Unconsolidated Bottom", "NWI_Wetland_Codes.CLASS_DEFINITION": "Includes all wetlands and deepwater habitats with at least 25% cover of particles smaller than stones (less than 6-7 cm), and a vegetative cover less than 30%.", "NWI_Wetland_Codes.SUBCLASS": null, "NWI_Wetland_Codes.SUBCLASS_NAME": null, "NWI_Wetland_Codes.SUBCLASS_DEFINITION": null, "NWI_Wetland_Codes.SPLIT_CLASS": null, "NWI_Wetland_Codes.SPLIT_CLASS_NAME": null, "NWI_Wetland_Codes.SPLIT_CLASS_DEFINITION": null, "NWI_Wetland_Codes.SPLIT_SUBCLASS": null, "NWI_Wetland_Codes.SPLIT_SUBCLASS_NAME": null, "NWI_Wetland_Codes.SPLIT_SUBCLASS_DEFINITION": null, "NWI_Wetland_Codes.WATER_REGIME": "H", "NWI_Wetland_Codes.WATER_REGIME_NAME": "Permanently Flooded", "NWI_Wetland_Codes.WATER_REGIME_SUBGROUP": "Nontidal", "NWI_Wetland_Codes.WATER_REGIME_DEFINITION": "Water covers the substrate throughout the year in all years.", "NWI_Wetland_Codes.MODIFIER1": "h", "NWI_Wetland_Codes.MODIFIER1_NAME": "Diked/Impounded", "NWI_Wetland_Codes.MODIFIER1_GROUP": "Special Modifier", "NWI_Wetland_Codes.MODIFIER1_SUBGROUP": null, "NWI_Wetland_Codes.MODIFIER1_DEFINITION": "These wetlands have been created or modified by a man-made barrier or dam that obstructs the inflow or outflow of water.", "NWI_Wetland_Codes.MODIFIER2": null, "NWI_Wetland_Codes.MODIFIER2_NAME": null, "NWI_Wetland_Codes.MODIFIER2_GROUP": null, "NWI_Wetland_Codes.MODIFIER2_SUBGROUP": null, "NWI_Wetland_Codes.MODIFIER2_DEFINITION": null, "NWI_Wetland_Codes.Field1": null }, "geometry": { "type": "Polygon", "coordinates": [ [ [ -78.06935222816459, 39.288013006840757 ], [ -78.069293730771619, 39.287994874852686 ], [ -78.069243638914728, 39.287968354404363 ], [ -78.069183980898401, 39.287954860564994 ], [ -78.069123161360409, 39.287946004883871 ], [ -78.069063778228553, 39.287956585534999 ], [ -78.06899831350222, 39.287966280408064 ], [ -78.068938930370365, 39.287976861056187 ], [ -78.068876949310706, 39.28797264284163 ], [ -78.068816130671024, 39.287963787162731 ], [ -78.068755311133017, 39.287954931482751 ], [ -78.068695928001176, 39.287965510742005 ], [ -78.068636545767632, 39.287976092085486 ], [ -78.068572241664654, 39.287981148797684 ], [ -78.068510536387777, 39.288001004367636 ], [ -78.068464752851, 39.288032793569826 ], [ -78.068398126603014, 39.288047125195959 ], [ -78.068337581949493, 39.288062343289688 ], [ -78.068274439368182, 39.288062762538097 ], [ -78.068213619830189, 39.288053906870623 ], [ -78.068153962712145, 39.288040412352487 ], [ -78.0680954662175, 39.28802228106678 ], [ -78.068034646679493, 39.288013424698953 ], [ -78.067974988663153, 39.287999930172958 ], [ -78.067914170023485, 39.287991073802246 ], [ -78.067853350485478, 39.287982217430432 ], [ -78.0677925309475, 39.287973361057531 ], [ -78.067731711409508, 39.287964504683458 ], [ -78.067680458929274, 39.287942620298828 ], [ -78.067672666044189, 39.287898224373201 ], [ -78.067676908787263, 39.287795286400716 ], [ -78.067704007366117, 39.287726930536444 ], [ -78.067762858695332, 39.28771427723737 ], [ -78.067827161900013, 39.287709220505945 ], [ -78.067868024465653, 39.287671909283858 ], [ -78.067929729742531, 39.287652054315842 ], [ -78.067989112874372, 39.287641473618706 ], [ -78.068034895512824, 39.287609686324679 ], [ -78.068080678151276, 39.287577897625724 ], [ -78.068131380862553, 39.287551633576371 ], [ -78.068189602472742, 39.287545691051335 ], [ -78.068252745054053, 39.287545271799814 ], [ -78.068310965765946, 39.287539329274288 ], [ -78.06837294592728, 39.287543548210252 ], [ -78.06843984705975, 39.287553289723967 ], [ -78.068500665699432, 39.28756214615003 ], [ -78.068562646759091, 39.287566364389342 ], [ -78.06862462781875, 39.287570581933082 ], [ -78.068685445560106, 39.287579438356957 ], [ -78.068746265098113, 39.287588294084451 ], [ -78.068807083737795, 39.287597150506073 ], [ -78.068867903275788, 39.287606006231321 ], [ -78.068931044060477, 39.287605586980156 ], [ -78.068986668641188, 39.287584845516761 ], [ -78.069047212396384, 39.287569626623984 ], [ -78.069111515601051, 39.287564569186841 ], [ -78.069180738878543, 39.287565035021679 ], [ -78.069243880561544, 39.287564615770286 ], [ -78.069307023142869, 39.287564195823649 ], [ -78.069367840884226, 39.287573051553046 ], [ -78.069428660422219, 39.287581907281336 ], [ -78.069486882032422, 39.28757596406362 ], [ -78.069546264265966, 39.287565383354988 ], [ -78.069610567470633, 39.287560325917489 ], [ -78.069672548530278, 39.287564543461606 ], [ -78.06973076924217, 39.28755860024242 ], [ -78.069788989954048, 39.287552657022744 ], [ -78.069848647970389, 39.287566150939625 ], [ -78.069899901348919, 39.287588034051318 ], [ -78.069949994104107, 39.287614553948409 ], [ -78.070001247482651, 39.287636437044988 ], [ -78.070070200367212, 39.287619021093128 ], [ -78.070152245298743, 39.287672313238573 ], [ -78.070262136207461, 39.28774369220843 ], [ -78.070361445860442, 39.287808199717468 ], [ -78.070262986912027, 39.28779952409365 ], [ -78.070256904419224, 39.287798638315024 ], [ -78.070196084881246, 39.287789783309435 ], [ -78.070136427763245, 39.287776290130935 ], [ -78.070075608225224, 39.287767434427231 ], [ -78.070014788687246, 39.287758579417634 ], [ -78.069959165903157, 39.287779321524873 ], [ -78.069930468323079, 39.287818404246501 ], [ -78.069889605757453, 39.287855716781067 ], [ -78.069827900480576, 39.287875573081905 ], [ -78.069764758797575, 39.287875993026681 ], [ -78.069706537187372, 39.28788193621893 ], [ -78.069645993432175, 39.287897154348542 ], [ -78.06960513176486, 39.287934466145934 ], [ -78.069587436750382, 39.287979958492294 ], [ -78.069575823330396, 39.288026335889548 ], [ -78.069572035190006, 39.288028592961396 ], [ -78.069559394870822, 39.288028756886945 ], [ -78.069549530683389, 39.288028508411543 ], [ -78.069534758081019, 39.288027570826358 ], [ -78.06951993846927, 39.288027762989053 ], [ -78.069480482069693, 39.28802676907781 ], [ -78.069435151209049, 39.288023892034012 ], [ -78.069431252744096, 39.288023341779727 ], [ -78.069427316488685, 39.288023694671857 ], [ -78.069381841137172, 39.288024284242745 ], [ -78.069378440997937, 39.288024198589333 ], [ -78.06935222816459, 39.288013006840757 ] ] ] } },
{ "type": "Feature", "properties": { "Wetlands.OBJECTID": 14456793, "Wetlands.ATTRIBUTE": "PUBHh", "Wetlands.WETLAND_TYPE": "Freshwater Pond", "Wetlands.ACRES": 0.24140111365733441, "Wetlands.GLOBALID": "{CFD95649-A56E-457D-9469-48A8041AA40C}", "Wetlands.Shape_Length": 162.25866247106615, "Wetlands.Shape_Area": 1633.1429976836607, "NWI_Wetland_Codes.OBJECTID": 5472, "NWI_Wetland_Codes.ATTRIBUTE": "PUBHh", "NWI_Wetland_Codes.SYSTEM": "P", "NWI_Wetland_Codes.SYSTEM_NAME": "Palustrine", "NWI_Wetland_Codes.SYSTEM_DEFINITION": "The Palustrine System includes all nontidal wetlands dominated by trees, shrubs, persistent emergents, emergent mosses or lichens, and all such wetlands that occur in tidal areas where salinity due to ocean-derived salts is below 0.5 ppt. It also includes wetlands lacking such vegetation, but with all of the following four characteristics: (1) area less than 8 ha (20 acres); (2) active wave-formed or bedrock shoreline features lacking; (3) water depth in the deepest part of basin less than 2.5 m (8.2 ft) at low water; and (4) salinity due to ocean-derived salts less than 0.5 ppt.", "NWI_Wetland_Codes.SUBSYSTEM": null, "NWI_Wetland_Codes.SUBSYSTEM_NAME": null, "NWI_Wetland_Codes.SUBSYSTEM_DEFINITION": null, "NWI_Wetland_Codes.CLASS": "UB", "NWI_Wetland_Codes.CLASS_NAME": "Unconsolidated Bottom", "NWI_Wetland_Codes.CLASS_DEFINITION": "Includes all wetlands and deepwater habitats with at least 25% cover of particles smaller than stones (less than 6-7 cm), and a vegetative cover less than 30%.", "NWI_Wetland_Codes.SUBCLASS": null, "NWI_Wetland_Codes.SUBCLASS_NAME": null, "NWI_Wetland_Codes.SUBCLASS_DEFINITION": null, "NWI_Wetland_Codes.SPLIT_CLASS": null, "NWI_Wetland_Codes.SPLIT_CLASS_NAME": null, "NWI_Wetland_Codes.SPLIT_CLASS_DEFINITION": null, "NWI_Wetland_Codes.SPLIT_SUBCLASS": null, "NWI_Wetland_Codes.SPLIT_SUBCLASS_NAME": null, "NWI_Wetland_Codes.SPLIT_SUBCLASS_DEFINITION": null, "NWI_Wetland_Codes.WATER_REGIME": "H", "NWI_Wetland_Codes.WATER_REGIME_NAME": "Permanently Flooded", "NWI_Wetland_Codes.WATER_REGIME_SUBGROUP": "Nontidal", "NWI_Wetland_Codes.WATER_REGIME_DEFINITION": "Water covers the substrate throughout the year in all years.", "NWI_Wetland_Codes.MODIFIER1": "h", "NWI_Wetland_Codes.MODIFIER1_NAME": "Diked/Impounded", "NWI_Wetland_Codes.MODIFIER1_GROUP": "Special Modifier", "NWI_Wetland_Codes.MODIFIER1_SUBGROUP": null, "NWI_Wetland_Codes.MODIFIER1_DEFINITION": "These wetlands have been created or modified by a man-made barrier or dam that obstructs the inflow or outflow of water.", "NWI_Wetland_Codes.MODIFIER2": null, "NWI_Wetland_Codes.MODIFIER2_NAME": null, "NWI_Wetland_Codes.MODIFIER2_GROUP": null, "NWI_Wetland_Codes.MODIFIER2_SUBGROUP": null, "NWI_Wetland_Codes.MODIFIER2_DEFINITION": null, "NWI_Wetland_Codes.Field1": null }, "geometry": { "type": "Polygon", "coordinates": [ [ [ -78.074853522642627, 39.290725825854658 ], [ -78.075106702924003, 39.290890255175285 ], [ -78.075054968946787, 39.290955294427206 ], [ -78.075006535379927, 39.291073221326428 ], [ -78.074972365263164, 39.291138492618721 ], [ -78.07488135424677, 39.29117036313027 ], [ -78.07481677076774, 39.291151348309242 ], [ -78.074762914969838, 39.291114668809151 ], [ -78.07473496748301, 39.291072409980003 ], [ -78.074719131981198, 39.291048467261703 ], [ -78.074719955736299, 39.291021727578205 ], [ -78.074720488437265, 39.291004429964126 ], [ -78.074853522642627, 39.290725825854658 ] ] ] } },
{ "type": "Feature", "properties": { "Wetlands.OBJECTID": 14456979, "Wetlands.ATTRIBUTE": "R5UBH", "Wetlands.WETLAND_TYPE": "Riverine", "Wetlands.ACRES": 0.6594671519689983, "Wetlands.GLOBALID": "{A8B913DD-E89F-47B3-A9FE-53AAA38FCF7D}", "Wetlands.Shape_Length": 893.5235666580337, "Wetlands.Shape_Area": 4461.0819854485098, "NWI_Wetland_Codes.OBJECTID": 6031, "NWI_Wetland_Codes.ATTRIBUTE": "R5UBH", "NWI_Wetland_Codes.SYSTEM": "R", "NWI_Wetland_Codes.SYSTEM_NAME": "Riverine", "NWI_Wetland_Codes.SYSTEM_DEFINITION": "The Riverine System includes all wetlands and deepwater habitats contained within a channel, with two exceptions: (1) wetlands dominated by trees, shrubs, persistent emergents, emergent mosses, or lichens, and (2) habitats with water containing ocean-derived salts of 0.5 ppt or greater. A channel is an open conduit either naturally or artificially created which periodically or continuously contains moving water, or which forms a connecting link between two bodies of standing water.", "NWI_Wetland_Codes.SUBSYSTEM": "5", "NWI_Wetland_Codes.SUBSYSTEM_NAME": "Unknown Perennial", "NWI_Wetland_Codes.SUBSYSTEM_DEFINITION": "This Subsystem designation was created specifically for use when the distinction between lower perennial, upper perennial, and tidal cannot be made from aerial photography and no data is available.", "NWI_Wetland_Codes.CLASS": "UB", "NWI_Wetland_Codes.CLASS_NAME": "Unconsolidated Bottom", "NWI_Wetland_Codes.CLASS_DEFINITION": "Includes all wetlands and deepwater habitats with at least 25% cover of particles smaller than stones (less than 6-7 cm), and a vegetative cover less than 30%.", "NWI_Wetland_Codes.SUBCLASS": null, "NWI_Wetland_Codes.SUBCLASS_NAME": null, "NWI_Wetland_Codes.SUBCLASS_DEFINITION": null, "NWI_Wetland_Codes.SPLIT_CLASS": null, "NWI_Wetland_Codes.SPLIT_CLASS_NAME": null, "NWI_Wetland_Codes.SPLIT_CLASS_DEFINITION": null, "NWI_Wetland_Codes.SPLIT_SUBCLASS": null, "NWI_Wetland_Codes.SPLIT_SUBCLASS_NAME": null, "NWI_Wetland_Codes.SPLIT_SUBCLASS_DEFINITION": null, "NWI_Wetland_Codes.WATER_REGIME": "H", "NWI_Wetland_Codes.WATER_REGIME_NAME": "Permanently Flooded", "NWI_Wetland_Codes.WATER_REGIME_SUBGROUP": "Nontidal", "NWI_Wetland_Codes.WATER_REGIME_DEFINITION": "Water covers the substrate throughout the year in all years.", "NWI_Wetland_Codes.MODIFIER1": null, "NWI_Wetland_Codes.MODIFIER1_NAME": null, "NWI_Wetland_Codes.MODIFIER1_GROUP": null, "NWI_Wetland_Codes.MODIFIER1_SUBGROUP": null, "NWI_Wetland_Codes.MODIFIER1_DEFINITION": null, "NWI_Wetland_Codes.MODIFIER2": null, "NWI_Wetland_Codes.MODIFIER2_NAME": null, "NWI_Wetland_Codes.MODIFIER2_GROUP": null, "NWI_Wetland_Codes.MODIFIER2_SUBGROUP": null, "NWI_Wetland_Codes.MODIFIER2_DEFINITION": null, "NWI_Wetland_Codes.Field1": null }, "geometry": { "type": "Polygon", "coordinates": [ [ [ -78.070455890237824, 39.287672313238573 ], [ -78.070463982261899, 39.287672894488374 ], [ -78.070774873910366, 39.287716274065659 ], [ -78.070976197145328, 39.287723463898402 ], [ -78.070978893887826, 39.287723622421005 ], [ -78.071344001558657, 39.287752830891698 ], [ -78.071347895755395, 39.287753268219092 ], [ -78.071355040056872, 39.287754763753632 ], [ -78.071559081593861, 39.287811051729463 ], [ -78.071814086353555, 39.287811053815275 ], [ -78.071815329621899, 39.287811072587672 ], [ -78.072100112634971, 39.287818375045013 ], [ -78.072107338683097, 39.287818991057257 ], [ -78.072114350932196, 39.287820453217265 ], [ -78.072120983193969, 39.287822726066089 ], [ -78.072286981078676, 39.287891892524883 ], [ -78.07243530281356, 39.287898341178966 ], [ -78.072619906604444, 39.28785048137464 ], [ -78.072755014121483, 39.287793592714067 ], [ -78.072761422702726, 39.287791356713868 ], [ -78.07276819599997, 39.287789879952463 ], [ -78.072775187587823, 39.287789194412568 ], [ -78.072957742321563, 39.287781892647459 ], [ -78.072964535381729, 39.28778199902434 ], [ -78.072971238610393, 39.28778285073475 ], [ -78.073168397255685, 39.287819361638014 ], [ -78.07317140301862, 39.28782000128956 ], [ -78.073331264511637, 39.287858367857247 ], [ -78.073412509044246, 39.287812666849824 ], [ -78.073423559220558, 39.287737694773071 ], [ -78.073423561017194, 39.287579979976833 ], [ -78.073331737923795, 39.287469389319376 ], [ -78.073393185384163, 39.287430815345985 ], [ -78.07339906216275, 39.287419861946695 ], [ -78.073403756758424, 39.28742340090858 ], [ -78.073407698565887, 39.287427437688834 ], [ -78.073509854081692, 39.287550566327539 ], [ -78.073512978422258, 39.287554991064489 ], [ -78.073515254753175, 39.287559705731304 ], [ -78.073516639057019, 39.287564616465573 ], [ -78.07351710348604, 39.287569627319264 ], [ -78.07351716457147, 39.287739949547387 ], [ -78.073516875313942, 39.287743682474584 ], [ -78.073503251464345, 39.287836123983197 ], [ -78.07350176475255, 39.28784188293141 ], [ -78.073499059026929, 39.28784737976116 ], [ -78.073495210644253, 39.287852464293557 ], [ -78.07349032111415, 39.287856998169303 ], [ -78.073484524285618, 39.287860859715806 ], [ -78.073367690298099, 39.287926579671911 ], [ -78.073361468566418, 39.287929534579391 ], [ -78.073354720422017, 39.287931712867575 ], [ -78.073347609358223, 39.287933062391119 ], [ -78.073340306953284, 39.28793354699593 ], [ -78.073332996463492, 39.287933157643437 ], [ -78.073325853958679, 39.287931901981636 ], [ -78.073144805699698, 39.287888450924854 ], [ -78.072955802858843, 39.287853449495536 ], [ -78.072790838935035, 39.28786004763689 ], [ -78.072661524653228, 39.287914496532352 ], [ -78.072654127026865, 39.287917001599119 ], [ -78.072456808481462, 39.287968159032914 ], [ -78.072451017042823, 39.287969351424344 ], [ -78.072445073788913, 39.287969967435245 ], [ -78.072439078432694, 39.287970000113056 ], [ -78.072271125813913, 39.287962697671524 ], [ -78.072264278854817, 39.287962013523874 ], [ -78.072257637609923, 39.287960563186445 ], [ -78.072251348504622, 39.287958384899099 ], [ -78.072085856371416, 39.287889429868869 ], [ -78.071812977832494, 39.287882433339014 ], [ -78.071550547598648, 39.287882431948447 ], [ -78.071542101638357, 39.287881799945481 ], [ -78.071534955540258, 39.287880305804165 ], [ -78.071328558620579, 39.287823365717614 ], [ -78.070970492843287, 39.287794719752711 ], [ -78.070767359503023, 39.287787466657349 ], [ -78.070761125194949, 39.287786922257993 ], [ -78.070451316016388, 39.287743691513136 ], [ -78.070262136207461, 39.28774369220843 ], [ -78.070152245298743, 39.287672312543343 ], [ -78.070455890237824, 39.287672313238573 ] ] ] } }
]
}
